Customer ID,Recency,Frequency,Monetary,Cluster,Segment,CLV,predicted_avg_value
12346,321,12,77556.46,3,Champions,5993.409865806574,11084.792454415106
12347,35,7,5408.5,3,Champions,992.3547870517937,802.8364890406409
12348,71,5,2019.4,2,At-Risk,359.9424589635705,453.41283228343667
12349,14,4,4428.69,3,Champions,546.3593045656825,1127.8675349854939
12350,305,1,334.4,0,Lost / Hibernating,,
12351,370,1,300.93,0,Lost / Hibernating,,
12352,31,10,2849.84,3,Champions,562.7866754705972,340.1652985409986
12353,199,2,406.76,0,Lost / Hibernating,27.56254129201879,101.75041788486733
12354,228,1,1079.4,0,Lost / Hibernating,,
12355,209,2,947.61,2,At-Risk,99.31283114303983,476.04695716504807
12356,18,6,6373.68,3,Champions,1108.1622261480527,1097.270816787923
12357,28,3,18287.66,3,Champions,1921.6184596821827,6284.787691096162
12358,146,4,3203.87,2,At-Risk,232.10194149643354,597.3164697257563
12359,53,10,8935.94,3,Champions,960.0237495629705,910.7135518706684
12360,47,8,4252.89,3,Champions,549.6089883622119,593.2510123637575
12361,282,4,511.25,2,At-Risk,52.93519451206767,138.39396272714478
12362,31,10,4827.19,3,Champions,551.561594639875,523.8149151044215
12363,105,2,552.0,0,Lost / Hibernating,114.94009459727988,267.37461547671836
12364,3,4,1313.1,1,New / Promising,424.9036978192785,234.4372425138133
12365,286,2,641.38,0,Lost / Hibernating,,
12366,629,1,500.24,0,Lost / Hibernating,,
12368,623,1,917.6999999999999,0,Lost / Hibernating,,
12369,409,3,1791.15,2,At-Risk,181.14610190177515,731.0658903886908
12370,46,7,4320.31,3,Champions,506.41270135960315,755.380981634581
12371,40,5,4067.38,2,At-Risk,516.1257869866977,1161.1597288947585
12372,67,3,1298.04,2,At-Risk,283.7696450822355,457.6376554050423
12373,307,3,1127.65,2,At-Risk,98.61450764428598,352.55568799997366
12374,20,4,2989.2200000000003,1,New / Promising,282.77192037573235,810.403856404332
12375,6,2,457.5,1,New / Promising,208.08197679913917,241.40425624480523
12376,385,2,503.15,0,Lost / Hibernating,13.102202905452803,83.15685329859485
12377,310,4,3426.32,2,At-Risk,294.56183642845,744.9353888057985
12378,125,2,5416.32,2,At-Risk,879.2382957382108,4062.604093082983
12379,77,4,1620.22,2,At-Risk,220.8497832641658,422.94471563252216
12380,17,11,9676.300000000001,3,Champions,880.1681085978397,954.3752139770087
12381,28,4,1698.3,1,New / Promising,252.35302752095328,147.59589435021186
12383,180,5,1850.56,2,At-Risk,249.44281508752576,316.205740535043
12384,24,2,585.27,1,New / Promising,229.08400989310212,307.4720417149408
12385,374,1,1938.4,2,At-Risk,,
12386,333,2,660.8,0,Lost / Hibernating,30.319138219018896,156.31848786631917
12387,410,1,143.94,0,Lost / Hibernating,,
12388,11,8,3901.11,3,Champions,512.2176156451584,493.76019389631574
12389,398,3,1433.33,2,At-Risk,162.7914167592731,643.4347571937145
12390,75,1,549.84,1,New / Promising,,
12391,17,6,2773.42,3,Champions,289.5356242834587,519.5324134531639
12392,586,1,234.75000000000003,0,Lost / Hibernating,,
12393,67,6,2399.4500000000003,2,At-Risk,416.5676723826209,422.34758612003515
12394,59,2,1272.48,1,New / Promising,440.49057001198787,912.5915170166628
12395,14,15,5067.27,3,Champions,548.1357340354492,304.3607424735619
12396,669,1,931.43,0,Lost / Hibernating,,
12397,31,2,2409.9,1,New / Promising,840.8283916478007,1219.4762794734609
12398,41,1,1635.6599999999999,1,New / Promising,,
12399,115,7,1962.3,2,At-Risk,236.38328446042726,295.1806808266861
12400,409,1,205.25,0,Lost / Hibernating,,
12401,298,1,84.3,0,Lost / Hibernating,,
12402,318,6,1256.9,2,At-Risk,107.15124276671293,215.82759911397886
12403,45,2,1019.36,1,New / Promising,104.66249114994105,444.01347904630694
12404,677,1,63.24,0,Lost / Hibernating,,
12405,144,1,1710.39,2,At-Risk,,
12406,17,5,6390.36,3,Champions,735.6408896941056,1383.8142718206989
12407,45,5,1708.1200000000001,2,At-Risk,456.0521712244291,374.3520707209991
12408,28,8,4340.7699999999995,3,Champions,716.5162922158314,694.2647783598541
12409,74,7,23419.29,3,Champions,2531.8167070997843,2776.233765333419
12410,304,3,1013.71,2,At-Risk,151.7902115939728,712.4378573643263
12411,405,1,346.9,0,Lost / Hibernating,,
12412,70,6,2596.93,2,At-Risk,313.7143502122885,388.35681529541756
12413,62,4,999.45,2,At-Risk,172.5535341088187,257.4905732103521
12414,212,6,952.41,2,At-Risk,102.01932043775996,192.03343037800033
12415,19,28,144458.37,3,Champions,21775.132939835523,6464.118844646012
12416,652,1,202.56,0,Lost / Hibernating,,
12417,34,19,6447.18,3,Champions,701.1536468760581,341.8516635496509
12418,108,4,2021.2,2,At-Risk,252.93776170259767,564.9441344847373
12419,381,2,503.01,0,Lost / Hibernating,31.00420332581385,193.80877298320553
12420,59,1,600.39,1,New / Promising,,
12421,11,6,1098.6,1,New / Promising,179.45234279957967,206.92907184621342
12422,91,17,5231.8,3,Champions,594.1022883636224,397.8948746566844
12423,96,9,2413.75,2,At-Risk,366.6778581583967,266.17651786513704
12424,158,4,3340.03,2,At-Risk,523.410392704338,1460.1910964719973
12425,73,2,1741.41,2,At-Risk,212.88534584385843,797.190154204037
12426,190,2,1345.21,2,At-Risk,110.75236052293168,600.6743658837973
12427,17,3,1129.3,1,New / Promising,140.4393209802215,268.39260653453744
12428,21,9,7956.46,3,Champions,837.4756817918723,500.69058411931155
12429,4,8,7485.91,3,Champions,988.1529869556082,1220.5895738403724
12430,38,1,256.4,1,New / Promising,,
12431,31,27,10857.97,3,Champions,1162.1963028519237,424.0785195711635
12432,38,5,5059.32,2,At-Risk,839.9239893324938,881.7653034420307
12433,4,8,17942.57,3,Champions,3164.598423188868,2546.9107529477233
12434,80,3,1103.43,2,At-Risk,206.25911590429249,411.05518666681223
12435,75,6,13925.93,3,Champions,1580.7586542617328,2591.3195158360845
12436,95,1,509.01,0,Lost / Hibernating,,
12437,4,38,12517.5,3,Champions,1343.133727513436,373.58751011183267
12438,9,2,2906.85,1,New / Promising,1397.5916314726164,2049.8103058264087
12439,678,2,1158.18,2,At-Risk,6.184125894823338,89.13913060026515
12440,458,2,859.2,0,Lost / Hibernating,45.442280677006586,305.5621592655899
12441,362,1,347.1,0,Lost / Hibernating,,
12443,727,1,485.31,0,Lost / Hibernating,,
12444,16,5,5005.46,3,Champions,1357.9971547954494,788.7906782848719
12445,17,2,434.98,1,New / Promising,41.9812593313766,146.61749764739443
12446,53,1,1002.3100000000001,1,New / Promising,,
12447,238,1,476.49,0,Lost / Hibernating,,
12448,39,1,449.45,1,New / Promising,,
12449,17,6,4835.89,3,Champions,820.3022908415803,835.5358689199438
12450,151,5,688.2,2,At-Risk,97.77784552372353,138.22753891490348
12451,6,8,12669.88,3,Champions,1726.28085770886,1758.1005866872933
12452,12,2,430.57,1,New / Promising,,
12453,129,1,707.09,0,Lost / Hibernating,,
12454,51,5,16679.78,3,Champions,2477.7913153046948,2997.2884594231555
12455,68,10,5879.95,3,Champions,505.24640784877556,473.3487631283936
12456,39,3,3181.04,2,At-Risk,803.1034761499798,1132.173716800615
12457,62,8,2995.91,2,At-Risk,449.0777537857123,339.77976783395013
12458,66,4,1777.49,2,At-Risk,267.37105822999604,471.15868961103513
12459,600,1,454.36,0,Lost / Hibernating,,
12460,451,1,326.65,0,Lost / Hibernating,,
12461,89,2,826.88,1,New / Promising,126.3743671783574,213.918117291185
12462,14,2,1189.59,1,New / Promising,167.73591010140396,443.7911646871232
12463,48,4,1344.78,1,New / Promising,343.5161603386521,336.46796599560724
12464,5,8,1212.05,1,New / Promising,263.5180609818007,168.59938928916142
12465,12,2,742.1899999999999,1,New / Promising,188.41275015243173,316.23324850640716
12466,677,1,56.73,0,Lost / Hibernating,,
12467,418,1,132.8,0,Lost / Hibernating,,
12468,183,5,3670.74,2,At-Risk,421.1459707186094,812.4146614731915
12469,518,2,3070.54,2,At-Risk,99.49790980921205,1137.2300717736396
12470,685,1,211.95,0,Lost / Hibernating,,
12471,6,78,37725.28,3,Champions,4111.09538733085,794.9831995466059
12472,27,19,17880.59,3,Champions,1915.2620252021622,923.0811509585205
12473,24,5,3938.5499999999997,3,Champions,1354.2024517323755,1096.4886471061802
12474,12,31,12424.45,3,Champions,1516.4474278535363,438.64312757414746
12475,49,2,1149.64,1,New / Promising,215.96708512568466,742.80397778919
12476,11,23,14115.41,3,Champions,2087.219325199303,759.0154555374555
12477,18,9,20276.37,3,Champions,2521.6573758154964,2286.329067137278
12479,6,1,527.2,1,New / Promising,,
12480,23,7,5464.85,3,Champions,852.8586294951966,838.8957202767419
12481,18,15,12361.39,3,Champions,1298.1597887094106,784.3038336450439
12482,571,29,23691.4,3,Champions,17.064505980459835,3460.27072439742
12483,12,19,5120.58,3,Champions,595.8409924793256,284.32535751690375
12484,28,12,6370.15,3,Champions,725.2522515621339,529.2773728876646
12485,524,1,708.1,0,Lost / Hibernating,,
12486,427,1,1037.28,0,Lost / Hibernating,,
12487,726,1,285.29999999999995,0,Lost / Hibernating,,
12488,5,3,1298.66,1,New / Promising,629.4581022733049,380.46093901795524
12489,332,1,334.93,0,Lost / Hibernating,,
12490,13,20,9361.34,3,Champions,995.743199042555,461.78413036097413
12491,34,1,460.40000000000003,1,New / Promising,,
12492,58,3,715.21,1,New / Promising,66.62151058073624,138.16977717126562
12493,161,2,433.74,0,Lost / Hibernating,92.87546689905977,215.17116186112946
12494,11,9,1872.8700000000001,3,Champions,228.39934125065332,192.71216962665397
12495,636,1,357.4,0,Lost / Hibernating,,
12496,615,2,54.09,0,Lost / Hibernating,,
12497,77,3,6248.5,2,At-Risk,808.0662179643257,2537.423251448385
12498,17,3,403.70000000000005,1,New / Promising,194.47139043572818,169.90997937095858
12499,555,1,393.72,0,Lost / Hibernating,,
12500,18,19,5955.21,3,Champions,691.0547537039517,348.06841638475277
12501,332,1,2169.39,2,At-Risk,,
12502,91,5,3723.87,2,At-Risk,812.4624000851979,781.611995223721
12503,579,1,1126.0,0,Lost / Hibernating,,
12504,13,4,779.05,1,New / Promising,105.22178339402959,219.54222196945932
12505,404,1,955.2,0,Lost / Hibernating,,
12506,228,1,73.5,0,Lost / Hibernating,,
12507,129,4,1844.06,2,At-Risk,209.22297380207203,440.3618213981748
12508,21,2,398.27,1,New / Promising,200.70674327950536,136.1889331620503
12509,279,1,176.5,0,Lost / Hibernating,,
12510,138,9,5178.02,2,At-Risk,552.0724498239601,680.1302178776403
12511,424,1,3084.02,2,At-Risk,,
12512,61,2,138.03,0,Lost / Hibernating,,
12513,108,1,612.29,0,Lost / Hibernating,,
12514,262,2,1597.76,2,At-Risk,191.91671859062063,1040.1999591881022
12515,348,1,383.7,0,Lost / Hibernating,,
12516,73,4,2648.62,2,At-Risk,311.2855362842921,659.2380103314334
12517,23,5,2502.84,1,New / Promising,725.1590568784368,584.5555212917319
12518,24,4,1717.75,1,New / Promising,848.4822369731735,469.8340931287615
12519,59,2,726.54,1,New / Promising,90.62351564039213,356.2397279613271
12520,74,5,2634.26,2,At-Risk,482.2533730527881,415.7147201187337
12521,138,1,599.68,0,Lost / Hibernating,,
12522,34,2,192.72,1,New / Promising,135.71048351752978,116.22106162809678
12523,15,23,4372.15,3,Champions,490.8017724890854,195.9691483244872
12524,4,17,11126.11,3,Champions,1326.5182642955122,705.749882235769
12525,493,3,973.73,2,At-Risk,38.15161050663919,210.59174437553375
12526,49,2,1039.58,1,New / Promising,453.08396425666854,536.5568836555914
12527,77,5,735.51,2,At-Risk,75.15014641117206,111.64084504981012
12528,4,6,1933.48,1,New / Promising,382.6277550957901,290.9339750958505
12529,524,1,316.48,0,Lost / Hibernating,,
12530,55,9,3759.26,3,Champions,455.40063638769425,427.29993575572695
12531,10,2,1933.2,1,New / Promising,25.600947157256385,138.35144556501893
12532,25,1,349.83000000000004,1,New / Promising,,
12533,623,2,1367.89,2,At-Risk,47.28461739634515,454.3915175409275
12534,126,1,1089.18,0,Lost / Hibernating,,
12535,87,2,716.35,1,New / Promising,189.54307586887066,360.34243840808074
12536,38,3,12601.830000000002,2,At-Risk,9152.083732069315,8421.481312805068
12537,404,1,732.94,0,Lost / Hibernating,,
12538,24,2,640.45,1,New / Promising,118.80048983688485,379.5928408737596
12539,17,7,11214.75,3,Champions,769.6703390094295,1218.0122076092134
12540,15,33,22254.49,3,Champions,2471.0626934847405,728.7055736390605
12541,25,3,981.18,1,New / Promising,225.7158161407598,342.0158264393275
12542,479,2,481.88,0,Lost / Hibernating,19.189572304095293,130.135919473367
12543,443,1,980.25,0,Lost / Hibernating,,
12544,31,1,372.7,1,New / Promising,,
12545,70,2,1000.39,1,New / Promising,162.50294254959658,387.9700501357269
12546,42,2,1161.5,1,New / Promising,396.7311811437949,417.3357559442638
12547,193,3,383.58,0,Lost / Hibernating,41.79503074920327,110.31981393447957
12548,161,1,95.19999999999999,0,Lost / Hibernating,,
12549,571,6,1575.68,2,At-Risk,10.345274416950344,257.9090189441746
12550,74,1,964.83,1,New / Promising,,
12551,353,1,168.0,0,Lost / Hibernating,,
12552,34,2,437.82,1,New / Promising,172.6912477826985,133.0765321334786
12553,3,12,4608.75,3,Champions,782.0904898563865,371.4834927387725
12554,444,1,468.5,0,Lost / Hibernating,,
12555,677,1,129.23,0,Lost / Hibernating,,
12556,46,2,603.71,1,New / Promising,193.07182663941126,305.6834216433265
12557,11,8,18716.14,3,Champions,2045.6669513522575,2400.0251639400035
12558,3,1,269.96,1,New / Promising,,
12559,306,2,561.71,0,Lost / Hibernating,17.460747546513957,88.20945237095152
12560,107,2,1436.31,2,At-Risk,92.74202888459544,157.3290076807905
12561,298,1,238.85,0,Lost / Hibernating,,
12562,3,9,4966.92,3,Champions,867.5439244171885,569.8178925923079
12563,404,1,249.24,0,Lost / Hibernating,,
12564,256,1,456.9,0,Lost / Hibernating,,
12565,284,1,145.92,0,Lost / Hibernating,,
12566,81,1,351.65,0,Lost / Hibernating,,
12567,18,15,13709.86,3,Champions,1668.8004121616132,1016.1422701097214
12568,640,1,70.0,0,Lost / Hibernating,,
12569,3,28,3704.86,3,Champions,970.6776722898899,153.15752642314814
12570,677,1,77.52,0,Lost / Hibernating,,
12571,35,2,519.61,1,New / Promising,211.09450039283044,285.92775927041197
12572,4,2,1020.42,1,New / Promising,616.4813034475272,504.6244575182973
12573,222,5,717.41,2,At-Risk,91.39389905156588,144.6467453812469
12574,311,1,218.45,0,Lost / Hibernating,,
12575,453,2,622.8199999999999,0,Lost / Hibernating,42.92025613169955,295.79043265965214
12576,31,8,2142.72,3,Champions,288.1633747129752,254.61597059361438
12577,30,8,1653.75,3,Champions,184.11746284590694,364.67187729147236
12578,16,4,4642.45,3,Champions,759.7884259150003,1218.3214190098415
12579,73,1,440.42,0,Lost / Hibernating,,
12580,242,2,1052.9,2,At-Risk,87.64631220152806,431.88724127265095
12581,35,1,197.71,1,New / Promising,,
12582,234,4,1980.4,2,At-Risk,173.6986475469359,386.3343406363502
12583,14,26,13752.67,3,Champions,1468.198548116396,518.0925865913204
12584,13,8,2137.7000000000003,3,Champions,470.01660617558434,241.1817056323075
12585,229,2,2040.1,2,At-Risk,228.92838059506556,797.2406801947604
12586,12,4,2062.67,1,New / Promising,222.11692288646438,552.587923864741
12587,3,1,144.0,1,New / Promising,,
12588,34,4,958.78,1,New / Promising,110.74455705910628,322.4640565438037
12589,24,8,4695.66,3,Champions,537.1412962442264,1000.5668416356534
12590,206,2,9864.26,2,At-Risk,,
12591,312,3,1352.15,2,At-Risk,101.80378939916187,334.5871591114138
12592,87,5,2582.66,2,At-Risk,86.84028184122789,225.82101501394953
12593,104,3,418.09999999999997,1,New / Promising,73.15354125180401,97.40257778242396
12594,33,15,5090.110000000001,3,Champions,641.3488334483499,380.89433768046365
12595,500,1,299.02,0,Lost / Hibernating,,
12596,47,2,618.27,1,New / Promising,162.66511725303982,363.7984161735727
12597,14,4,3811.22,1,New / Promising,1054.0629558586552,1106.0919716026633
12598,5,11,4534.09,3,Champions,518.515870974183,435.65850013432805
12599,24,13,2296.72,3,Champions,261.0537604858449,150.87515175868228
12600,24,21,5043.92,3,Champions,543.8938223662601,238.60975823410186
12601,185,6,681.26,2,At-Risk,100.62359294859453,117.99590766156841
12602,54,1,153.12,0,Lost / Hibernating,,
12603,17,1,739.1999999999999,1,New / Promising,,
12604,74,2,254.18,0,Lost / Hibernating,36.67675076057948,88.29029395610922
12605,371,4,1232.95,2,At-Risk,59.90442129133922,330.3634493790687
12606,677,1,21.0,0,Lost / Hibernating,,
12607,55,1,1579.51,1,New / Promising,,
12608,400,1,415.79,0,Lost / Hibernating,,
12609,73,9,3435.86,2,At-Risk,373.6356192833096,390.12656250957394
12610,18,5,2099.54,1,New / Promising,620.9768854735221,291.8799307904657
12611,48,1,1193.32,1,New / Promising,,
12612,69,1,704.0400000000001,1,New / Promising,,
12613,52,10,6835.07,3,Champions,663.656296787086,786.3052627454258
12614,273,1,315.6,0,Lost / Hibernating,,
12615,32,7,5318.13,3,Champions,592.0690521233983,836.6101055450614
12616,90,3,1131.1,2,At-Risk,179.27573791204867,364.3922993377522
12617,24,1,355.53,1,New / Promising,,
12618,17,1,177.31,1,New / Promising,,
12619,11,10,3781.38,3,Champions,551.4157687338491,406.35126712442155
12620,10,3,1339.41,1,New / Promising,337.91697641864914,396.78591295642866
12621,19,34,23587.61,3,Champions,2865.450306030238,777.7652645091316
12622,227,1,180.1,0,Lost / Hibernating,,
12623,271,7,3747.84,2,At-Risk,228.12606461212766,363.93330339834233
12624,101,2,641.13,1,New / Promising,189.66761786560394,356.59340989639213
12625,207,4,5164.88,2,At-Risk,632.0788589069124,1407.1767659521777
12626,18,9,6620.48,3,Champions,1345.4548627423558,692.9230878447867
12627,6,7,4478.53,3,Champions,1781.768268245323,621.4450992417055
12628,28,2,571.21,1,New / Promising,268.3297328346308,251.88334672087288
12629,381,2,1558.22,2,At-Risk,146.07089534505548,874.6566031814091
12630,5,2,1270.88,1,New / Promising,770.8354928341062,586.8908756144084
12631,52,6,3481.57,2,At-Risk,367.20344623998204,690.567545213182
12632,516,2,804.88,0,Lost / Hibernating,46.91004586937457,426.6931694262683
12633,54,7,5678.16,3,Champions,567.6229036971795,579.9163781672185
12634,531,2,490.0,0,Lost / Hibernating,11.850986993699562,143.1817302781919
12635,85,4,2930.41,2,At-Risk,441.5556979135489,739.489825489785
12636,734,1,141.0,0,Lost / Hibernating,,
12637,62,12,8340.31,3,Champions,1163.4336675913391,766.2137680730066
12638,29,2,921.49,1,New / Promising,135.95086690709846,690.5702085791669
12639,234,3,1312.37,2,At-Risk,166.53802786042007,538.0411677491799
12640,19,3,1174.58,1,New / Promising,332.007846604723,211.94378193386177
12641,110,1,185.9,0,Lost / Hibernating,,
12642,20,3,1013.26,1,New / Promising,439.1283747707064,330.9733486859944
12643,124,12,8350.42,3,Champions,807.767271014229,615.5319037310737
12644,125,4,1918.49,2,At-Risk,172.19366718680595,420.87754233442865
12645,29,8,3539.3,3,Champions,415.0841588437434,454.5819285395077
12646,45,1,731.6899999999999,1,New / Promising,,
12647,18,36,17924.35,3,Champions,1960.401352877991,534.1352152697123
12648,150,4,1112.0,2,At-Risk,123.65791278643721,307.0458683741975
12649,102,8,2294.65,2,At-Risk,250.90787167239753,333.9195613883699
12651,330,4,377.75,0,Lost / Hibernating,31.647392702620664,97.15084498362714
12652,326,2,1017.03,2,At-Risk,203.36526199203615,941.4721733142535
12653,144,3,4160.83,2,At-Risk,416.6484962429664,1116.5825625034647
12654,6,5,601.98,1,New / Promising,132.10335205767305,149.54264978628058
12655,419,1,261.35,0,Lost / Hibernating,,
12656,12,8,6407.83,3,Champions,838.2528038247316,783.2392744800285
12657,6,4,1643.18,1,New / Promising,842.1759078510079,520.927086388188
12658,14,1,686.05,1,New / Promising,,
12659,25,1,91.68,1,New / Promising,,
12660,6,1,245.1,1,New / Promising,,
12661,431,1,162.0,0,Lost / Hibernating,,
12662,18,19,6763.07,3,Champions,844.4888607794693,370.72120496953505
12663,620,2,239.4,0,Lost / Hibernating,8.021645384923735,98.36517650638838
12664,3,11,6070.04,3,Champions,656.0273156867208,553.8416823596341
12665,320,3,313.6,0,Lost / Hibernating,21.849856819764394,78.6549937951993
12666,389,1,1248.42,0,Lost / Hibernating,,
12667,53,1,620.13,1,New / Promising,,
12668,7,10,11444.68,3,Champions,1233.693112196246,1079.096097740119
12669,146,3,2744.0299999999997,2,At-Risk,511.4811001239417,813.9473005627754
12670,5,7,3760.29,3,Champions,472.09533487058417,592.0908347916118
12671,601,1,2622.481,2,At-Risk,,
12672,325,2,437.05,0,Lost / Hibernating,45.099445259837225,240.0905804859925
12673,322,2,840.4,0,Lost / Hibernating,51.458719625208516,235.03798141363583
12674,34,4,1970.6,1,New / Promising,540.0632672515856,466.803576934469
12675,549,2,958.5,0,Lost / Hibernating,2.159113682525774,24.698282031428406
12676,20,11,2843.09,3,Champions,396.9771273459512,286.716996933912
12677,550,2,395.1,0,Lost / Hibernating,26.658495005375457,218.36440447485887
12678,38,21,34281.18,3,Champions,3824.2743243015893,1893.0752144998778
12679,54,4,1113.02,1,New / Promising,99.27259170055073,110.60085118368265
12680,69,3,613.36,1,New / Promising,187.08257160861865,157.45516048466536
12681,10,45,30868.28,3,Champions,3385.96367216758,711.2579898711836
12682,4,51,23397.28,3,Champions,2565.249980978653,499.7363819822896
12683,45,19,11899.3,3,Champions,1345.9048105110899,777.3855988560388
12684,3,7,2283.63,3,Champions,636.1262363735926,301.56008274136065
12685,23,6,2863.08,3,Champions,1448.58637875306,466.0766326189933
12686,367,1,178.28,0,Lost / Hibernating,,
12687,476,2,2138.91,2,At-Risk,,
12688,109,1,4873.8099999999995,2,At-Risk,,
12689,21,2,1247.61,1,New / Promising,546.9555111753394,756.1428393402114
12690,201,1,389.01,0,Lost / Hibernating,,
12691,23,7,1170.4,1,New / Promising,209.68857513354817,174.88529565104307
12692,632,1,110.95,0,Lost / Hibernating,,
12693,122,7,1703.02,2,At-Risk,180.17644355470657,189.555749622319
12694,66,3,1843.35,2,At-Risk,205.35019249774064,442.98639338821664
12695,2,7,1407.1200000000001,1,New / Promising,123.36837132771996,154.45985649267388
12696,430,2,851.91,0,Lost / Hibernating,86.55564350666828,552.1997303836076
12697,24,3,957.59,1,New / Promising,283.11664377329896,290.9047858049876
12698,585,1,339.75,0,Lost / Hibernating,,
12699,413,1,638.11,0,Lost / Hibernating,,
12700,3,4,4939.99,3,Champions,1470.3165070764358,1290.8965954641078
12701,75,6,2446.41,2,At-Risk,267.93431844100996,382.9535654049006
12702,15,1,219.0,1,New / Promising,,
12703,66,4,1006.53,2,At-Risk,64.65961897512162,154.09845889955477
12704,3,8,2340.84,3,Champions,848.0451787370826,337.74787036255174
12705,10,14,11762.1,3,Champions,1595.9457570027403,930.7828085290489
12707,287,1,603.42,0,Lost / Hibernating,,
12708,25,18,5314.1,3,Champions,595.0570302719276,301.3799188757804
12709,10,34,31093.34,3,Champions,3344.5171103263233,1051.9436505192325
12710,92,3,1149.02,2,At-Risk,179.1665705599181,222.03128892108967
12711,607,2,1339.05,2,At-Risk,76.35521738565454,809.8721778756521
12712,24,21,7193.66,3,Champions,785.5374994632134,343.7564886847456
12714,4,12,14093.71,3,Champions,1565.397083678049,1221.4060335265613
12715,101,1,353.86,0,Lost / Hibernating,,
12716,128,1,677.9,0,Lost / Hibernating,,
12717,146,3,1308.91,2,At-Risk,177.15274473555417,524.0634114305548
12718,66,1,238.25,0,Lost / Hibernating,,
12719,60,1,283.6,0,Lost / Hibernating,,
12720,10,29,7878.2,3,Champions,1106.2199084746378,302.6326809790282
12721,27,8,4013.08,3,Champions,584.8170850341817,468.2994719313086
12722,80,4,997.63,2,At-Risk,316.4346656909515,236.28699467213974
12723,11,4,647.79,1,New / Promising,392.6898188491248,363.859047362441
12724,77,6,2109.2799999999997,2,At-Risk,251.94701593535015,310.5608394051358
12725,366,4,2694.56,2,At-Risk,187.3845585160677,567.737159895592
12726,23,11,4014.6,3,Champions,494.9529947732242,364.87296024998216
12727,6,10,5679.53,3,Champions,652.4543713122428,617.2909186479758
12728,66,5,1070.17,2,At-Risk,189.26223278686797,212.55849079284673
12729,109,1,453.01,0,Lost / Hibernating,,
12730,517,1,829.25,0,Lost / Hibernating,,
12731,19,17,25775.71,3,Champions,3117.217488918647,1611.852068611285
12732,175,1,236.26000000000002,0,Lost / Hibernating,,
12733,229,4,2424.87,2,At-Risk,172.6318235127137,436.96336173658403
12734,348,3,639.65,2,At-Risk,50.21662762427637,261.8585960296066
12735,310,2,779.5699999999999,0,Lost / Hibernating,98.5795951653621,476.45116509083664
12736,328,1,234.0,0,Lost / Hibernating,,
12737,494,2,3710.5,2,At-Risk,,
12738,367,1,310.7,0,Lost / Hibernating,,
12739,74,4,2726.73,2,At-Risk,293.3784351244251,432.4108975639216
12740,59,1,427.6,1,New / Promising,,
12741,524,2,406.07,0,Lost / Hibernating,13.934767115127464,183.6025228570451
12742,621,1,1201.52,0,Lost / Hibernating,,
12743,129,2,546.43,0,Lost / Hibernating,,
12744,47,11,25317.06,3,Champions,3501.150487870349,3444.5228116414573
12745,482,3,925.41,2,At-Risk,75.1317723818455,369.69490017059996
12746,536,1,254.55,0,Lost / Hibernating,,
12747,17,25,8838.039999999999,3,Champions,961.9465927664761,353.03151372868945
12748,1,331,55844.23,3,Champions,6174.186446360187,280.9997295808216
12749,18,8,6134.3,3,Champions,897.1271380406267,1064.8352840623563
12750,124,1,275.88,0,Lost / Hibernating,,
12751,440,1,268.27,0,Lost / Hibernating,,
12752,76,1,4366.78,2,At-Risk,,
12753,18,6,21429.39,3,Champions,4138.72906839925,3577.546900433583
12754,231,3,3010.74,2,At-Risk,646.3319689662965,1496.2186251638009
12755,276,11,9030.66,2,At-Risk,678.1152808686631,1005.5410165773596
12756,82,1,112.07999999999998,0,Lost / Hibernating,,
12757,11,13,7857.1,3,Champions,2319.4252593016045,839.6227362643777
12758,112,7,9903.24,2,At-Risk,885.8856908555481,1245.5362619517098
12759,47,8,5020.74,3,Champions,539.9968201372507,647.272781338623
12760,451,1,347.8,0,Lost / Hibernating,,
12761,453,2,782.95,0,Lost / Hibernating,3.8275993100165238,37.0771497587022
12762,3,2,1898.52,1,New / Promising,2326.4235897170292,1463.8603914052076
12763,133,2,814.16,2,At-Risk,57.44570779950744,187.64460211493042
12764,312,1,1693.88,2,At-Risk,,
12765,467,6,1404.58,2,At-Risk,21.45499249990824,254.38387559534632
12766,53,8,9349.85,3,Champions,1705.3221521770363,1214.2602827689607
12767,371,1,949.82,0,Lost / Hibernating,,
12768,446,1,168.69000000000003,0,Lost / Hibernating,,
12769,234,1,1143.6,0,Lost / Hibernating,,
12770,206,2,3246.45,2,At-Risk,342.1025239983901,1377.481157664198
12771,481,1,282.3,0,Lost / Hibernating,,
12772,55,1,892.47,1,New / Promising,,
12773,559,1,124.25,0,Lost / Hibernating,,
12774,531,1,98.7,0,Lost / Hibernating,,
12775,12,7,1686.12,3,Champions,313.29485736344526,254.7238194824322
12776,663,1,55.5,0,Lost / Hibernating,,
12777,453,1,519.45,0,Lost / Hibernating,,
12778,15,9,1775.68,3,Champions,200.69655843640712,176.3258463088548
12779,33,14,6722.2699999999995,3,Champions,732.2950368291505,489.78769248789354
12780,594,1,337.4,0,Lost / Hibernating,,
12781,59,2,826.74,1,New / Promising,114.53548149298663,292.2131925164237
12782,145,10,4365.99,2,At-Risk,589.5472937798476,454.9241180079549
12783,28,5,1825.33,1,New / Promising,1121.92776394138,501.0724935023796
12784,4,3,1804.75,1,New / Promising,113.29813509916816,294.58896249738325
12785,359,3,1100.4,2,At-Risk,94.86208386393947,374.5451464300294
12786,605,1,728.5,0,Lost / Hibernating,,
12787,5,4,862.18,1,New / Promising,105.6453124514766,159.0021418364564
12788,458,4,444.9,0,Lost / Hibernating,7.6386124993368405,98.84003999258711
12789,60,3,273.35,1,New / Promising,29.41039047255054,98.40781016779793
12790,187,2,591.85,0,Lost / Hibernating,92.67940853624549,340.1522525149436
12791,369,6,1056.1100000000001,2,At-Risk,83.09033385818265,230.88117695800491
12792,252,2,827.01,0,Lost / Hibernating,89.10862762132066,416.56776088526556
12793,330,3,1017.33,2,At-Risk,89.31471426559509,346.2880640771669
12794,48,2,860.41,1,New / Promising,462.736833468452,560.9407267787846
12795,14,1,430.48,1,New / Promising,,
12796,623,1,381.0,0,Lost / Hibernating,,
12797,361,2,806.11,0,Lost / Hibernating,99.3776001227439,525.2188513372231
12798,5,4,8510.93,3,Champions,1527.2580649597712,2337.689070046294
12799,524,1,219.35,0,Lost / Hibernating,,
12800,465,3,584.25,0,Lost / Hibernating,29.27080514150193,194.637399231072
12801,496,1,1071.82,0,Lost / Hibernating,,
12802,182,7,2416.42,2,At-Risk,231.6243282914794,276.12261412791344
12803,388,1,1092.81,0,Lost / Hibernating,,
12804,461,2,327.02,0,Lost / Hibernating,20.020940974790694,160.45151390750692
12805,377,4,1434.95,2,At-Risk,130.46942166015486,394.75021121564384
12806,430,4,2878.96,2,At-Risk,111.45704486672213,513.833441936404
12807,378,1,330.35,0,Lost / Hibernating,,
12808,32,5,906.1,1,New / Promising,139.95537736753036,182.51028809135346
12809,173,3,1755.94,2,At-Risk,176.43990514088762,569.9422174990231
12810,530,2,534.99,0,Lost / Hibernating,51.59999912717458,391.0925563624433
12811,256,5,1033.9,2,At-Risk,101.84411573693188,191.15779387381522
12812,40,1,229.64000000000001,1,New / Promising,,
12813,497,3,1687.8,2,At-Risk,142.2188443570693,731.4529048570598
12814,97,1,125.92,0,Lost / Hibernating,,
12815,143,2,1063.46,2,At-Risk,212.73418808887664,464.6280832615221
12816,91,2,572.2,1,New / Promising,145.47762971737913,268.03145335612476
12817,276,3,690.98,2,At-Risk,92.69187646000789,254.86217862740372
12818,257,1,1542.08,2,At-Risk,,
12819,453,1,540.52,0,Lost / Hibernating,,
12820,39,10,2479.17,3,Champions,275.36390781903816,260.5859937653113
12821,209,2,220.8,0,Lost / Hibernating,20.690721890639026,105.50955159470068
12822,66,2,948.88,1,New / Promising,230.8450255242551,272.50805613423273
12823,70,18,6501.5,3,Champions,743.7844023786346,435.801999648711
12824,55,1,397.12,1,New / Promising,,
12825,516,2,518.63,0,Lost / Hibernating,42.53352788788005,318.8100740333091
12826,24,11,2813.15,3,Champions,281.6737882852742,236.91074774730865
12827,1,3,430.15000000000003,1,New / Promising,241.694025652638,112.63184842083972
12828,3,5,935.09,1,New / Promising,379.2665334184703,180.41483451624097
12829,332,3,385.3,0,Lost / Hibernating,46.141807347093966,153.142713551411
12830,33,6,6814.64,3,Champions,1965.845686622176,1154.126492144853
12831,258,3,451.11,0,Lost / Hibernating,53.9354561664676,229.12644049897855
12832,27,2,383.03,1,New / Promising,108.59272897927599,128.25635261845034
12833,140,1,417.38,0,Lost / Hibernating,,
12834,278,1,312.38,0,Lost / Hibernating,,
12835,423,41,6043.31,3,Champions,2.7507742103346475e-07,160.32167117237987
12836,54,15,6585.62,3,Champions,705.3492823281377,475.2606747483977
12837,168,2,688.41,0,Lost / Hibernating,31.12751722183567,147.32486151752434
12838,29,10,3398.48,3,Champions,455.5860967356092,353.97846528203917
12839,7,25,9319.34,3,Champions,1022.1621278360967,374.538759432062
12840,139,7,4041.97,2,At-Risk,496.1922683560625,651.7409974734994
12841,10,38,7389.67,3,Champions,1086.385859972469,190.76343432686613
12842,65,4,1917.99,2,At-Risk,201.0141589123683,512.6058487318727
12843,61,30,6588.41,3,Champions,729.8116078035468,241.69545510045418
12844,24,4,648.6,1,New / Promising,86.38442987352211,179.7106691641221
12845,262,4,354.09,0,Lost / Hibernating,19.114718792906096,100.57940911072409
12846,677,1,15.58,0,Lost / Hibernating,,
12847,17,2,1636.8999999999999,1,New / Promising,274.2393175568396,892.5225935012621
12848,671,1,208.0,0,Lost / Hibernating,,
12849,26,6,3090.56,3,Champions,396.06678282401356,527.0896654146202
12850,441,1,330.0,0,Lost / Hibernating,,
12851,92,2,284.13,0,Lost / Hibernating,37.36023992964953,148.4162229171534
12852,290,1,311.55,0,Lost / Hibernating,,
12853,130,11,3907.5,2,At-Risk,448.8137710181089,585.3808593152764
12854,74,7,2994.02,2,At-Risk,301.13465527955,414.1137022330607
12855,368,4,650.9399999999999,2,At-Risk,21.16885575168621,140.38631458101523
12856,3,6,2179.93,3,Champions,1417.9958156638859,360.3264544019565
12857,206,6,3688.0,2,At-Risk,430.6385931763149,700.4766675579067
12858,379,1,177.92,0,Lost / Hibernating,,
12859,454,1,575.1,0,Lost / Hibernating,,
12860,688,1,55.47,0,Lost / Hibernating,,
12861,615,1,68.25,0,Lost / Hibernating,,
12862,421,2,1008.3199999999999,2,At-Risk,82.22148076534148,514.6892348704317
12863,47,6,2792.5499999999997,2,At-Risk,326.8145037628513,435.28452159603194
12864,134,2,299.57,0,Lost / Hibernating,37.78087000085332,160.48182950194106
12865,21,4,3323.47,1,New / Promising,448.4863786375149,766.6641230200638
12866,278,3,1227.35,2,At-Risk,155.09627219017815,450.4502438496184
12867,21,13,7913.29,3,Champions,897.5416759758808,636.3304630461447
12868,181,8,2247.06,2,At-Risk,273.62341615675916,280.08813815177285
12869,677,1,337.66999999999996,0,Lost / Hibernating,,
12870,370,3,1676.95,2,At-Risk,200.32767428233586,743.540824291182
12871,79,3,744.02,1,New / Promising,87.81341434779384,197.19199667849864
12872,322,12,3685.4900000000002,2,At-Risk,100.59395367493677,299.37070039281843
12873,277,3,2027.3,2,At-Risk,219.96009561920414,777.341763249382
12874,380,2,948.42,2,At-Risk,86.89005745519641,475.80443240957493
12875,138,5,1356.99,2,At-Risk,138.1597920153702,266.54399210956035
12876,53,4,4081.79,2,At-Risk,515.6722923379593,1073.037268476837
12877,19,19,2855.51,3,Champions,310.3255892151367,142.73317003508174
12878,232,2,854.99,2,At-Risk,168.2315183289024,557.3028554466878
12879,40,3,573.22,1,New / Promising,318.8613186815117,223.36824799363697
12880,377,2,640.13,0,Lost / Hibernating,57.648906251860964,317.9511321910084
12881,271,1,298.0,0,Lost / Hibernating,,
12882,4,2,1463.04,1,New / Promising,1471.1745301629321,1013.4413945009015
12883,20,4,703.47,1,New / Promising,386.42470087058365,427.98663478879166
12884,84,1,309.05,0,Lost / Hibernating,,
12885,58,3,1175.22,1,New / Promising,389.19216074044675,547.2582884908428
12886,63,2,1378.4,1,New / Promising,297.19720675825033,621.5618104489197
12887,379,1,222.4,0,Lost / Hibernating,,
12888,209,2,354.12,0,Lost / Hibernating,31.579767535070633,94.03004650230638
12889,376,4,385.46000000000004,0,Lost / Hibernating,24.03026721540686,99.59265163024254
12890,19,2,717.27,1,New / Promising,121.70596948911901,396.286628208826
12891,181,11,840.5,2,At-Risk,93.39710057542294,83.20573621844585
12892,392,1,263.38,0,Lost / Hibernating,,
12893,26,1,188.14,1,New / Promising,,
12894,570,1,157.35,0,Lost / Hibernating,,
12895,37,2,372.8,1,New / Promising,106.35314212953958,117.91873491640862
12897,200,4,514.25,2,At-Risk,68.38695513222565,141.08663991964534
12898,459,2,310.96000000000004,0,Lost / Hibernating,25.410609550917307,166.05989887782283
12899,409,1,366.4,0,Lost / Hibernating,,
12900,417,1,340.33,0,Lost / Hibernating,,
12901,4,28,17654.54,3,Champions,4719.181413970588,787.4831409674402
12902,260,1,138.68,0,Lost / Hibernating,,
12903,424,1,833.53,0,Lost / Hibernating,,
12904,13,2,509.58,1,New / Promising,164.32218911235378,279.4907480522296
12905,572,2,1018.42,0,Lost / Hibernating,50.9058056009373,441.0425507917612
12906,7,5,2919.81,3,Champions,989.2283086995626,1005.3774463814204
12907,391,2,508.91,0,Lost / Hibernating,34.95173899341937,194.19277051270467
12908,171,5,1776.0,2,At-Risk,205.09727711942065,368.38153194597766
12909,35,8,3103.19,3,Champions,382.11647611109015,472.61520526634956
12910,18,13,5796.52,3,Champions,657.9748865235273,532.8664961794085
12911,547,1,1680.47,0,Lost / Hibernating,,
12912,4,4,1474.38,1,New / Promising,1207.5226517344154,390.6927982535281
12913,11,12,6165.76,3,Champions,654.793886023627,513.1666713206401
12914,396,1,223.98,0,Lost / Hibernating,,
12915,144,4,1174.75,2,At-Risk,153.80884041281777,327.85139897960545
12916,134,7,4654.0199999999995,2,At-Risk,539.3832476849716,715.6385295536943
12917,123,6,4359.2,2,At-Risk,353.0399470000837,706.3360840182451
12918,621,1,10953.5,2,At-Risk,,
12919,3,6,1335.19,1,New / Promising,486.58804983254896,228.61221745656349
12920,12,4,488.09000000000003,1,New / Promising,52.358983307700925,181.38471741849287
12921,4,74,35921.04,3,Champions,3978.4076357542126,728.1492125976827
12922,156,1,405.38,0,Lost / Hibernating,,
12923,59,3,789.87,1,New / Promising,66.71179779524448,188.66259988860045
12924,83,12,2469.4,2,At-Risk,263.62736955377864,227.3908372348238
12925,70,2,403.59,1,New / Promising,80.40169986313052,383.9987072648546
12926,406,4,1548.46,2,At-Risk,119.79739691281644,391.1878494640748
12927,390,1,197.31,0,Lost / Hibernating,,
12928,30,12,4304.89,3,Champions,582.9764499629025,383.57843320858285
12929,307,1,117.85,0,Lost / Hibernating,,
12930,73,2,415.8,1,New / Promising,117.56110822061741,208.09752315983016
12931,17,57,92347.34,3,Champions,10170.978385725219,2171.943851254286
12932,534,8,1698.56,2,At-Risk,1.971192766336413,214.6275838418082
12933,19,8,1687.03,3,Champions,188.75046428406043,257.6021468577002
12934,732,1,181.65,0,Lost / Hibernating,,
12935,22,13,3900.08,3,Champions,475.67712615365576,312.396664410438
12936,12,4,1063.9,1,New / Promising,224.0887795506137,139.2906112809576
12937,10,9,3097.61,3,Champions,348.73538754832055,367.8838683695947
12938,21,1,114.14,1,New / Promising,,
12939,59,20,25264.8,3,Champions,2960.031681542252,1653.2467973810733
12940,50,2,913.54,1,New / Promising,500.9993799079441,569.8939323350006
12941,720,1,377.49,0,Lost / Hibernating,,
12942,126,3,942.65,2,At-Risk,111.20019095217316,219.5634434149965
12943,553,2,496.5,0,Lost / Hibernating,19.4103763519633,194.36455888116475
12944,31,2,604.51,1,New / Promising,109.90669980580705,332.71482668043456
12945,283,2,900.11,2,At-Risk,86.03587264374697,479.6343025064213
12946,432,1,324.45,0,Lost / Hibernating,,
12947,139,6,1908.03,2,At-Risk,267.3802690021997,262.87555578307655
12948,11,9,2317.43,3,Champions,260.74602277806514,275.43857045845465
12949,26,22,15526.7,3,Champions,1574.3390376886161,916.882412435029
12950,3,2,1483.0,1,New / Promising,1919.7765496859683,1195.5370650686352
12951,4,15,3213.7200000000003,3,Champions,369.7781719651751,218.52757879775137
12952,1,4,1387.79,1,New / Promising,545.0134899580027,335.7180455449595
12953,5,2,828.8100000000001,1,New / Promising,81.81907338197776,345.1341152002872
12954,634,1,162.45,0,Lost / Hibernating,,
12955,3,10,4410.24,3,Champions,1127.2181749034248,439.187026024688
12956,301,4,521.89,2,At-Risk,58.042302375973435,160.7515457764288
12957,5,13,8706.97,3,Champions,900.0528009112178,761.8642400838639
12958,395,2,539.49,0,Lost / Hibernating,68.05094479549186,388.33383726893663
12959,479,1,150.95,0,Lost / Hibernating,,
12960,409,4,1322.07,2,At-Risk,91.43004898353301,307.7650306057349
12961,374,1,211.99,0,Lost / Hibernating,,
12962,2,2,266.39,1,New / Promising,85.81882218516975,108.67247861399596
12963,4,12,3601.59,3,Champions,465.7939257835408,290.02203819424835
12964,432,1,132.24,0,Lost / Hibernating,,
12965,84,1,771.91,1,New / Promising,,
12966,5,1,160.18,1,New / Promising,,
12967,353,3,4306.92,2,At-Risk,234.71103108744765,1528.4514016008175
12968,107,1,135.95,0,Lost / Hibernating,,
12969,598,1,122.45,0,Lost / Hibernating,,
12970,2,10,1524.97,3,Champions,162.21225809070023,319.83769296367694
12971,3,115,15869.99,3,Champions,1785.2050180050642,163.11267234397215
12972,409,4,1161.2,2,At-Risk,69.89543735148938,235.27682260737558
12973,409,1,385.55,0,Lost / Hibernating,,
12974,193,2,408.95,0,Lost / Hibernating,33.31863578976885,158.1374235323676
12975,432,6,2100.09,2,At-Risk,127.1362174523496,418.62730032720344
12976,207,8,3156.38,2,At-Risk,338.1507325898124,465.88352546525886
12977,151,4,517.63,2,At-Risk,58.28076032906385,152.98187636975115
12978,380,5,2502.82,2,At-Risk,147.34271668416665,393.2562703184851
12979,724,1,517.7,0,Lost / Hibernating,,
12980,153,21,16245.78,3,Champions,1359.230852825061,775.5672526655576
12981,25,2,372.21999999999997,1,New / Promising,139.05918732884774,198.8007408666939
12982,238,8,2744.81,2,At-Risk,227.1586167773978,293.94159796224505
12983,594,1,490.08000000000004,0,Lost / Hibernating,,
12984,14,1,97.5,1,New / Promising,,
12985,24,1,754.38,1,New / Promising,,
12986,424,10,2729.84,2,At-Risk,75.20466109870783,406.9829967691573
12987,69,5,1312.21,2,At-Risk,139.34627796510054,261.07225149416496
12988,287,1,535.32,0,Lost / Hibernating,,
12989,4,32,13490.550000000001,3,Champions,1492.4046368608206,503.6301579446691
12990,27,7,955.5,1,New / Promising,120.618285458472,141.94480892596346
12991,18,3,764.82,1,New / Promising,130.11914869197682,259.07410232212067
12992,720,1,93.35000000000001,0,Lost / Hibernating,,
12993,18,8,1259.6299999999999,1,New / Promising,147.84590465709843,183.9476860181861
12994,115,2,645.47,0,Lost / Hibernating,121.67845446262362,307.76509246113744
12995,80,1,211.32,0,Lost / Hibernating,,
12996,371,1,355.5,0,Lost / Hibernating,,
12997,17,8,2110.91,3,Champions,300.3203536326089,303.2583107873814
12998,488,3,920.08,2,At-Risk,60.20313861232421,317.43789461693376
12999,191,3,455.88,0,Lost / Hibernating,38.39904318733648,74.030924822479
13000,102,4,1032.5,2,At-Risk,72.30075842922372,182.81477405187425
13001,17,32,23581.09,3,Champions,2553.43463856517,733.2414331880866
13002,313,3,414.13,0,Lost / Hibernating,38.998763311038765,123.36270413470692
13003,101,3,149.05,0,Lost / Hibernating,39.03793756063334,51.11162643595233
13004,7,36,11650.85,3,Champions,1295.6339017520822,334.10233150064477
13005,169,4,999.68,2,At-Risk,148.08252811125135,261.4543278353374
13006,51,1,81.57,0,Lost / Hibernating,,
13007,575,1,175.25,0,Lost / Hibernating,,
13008,318,3,612.13,2,At-Risk,57.56440986833919,218.3923476860358
13009,668,1,234.0,0,Lost / Hibernating,,
13010,369,2,330.12,0,Lost / Hibernating,28.499099841108233,166.4236860110325
13011,367,1,101.10000000000001,0,Lost / Hibernating,,
13012,5,11,2972.83,3,Champions,371.72413506191884,260.53434061630236
13013,16,28,12330.67,3,Champions,1326.5268322001195,463.62710651172875
13014,6,11,5381.08,3,Champions,657.2970727600808,348.15956109998774
13015,48,11,6586.42,3,Champions,828.4810569315885,733.763733266402
13016,68,3,789.89,1,New / Promising,266.2889105317672,380.2900995457448
13017,2,1,204.0,1,New / Promising,,
13018,11,35,9763.16,3,Champions,1139.627594761239,389.574206516738
13019,374,6,1229.95,2,At-Risk,80.4419920269854,197.73993952127995
13020,558,2,618.96,0,Lost / Hibernating,21.631963553230058,184.5625166807929
13021,21,16,4581.81,3,Champions,502.4492331341621,311.6453919673762
13022,425,1,65.3,0,Lost / Hibernating,,
13023,59,3,1449.03,2,At-Risk,134.4888219611576,352.63108042887677
13024,466,2,555.87,0,Lost / Hibernating,48.27692877278832,323.0946780466675
13025,727,1,323.39,0,Lost / Hibernating,,
13026,27,8,1532.56,3,Champions,146.3218350775958,172.86725220978977
13027,109,19,17335.2,3,Champions,1909.9948482194181,937.5917653946394
13028,18,2,661.3199999999999,1,New / Promising,406.46426610784954,320.40669534017377
13029,26,5,1927.3,1,New / Promising,274.4927352767762,398.8608566748864
13030,6,2,1227.22,1,New / Promising,124.61533922078135,387.46479022849127
13031,402,5,3419.27,2,At-Risk,113.70390076207059,614.7803032310039
13032,47,9,2843.55,3,Champions,432.650316136898,463.3188908351092
13033,352,2,220.55,0,Lost / Hibernating,40.385354554777564,204.36870504443095
13034,50,3,922.68,1,New / Promising,200.17810703942018,412.30670098660283
13035,69,3,1364.2,2,At-Risk,213.0008737032179,469.2279848084043
13036,680,1,307.1,0,Lost / Hibernating,,
13037,133,12,3914.9500000000003,2,At-Risk,405.0645596011856,361.72167967234793
13038,75,3,908.46,2,At-Risk,165.49016595354706,263.8992177719158
13039,579,4,1010.73,2,At-Risk,27.238178407982144,287.5381747261688
13040,4,2,676.99,1,New / Promising,566.0538967740914,389.48582985743394
13041,446,4,799.13,2,At-Risk,34.63059194566635,185.53086582865743
13042,593,3,1556.54,2,At-Risk,56.60772547497169,452.42049932495144
13043,268,1,516.42,0,Lost / Hibernating,,
13044,286,11,4853.9,2,At-Risk,268.41714934009553,469.3126851372647
13045,94,3,808.92,2,At-Risk,101.10081399760577,248.88104593442856
13046,26,3,949.25,1,New / Promising,140.78115016429862,322.1775653139721
13047,27,24,8795.16,3,Champions,983.1000958226875,472.52612801539937
13048,9,9,4084.21,3,Champions,471.6590717994301,463.26548727856215
13049,59,4,1408.24,2,At-Risk,263.5319464004669,392.1511923602737
13050,10,35,12344.53,3,Champions,1371.7666289712915,353.8822113384092
13051,574,2,155.8,0,Lost / Hibernating,8.509661029726878,93.46415540620242
13052,207,7,3168.53,2,At-Risk,332.5267376186512,524.943196337193
13053,617,1,127.65,0,Lost / Hibernating,,
13055,73,4,2321.11,2,At-Risk,280.4186417362433,616.2582996551289
13056,546,1,209.48,0,Lost / Hibernating,,
13057,525,3,722.09,2,At-Risk,25.492384873617283,191.1404977185473
13058,20,3,271.40000000000003,1,New / Promising,125.11299126216107,118.38680382710572
13059,245,10,2303.17,2,At-Risk,164.25078556735684,211.3714507160024
13060,249,1,307.53,0,Lost / Hibernating,,
13061,67,1,248.61,0,Lost / Hibernating,,
13062,186,1,346.98,0,Lost / Hibernating,,
13063,476,1,188.4,0,Lost / Hibernating,,
13064,8,6,1680.74,1,New / Promising,219.40460276315667,291.16245079596877
13065,368,5,1260.91,2,At-Risk,76.2050141278729,271.9656022566516
13066,20,2,470.8,1,New / Promising,479.27075070596595,334.1598700151286
13067,77,3,508.51,1,New / Promising,59.39464211786371,135.10381839587498
13068,5,2,344.0,1,New / Promising,69.93985306092387,192.69720118728708
13069,9,37,9402.89,3,Champions,1279.634640048221,287.4681264985147
13070,187,4,751.7,2,At-Risk,78.05543897787103,203.77082698481325
13071,607,1,129.22,0,Lost / Hibernating,,
13072,262,1,177.15,0,Lost / Hibernating,,
13073,406,2,418.08,0,Lost / Hibernating,18.400685797928794,128.2260370240162
13074,506,4,1378.74,2,At-Risk,71.59968950481138,360.2939779734723
13075,125,1,919.61,0,Lost / Hibernating,,
13076,453,1,135.4,0,Lost / Hibernating,,
13077,285,10,2912.84,2,At-Risk,224.9186796923562,338.70214455700017
13078,5,56,28693.37,3,Champions,3127.840908681963,529.8159756373689
13079,17,5,389.18,1,New / Promising,42.54551535728027,50.579428131969095
13080,174,4,280.73,0,Lost / Hibernating,33.42511101806022,74.29821072379642
13081,7,28,59205.15,3,Champions,6484.816183455215,2373.1652720019056
13082,121,21,7335.75,3,Champions,790.1164503589346,477.34870058030566
13083,71,2,284.07,1,New / Promising,57.66442455552588,206.22806150305817
13084,487,1,122.39999999999999,0,Lost / Hibernating,,
13085,153,8,2433.28,2,At-Risk,220.66002386027478,449.638008020136
13086,378,1,439.33000000000004,0,Lost / Hibernating,,
13087,721,1,313.64,0,Lost / Hibernating,,
13088,412,1,236.11,0,Lost / Hibernating,,
13089,3,201,112670.58,3,Champions,12448.527187959573,870.7227569818768
13090,4,24,14103.09,3,Champions,2240.9539473194236,654.8823184254597
13091,23,3,2321.82,1,New / Promising,63.1106258796864,361.2721166373944
13092,66,12,2140.28,3,Champions,214.4510008369242,155.04866078048644
13093,271,55,54943.65,3,Champions,0.06685369299372787,1285.124992911381
13094,16,13,2433.1200000000003,3,Champions,442.2394224856065,180.38074860169723
13095,66,1,74.39999999999999,0,Lost / Hibernating,,
13096,389,1,419.70000000000005,0,Lost / Hibernating,,
13097,28,28,13389.22,3,Champions,1449.122820915773,584.3483821588485
13098,5,25,26516.68,3,Champions,6170.452567333879,1125.708266361836
13099,94,1,207.35999999999999,0,Lost / Hibernating,,
13101,229,4,695.4,2,At-Risk,71.82858673442456,180.13882156243272
13102,3,36,11502.85,3,Champions,1512.698888087004,349.8885035422407
13103,35,3,709.64,1,New / Promising,106.43135252108476,300.56004286650466
13104,42,8,1369.62,2,At-Risk,170.9448622689511,183.79493227096785
13105,431,1,72.0,0,Lost / Hibernating,,
13106,128,2,603.46,0,Lost / Hibernating,24.985506501544304,89.1189202039757
13107,39,9,5253.07,3,Champions,597.3708572501869,583.0663826869386
13108,368,2,1098.52,2,At-Risk,133.87594615769322,719.2992869045868
13109,55,3,1134.03,1,New / Promising,147.4987685534743,401.20390929014724
13110,26,12,2957.4700000000003,3,Champions,303.5542148246703,260.9097314093814
13111,714,1,321.88000000000005,0,Lost / Hibernating,,
13112,536,1,20.6,0,Lost / Hibernating,,
13113,10,36,18286.53,3,Champions,2332.1703678256727,522.9451523955595
13114,726,1,234.38,0,Lost / Hibernating,,
13115,7,10,5494.7,3,Champions,675.5424381957121,528.5993381354549
13116,133,1,501.14,0,Lost / Hibernating,,
13117,17,18,2643.81,3,Champions,336.0239575997487,148.75469096888992
13118,15,9,2415.41,3,Champions,420.2346655237244,315.5737690181513
13119,664,1,134.9,0,Lost / Hibernating,,
13120,234,1,30.599999999999998,0,Lost / Hibernating,,
13121,264,1,283.73,0,Lost / Hibernating,,
13122,89,2,922.39,2,At-Risk,13.463026986722525,30.731085323822242
13123,468,2,506.75,0,Lost / Hibernating,22.103177072517248,164.71590752457595
13124,85,4,4782.45,2,At-Risk,892.7132631565305,1297.17504899246
13125,519,1,158.57,0,Lost / Hibernating,,
13126,40,12,3628.81,3,Champions,416.04133196657585,317.8960558830118
13127,73,1,259.17,0,Lost / Hibernating,,
13128,626,1,263.5,0,Lost / Hibernating,,
13129,447,2,233.25,0,Lost / Hibernating,20.60341641543344,137.62387129859957
13130,89,1,64.0,0,Lost / Hibernating,,
13131,18,7,3313.77,3,Champions,360.811658573882,535.9260633253359
13132,257,1,77.3,0,Lost / Hibernating,,
13133,269,3,200.45000000000002,0,Lost / Hibernating,22.272812673547328,61.063427051154704
13134,81,6,2475.23,2,At-Risk,445.1139386927424,443.53770521960365
13135,192,2,3371.45,2,At-Risk,742.3241579687815,3140.3835000001577
13136,51,13,6274.56,3,Champions,680.8216965138317,718.0795736654746
13137,6,16,7712.7,3,Champions,1118.2824855384358,459.24146713142494
13138,17,7,1467.24,1,New / Promising,246.20515177609852,194.89000482184406
13139,11,8,8202.98,3,Champions,984.3402256798594,847.5757806154995
13140,103,5,1215.68,2,At-Risk,173.6257326807411,244.40387078304295
13141,80,17,7668.58,3,Champions,834.4526147807819,523.8767771387236
13142,14,1,307.09,1,New / Promising,,
13143,580,1,405.1,0,Lost / Hibernating,,
13144,328,2,135.35,0,Lost / Hibernating,26.710546680725784,123.93132781251303
13145,35,7,1423.52,2,At-Risk,194.56788732360502,222.58806233674883
13146,21,1,228.91,1,New / Promising,,
13147,5,4,712.8000000000001,1,New / Promising,396.1400498107551,202.6000977706826
13148,24,26,8621.81,3,Champions,951.5232516793166,488.6581319575632
13149,10,4,1676.06,1,New / Promising,393.57454441382515,438.5254490022956
13150,480,3,449.96999999999997,0,Lost / Hibernating,42.41158266811515,288.1407976641042
13151,291,3,2580.7400000000002,2,At-Risk,234.95878262326227,789.6407814844326
13152,412,7,2146.38,2,At-Risk,63.914818325302605,280.0861577409565
13153,1,1,486.22,1,New / Promising,,
13154,394,3,1624.84,2,At-Risk,159.07865735257536,653.1151450648658
13155,28,6,1750.18,1,New / Promising,271.0419966125939,305.8710750342865
13156,381,3,1586.54,2,At-Risk,104.16587433455241,404.2598157416842
13157,44,9,5687.36,3,Champions,744.6109024137618,787.7216548978959
13158,90,5,1508.18,2,At-Risk,264.48708601412045,303.97891931566664
13159,4,4,1437.85,1,New / Promising,591.0433124079893,331.89543217927394
13160,18,1,91.8,1,New / Promising,,
13161,308,2,478.88,0,Lost / Hibernating,26.688843713122907,125.75026347856144
13162,117,16,9275.49,3,Champions,936.5998405035964,573.2632672081324
13163,605,1,17.65,0,Lost / Hibernating,,
13164,564,2,372.2,0,Lost / Hibernating,12.617957498802381,109.22826451195519
13165,41,3,1451.16,1,New / Promising,246.36550536684373,519.2885576000283
13166,278,2,884.18,2,At-Risk,105.5367755092106,433.4030209943579
13167,14,5,1125.15,1,New / Promising,179.4963699009488,201.27913542441829
13168,32,5,1875.31,1,New / Promising,222.14913516087609,333.58848041949886
13169,59,3,840.08,1,New / Promising,131.4506798263391,364.1812005368237
13170,22,1,116.00999999999999,1,New / Promising,,
13171,17,3,468.41,1,New / Promising,107.0743485640958,170.76443726701677
13172,395,1,69.6,0,Lost / Hibernating,,
13173,362,10,2451.64,2,At-Risk,89.60378621625333,270.430803914419
13174,11,12,9494.84,3,Champions,1039.6838709579097,888.539112426805
13175,578,2,831.45,0,Lost / Hibernating,63.769353604407364,529.5034553505815
13176,41,1,492.84,1,New / Promising,,
13177,60,2,512.2,1,New / Promising,82.54123729874071,297.2354759943462
13178,21,21,14059.19,3,Champions,1552.0254758092617,672.9548413660527
13179,614,1,572.3100000000001,0,Lost / Hibernating,,
13180,602,1,86.10000000000001,0,Lost / Hibernating,,
13181,376,1,359.69,0,Lost / Hibernating,,
13182,40,1,121.18,1,New / Promising,,
13183,3,15,7036.18,3,Champions,864.5006495683001,468.5220443260409
13184,10,10,1701.29,3,Champions,402.8895461614586,187.80203012346684
13185,263,1,71.4,0,Lost / Hibernating,,
13186,35,3,1575.89,1,New / Promising,352.0125103945663,301.18831310736346
13187,332,4,367.01,0,Lost / Hibernating,45.25324148604973,250.31704100844235
13188,6,1,114.60000000000001,1,New / Promising,,
13189,14,2,260.68,1,New / Promising,113.9199475548356,146.9004431954464
13190,539,3,570.66,0,Lost / Hibernating,37.70455120945543,218.76428366862422
13191,653,1,164.69,0,Lost / Hibernating,,
13192,90,6,2558.58,2,At-Risk,246.40629746709087,462.541590561618
13193,56,1,117.88,0,Lost / Hibernating,,
13194,131,2,472.78,0,Lost / Hibernating,20.171448585981384,73.1527071353287
13195,410,1,172.38,0,Lost / Hibernating,,
13196,6,7,3068.84,3,Champions,418.4550721284305,577.3142359844854
13197,605,1,373.01000000000005,0,Lost / Hibernating,,
13198,5,8,4974.2300000000005,3,Champions,802.6944394351257,595.7547358655986
13199,3,66,16130.85,3,Champions,1791.9442682705835,291.04238189139147
13200,14,4,870.09,1,New / Promising,313.4958448889749,188.1399195058629
13201,497,4,1240.6100000000001,2,At-Risk,45.24965807043385,312.9363087915807
13202,389,7,1580.3,2,At-Risk,73.84132960845763,212.33360367149598
13203,5,10,2648.25,3,Champions,278.2001350920566,258.0808738708944
13204,726,1,966.6600000000001,0,Lost / Hibernating,,
13205,438,1,2803.2,2,At-Risk,,
13206,395,13,8377.32,2,At-Risk,37.89250254200171,666.2843077331336
13207,10,4,535.86,1,New / Promising,52.19734259332998,111.50398514886918
13208,54,9,1988.5,2,At-Risk,228.59263495929991,242.69971779853472
13209,25,13,8509.51,3,Champions,1031.9685370920245,827.251309985546
13210,89,1,353.48,0,Lost / Hibernating,,
13211,5,10,2729.32,3,Champions,298.51800629437463,313.5544201374141
13212,15,3,788.08,1,New / Promising,570.3859745706025,513.6483994615263
13213,52,11,3851.52,3,Champions,527.0390785447888,396.86585089898045
13214,413,7,3264.23,2,At-Risk,42.86017056562819,271.8535404048507
13215,397,1,81.6,0,Lost / Hibernating,,
13216,263,1,333.74,0,Lost / Hibernating,,
13217,117,4,666.48,2,At-Risk,78.7469256551961,182.5237642186475
13218,122,1,62.63999999999999,0,Lost / Hibernating,,
13219,613,1,76.23,0,Lost / Hibernating,,
13220,73,5,1336.0900000000001,2,At-Risk,130.402302819701,208.28737489333517
13221,235,2,847.41,2,At-Risk,102.4703263417808,364.73819960103106
13222,572,1,88.5,0,Lost / Hibernating,,
13223,196,6,969.1200000000001,2,At-Risk,96.91643484039288,153.16112375170638
13224,55,2,2155.95,1,New / Promising,604.2149513367119,965.4315981153687
13225,55,15,14896.87,3,Champions,1571.0277957074857,1038.0051623611225
13226,268,2,312.46,0,Lost / Hibernating,30.725661493302997,121.1625035208616
13227,197,1,257.7,0,Lost / Hibernating,,
13228,76,1,358.0,0,Lost / Hibernating,,
13229,221,1,160.95,0,Lost / Hibernating,,
13230,24,29,5963.5199999999995,3,Champions,736.9309827635452,210.90395329405865
13232,8,7,1357.6,1,New / Promising,396.9678340677295,209.0061637301334
13233,69,4,1176.46,2,At-Risk,124.25989357282603,300.215499644898
13234,668,2,356.95,0,Lost / Hibernating,10.362468834383106,131.15654448598306
13235,207,1,1031.07,0,Lost / Hibernating,,
13236,20,2,744.85,1,New / Promising,260.6686220491193,320.6492200956469
13237,383,1,643.0,0,Lost / Hibernating,,
13238,12,6,1006.63,1,New / Promising,136.23521149279298,180.6403371229523
13239,257,5,1594.69,2,At-Risk,185.2709294301317,332.5282210148666
13240,91,8,1738.52,2,At-Risk,212.75905897602843,266.2805376330151
13241,407,1,115.58,0,Lost / Hibernating,,
13242,108,7,699.4,2,At-Risk,78.68064447446362,119.06613594106993
13243,199,5,1278.04,2,At-Risk,156.93334264153899,501.1441130440281
13244,88,1,121.74000000000001,0,Lost / Hibernating,,
13245,46,2,989.22,1,New / Promising,124.04523758681063,446.84293452682664
13246,13,11,3387.43,3,Champions,515.0782196621233,324.53296510464946
13247,13,4,501.12,1,New / Promising,151.03144286605686,69.48818612402528
13248,120,2,465.68,0,Lost / Hibernating,44.97518572299405,90.8469090867217
13249,87,9,1608.93,2,At-Risk,192.7496071875512,193.2791574408125
13250,456,2,256.04,0,Lost / Hibernating,17.48136211804493,133.0765321334786
13251,397,1,252.68,0,Lost / Hibernating,,
13252,389,2,399.3,0,Lost / Hibernating,11.101414147775248,64.76539267521665
13253,152,4,2951.11,2,At-Risk,267.03472426785237,665.1117260457577
13254,371,1,51.410000000000004,0,Lost / Hibernating,,
13255,5,3,904.46,1,New / Promising,126.75659622471198,320.1168389239554
13257,431,1,149.75,0,Lost / Hibernating,,
13258,7,5,1035.18,1,New / Promising,199.45056895075646,228.2618599891143
13259,57,9,1433.38,2,At-Risk,163.6533268101221,215.87808686041353
13260,56,1,557.62,1,New / Promising,,
13261,264,2,944.1,2,At-Risk,28.165324207798434,111.85561602958064
13262,258,3,573.45,2,At-Risk,55.84207979605711,177.28839544809392
13263,4,38,8497.34,3,Champions,1531.729022210093,232.0170437870435
13264,438,1,722.5600000000001,0,Lost / Hibernating,,
13265,48,5,2107.66,2,At-Risk,537.5639443263174,454.1597762611682
13266,6,19,6135.04,3,Champions,679.6099855256751,325.2537308018702
13267,13,35,9457.06,3,Champions,1040.467292073207,366.64072021645933
13268,13,11,3214.69,3,Champions,732.4959510741847,286.1989536094279
13269,7,27,8558.02,3,Champions,951.9638949485116,440.6030513405581
13270,361,1,1180.0,0,Lost / Hibernating,,
13271,32,1,217.38,1,New / Promising,,
13272,26,2,276.56,1,New / Promising,133.45827692986813,148.84064123923133
13273,108,1,138.98,0,Lost / Hibernating,,
13274,404,1,360.85,0,Lost / Hibernating,,
13275,379,2,241.66,0,Lost / Hibernating,12.74929371020901,73.96112298690575
13276,59,5,1939.26,2,At-Risk,221.7451689738816,389.5441091405646
13277,11,7,523.3,1,New / Promising,85.07076683423537,88.16817043560289
13278,36,4,1435.85,1,New / Promising,179.91703658570356,384.61838610249583
13279,73,1,137.75,0,Lost / Hibernating,,
13280,118,7,2322.63,2,At-Risk,252.92039234196318,371.93863165182876
13281,434,1,350.85,0,Lost / Hibernating,,
13282,13,4,1313.19,1,New / Promising,257.55091733869006,382.60473185419113
13283,55,4,373.36,1,New / Promising,38.42314491115092,86.04898709305657
13284,326,1,201.19,0,Lost / Hibernating,,
13285,18,6,3364.59,3,Champions,435.8370944048937,608.4630897672806
13286,595,1,734.91,0,Lost / Hibernating,,
13287,598,3,781.59,2,At-Risk,27.02846083069209,265.8342901137607
13288,438,5,927.61,2,At-Risk,34.427577982694835,143.75943609226383
13289,719,1,307.95,0,Lost / Hibernating,,
13290,433,1,208.63,0,Lost / Hibernating,,
13291,151,11,3320.84,2,At-Risk,374.66698420287764,315.64471216665237
13292,34,5,994.51,1,New / Promising,136.36334998814138,199.45689290156332
13293,387,6,1192.94,2,At-Risk,63.79950146671528,194.01017392548908
13294,185,3,1689.53,2,At-Risk,137.37843801146022,445.0320412924527
13295,355,4,1101.97,2,At-Risk,93.20608191297336,269.9906162766559
13296,132,6,792.51,2,At-Risk,101.48942242247682,136.85517378536863
13297,3,7,4368.62,3,Champions,608.3504532460088,746.3020788140905
13299,264,3,1218.7,2,At-Risk,151.07089260376017,441.90576857393955
13300,165,3,1285.51,2,At-Risk,169.7147893941629,493.68026258262626
13301,99,4,618.09,2,At-Risk,129.11650414921152,152.48619752466627
13302,150,2,159.2,0,Lost / Hibernating,17.32381576513803,76.23479256946625
13303,395,1,61.72,0,Lost / Hibernating,,
13304,346,4,1217.99,2,At-Risk,109.07210239513682,308.34705027218854
13305,17,15,3541.5499999999997,3,Champions,410.6634917850572,224.271135379705
13306,425,1,53.65,0,Lost / Hibernating,,
13307,115,3,273.34,0,Lost / Hibernating,9.795941477730754,28.79546748065004
13308,18,4,1670.3700000000001,1,New / Promising,223.86498967853458,467.3554921354162
13309,2,6,1706.3700000000001,1,New / Promising,319.07713319821005,294.30900210461556
13310,23,5,1541.2,1,New / Promising,283.21052133077353,326.71058016817267
13311,145,1,490.11,0,Lost / Hibernating,,
13312,446,1,124.75,0,Lost / Hibernating,,
13313,17,12,3445.32,3,Champions,358.7999143240603,307.63237107917297
13314,59,2,589.47,1,New / Promising,96.17871376797407,102.60935972716796
13315,684,1,310.26,0,Lost / Hibernating,,
13316,32,10,13191.57,3,Champions,1493.6328374483599,1244.3172090003625
13317,61,19,6486.091,3,Champions,701.1147607903165,434.6776636004527
13318,1,2,489.92,1,New / Promising,280.81617032144584,200.74093891047886
13319,12,57,21773.4,3,Champions,2380.149143052912,556.9549798409803
13320,73,6,2228.1,2,At-Risk,356.52453147374956,484.5588922407903
13321,67,2,567.36,1,New / Promising,273.76314867151996,323.37762359471947
13322,12,1,199.48000000000002,1,New / Promising,,
13323,3,4,513.0500000000001,1,New / Promising,292.0287236344933,135.28316795816897
13324,31,18,10513.47,3,Champions,1505.3221145489556,925.8763469165442
13325,77,1,675.3,1,New / Promising,,
13326,427,1,281.76,0,Lost / Hibernating,,
13327,34,20,9879.48,3,Champions,1039.2918182298954,499.0114457990075
13328,311,1,1308.48,0,Lost / Hibernating,,
13329,27,8,5112.97,3,Champions,591.5530318676571,960.0010128186009
13330,88,6,2806.18,2,At-Risk,295.82255709257123,436.76961364680085
13331,397,1,262.4,0,Lost / Hibernating,,
13332,9,1,350.9,1,New / Promising,,
13333,406,3,1015.74,2,At-Risk,107.9863769615362,434.88924652402926
13334,77,5,6263.75,2,At-Risk,712.5815680168396,1274.2716790059374
13336,72,1,795.12,1,New / Promising,,
13337,541,1,1575.26,0,Lost / Hibernating,,
13338,153,4,2445.62,2,At-Risk,228.26162312231787,568.7105376136263
13339,196,1,860.12,0,Lost / Hibernating,,
13340,41,12,22100.56,3,Champions,2111.1935511560523,2010.955727250658
13341,256,1,775.85,0,Lost / Hibernating,,
13343,173,1,353.43,0,Lost / Hibernating,,
13344,63,3,2543.72,2,At-Risk,362.6411548947192,908.7212261272377
13345,283,1,389.5,0,Lost / Hibernating,,
13346,458,6,299.4,2,At-Risk,7.182440698532155,66.47078658437712
13347,65,1,341.36,0,Lost / Hibernating,,
13348,59,1,233.76,0,Lost / Hibernating,,
13349,6,1,247.32,1,New / Promising,,
13350,11,2,979.12,1,New / Promising,338.466647776544,347.86251869935984
13351,62,1,373.94,1,New / Promising,,
13352,55,1,397.97999999999996,1,New / Promising,,
13354,66,1,743.53,1,New / Promising,,
13355,117,1,674.7,0,Lost / Hibernating,,
13356,75,1,768.24,1,New / Promising,,
13357,252,5,3838.36,2,At-Risk,317.3999940293482,761.6366772805255
13358,264,1,439.03,0,Lost / Hibernating,,
13359,59,2,1043.31,1,New / Promising,133.8841964343122,455.9982440459369
13360,427,4,1553.65,2,At-Risk,82.58171744527212,288.5985209001099
13361,467,2,1450.5,2,At-Risk,98.47466681001433,651.7258269108889
13362,4,7,5394.07,3,Champions,914.5021200188976,767.548596115082
13363,13,3,1723.86,1,New / Promising,243.09099611069058,504.7227403359594
13364,66,1,134.95999999999998,0,Lost / Hibernating,,
13365,29,2,2225.37,1,New / Promising,761.6638203137127,1552.624451908369
13366,45,1,56.160000000000004,0,Lost / Hibernating,,
13367,427,1,510.20000000000005,0,Lost / Hibernating,,
13368,252,4,1121.5,2,At-Risk,110.78870748498872,224.27531293515904
13369,361,1,616.5600000000001,0,Lost / Hibernating,,
13370,367,1,1509.74,0,Lost / Hibernating,,
13371,500,2,2297.66,2,At-Risk,157.58753624936463,1132.1269467105594
13372,85,1,378.64,0,Lost / Hibernating,,
13373,56,6,7587.1900000000005,3,Champions,844.5588865178936,1372.950799054351
13374,410,2,422.8,0,Lost / Hibernating,20.267487094727027,136.31019553978683
13375,84,2,1792.23,2,At-Risk,214.29419445471973,798.6554079350203
13376,94,3,1019.76,2,At-Risk,238.77895964200752,329.44036929829906
13377,392,2,1552.88,2,At-Risk,127.36626143110342,757.1331487583933
13379,21,3,572.56,1,New / Promising,255.4068774626653,225.15253547767583
13380,428,1,62.4,0,Lost / Hibernating,,
13381,27,12,8224.37,3,Champions,952.2409954183871,747.8587818014213
13382,276,5,1387.58,2,At-Risk,131.4217582191831,286.804220874673
13383,539,1,305.28000000000003,0,Lost / Hibernating,,
13384,26,11,6680.83,3,Champions,951.9222635941244,635.769969071476
13385,325,1,534.57,0,Lost / Hibernating,,
13386,410,2,835.46,0,Lost / Hibernating,75.11803107304259,539.0629727954803
13387,412,1,189.44,0,Lost / Hibernating,,
13388,127,3,1185.65,2,At-Risk,141.5814952534891,696.0371207754567
13389,6,3,797.96,1,New / Promising,213.98518025113492,277.3240962785852
13390,70,1,544.08,1,New / Promising,,
13391,199,1,59.8,0,Lost / Hibernating,,
13392,672,1,91.14,0,Lost / Hibernating,,
13393,579,4,1131.45,2,At-Risk,39.68578164851526,379.3902439262494
13394,49,18,6319.6,3,Champions,681.7419916661006,354.73259048282154
13395,180,3,1180.23,2,At-Risk,148.45916923543857,341.29708528378507
13396,24,2,1360.99,1,New / Promising,359.4925613669188,995.7775081439428
13397,68,10,3191.87,3,Champions,356.87804594227464,320.4329965715426
13398,187,2,670.34,0,Lost / Hibernating,120.70008112313774,473.96528634723717
13399,459,3,275.4,0,Lost / Hibernating,11.533794024354636,94.08531091068984
13400,578,1,310.83,0,Lost / Hibernating,,
13402,122,4,1535.13,2,At-Risk,206.24366406042702,420.1985193902328
13403,13,3,229.5,1,New / Promising,23.649749275216287,81.72095257058993
13404,208,1,217.81,0,Lost / Hibernating,,
13405,69,6,1213.811,2,At-Risk,134.20144721674922,216.25869668499158
13406,422,2,568.92,0,Lost / Hibernating,72.86325076375522,445.0846300496465
13407,574,3,2244.7,2,At-Risk,42.52013207274933,438.4678738159606
13408,3,104,50870.622,3,Champions,5617.147986797534,690.1213361052337
13410,19,9,2201.96,3,Champions,254.33743196332256,266.913727186416
13411,102,1,213.55,0,Lost / Hibernating,,
13412,615,1,487.34999999999997,0,Lost / Hibernating,,
13413,635,6,429.44,2,At-Risk,2.3873188040453353,141.70545393282868
13414,129,6,2494.14,2,At-Risk,328.10197793110626,458.14812499032655
13415,468,4,800.67,2,At-Risk,35.80180491926551,165.33115622407047
13416,39,3,940.8000000000001,1,New / Promising,103.29225299432616,363.99020638360264
13417,200,5,1264.66,2,At-Risk,92.40976754693733,224.86402248283613
13418,7,31,12233.6,3,Champions,1307.2883464493461,476.6038647808509
13419,59,1,221.06,0,Lost / Hibernating,,
13420,145,2,159.85,0,Lost / Hibernating,56.12377326178916,116.95874109266086
13421,35,8,4103.12,3,Champions,446.5995538472305,660.4393073713862
13422,59,1,2626.3,1,New / Promising,,
13423,424,1,217.03,0,Lost / Hibernating,,
13424,445,1,572.77,0,Lost / Hibernating,,
13425,103,5,3403.63,2,At-Risk,398.64036089949866,646.3725243562644
13426,5,21,7875.6,3,Champions,836.3629797954184,383.66764530581725
13427,15,6,1006.53,1,New / Promising,115.94468900435086,184.82905829178785
13428,5,3,499.98,1,New / Promising,55.891855145395255,232.58241826447048
13429,6,4,1006.8,1,New / Promising,528.5552724355757,230.0955095996944
13430,14,2,679.45,1,New / Promising,331.9663925653078,358.5639235346112
13431,62,8,3316.24,2,At-Risk,404.06613334067424,506.62588215821967
13432,566,2,439.1,0,Lost / Hibernating,30.091447561393878,323.86267310566575
13433,496,4,658.3199999999999,2,At-Risk,37.440208277967514,192.27092116143822
13434,69,5,1666.8600000000001,2,At-Risk,187.2786714578603,335.716518799009
13435,19,8,4032.9300000000003,3,Champions,631.5936340539214,532.3304121169623
13437,9,7,3408.06,3,Champions,758.429343761352,330.38175645322326
13438,542,1,46.5,0,Lost / Hibernating,,
13439,250,3,986.61,2,At-Risk,124.76410809054244,358.8785997039759
13440,419,7,1295.25,2,At-Risk,3.355929095324238,31.283417634450633
13441,87,2,720.9,1,New / Promising,85.66366278048577,311.57475216169433
13442,662,3,419.87,0,Lost / Hibernating,7.080324789900814,117.39162376558549
13443,444,6,1280.16,2,At-Risk,38.95956368994947,212.85941918524895
13444,370,2,631.6800000000001,0,Lost / Hibernating,97.89146851050847,513.4260851023427
13445,621,1,241.89999999999998,0,Lost / Hibernating,,
13446,425,11,3881.89,2,At-Risk,4.432904528526369,335.58847422135636
13447,18,3,1129.14,1,New / Promising,1054.9956871106353,460.95994843870335
13448,12,13,9240.87,3,Champions,976.8962902766748,832.7880739229334
13449,19,1,291.88,1,New / Promising,,
13450,22,13,4120.04,3,Champions,540.1464558817839,324.622548636495
13451,21,11,7190.92,3,Champions,854.8460128330771,633.6267409995991
13452,254,3,729.8,2,At-Risk,111.63561941689994,302.41972277944654
13453,161,3,781.6899999999999,2,At-Risk,84.89449718092375,185.30009755952452
13454,636,1,219.87,0,Lost / Hibernating,,
13455,20,6,2905.93,3,Champions,326.16447570377994,525.5484565252258
13456,13,6,1766.72,1,New / Promising,573.5903588555648,314.8056774125969
13457,684,2,148.22,0,Lost / Hibernating,3.410040218314952,47.909922169834864
13458,2,16,11959.27,3,Champions,2168.691235484171,710.4017774107396
13459,620,2,1160.4099999999999,2,At-Risk,48.295511153572036,547.0056585372249
13460,24,2,183.44,1,New / Promising,107.27275718947473,88.59344990045062
13461,34,6,4160.0,3,Champions,571.6515105632018,768.6185430317861
13462,248,5,1153.85,2,At-Risk,117.8493673416047,249.07853695240271
13464,53,6,3097.64,2,At-Risk,415.31934777202287,704.3308652860799
13465,441,2,931.12,0,Lost / Hibernating,53.607657838825254,334.7964974982455
13466,179,5,1013.35,2,At-Risk,111.61598168913866,255.12904513841994
13467,6,2,1083.71,1,New / Promising,444.4992241687971,316.23324850640716
13468,3,71,13265.97,3,Champions,1444.8404458262748,190.6680305428241
13469,648,1,82.4,0,Lost / Hibernating,,
13470,94,2,165.0,0,Lost / Hibernating,41.92983685565481,61.8348852132498
13471,1,3,2439.34,1,New / Promising,1582.9338186473092,758.6293623956453
13472,459,2,592.24,0,Lost / Hibernating,51.40513753980672,345.3463243613262
13473,56,8,2657.7599999999998,2,At-Risk,279.26697736621276,380.7791985354966
13474,231,3,663.79,2,At-Risk,57.61170230140226,156.0277304974343
13475,186,4,1431.78,2,At-Risk,250.56580698087197,376.75777566476125
13476,174,5,2061.4700000000003,2,At-Risk,250.84790689799172,459.28561664526507
13477,33,11,2834.17,3,Champions,304.5672620477144,269.5519202080292
13478,464,5,2215.78,2,At-Risk,141.3764900081224,615.897614824316
13479,196,4,851.37,2,At-Risk,84.94123014094518,159.11921475786946
13480,412,2,627.82,0,Lost / Hibernating,23.585768491375667,147.10254715834066
13481,41,11,3830.84,3,Champions,417.7877493167539,441.9915537746947
13482,227,2,336.09,0,Lost / Hibernating,37.818794343806644,198.39653294090536
13483,61,1,140.34,0,Lost / Hibernating,,
13484,236,3,790.72,2,At-Risk,97.40494019393873,319.98113255192993
13485,228,11,3019.2200000000003,2,At-Risk,292.70137878985526,358.6681260392437
13486,74,3,1122.41,2,At-Risk,459.6406065367314,468.4087204143245
13487,53,5,846.87,1,New / Promising,95.44071950286607,189.14505557140455
13488,12,23,15587.88,3,Champions,1862.2500287460844,847.6480797971763
13489,100,4,449.52,2,At-Risk,107.96564097935186,128.42269476336327
13490,649,1,154.25,0,Lost / Hibernating,,
13491,47,27,4566.56,3,Champions,489.37495607252265,167.61908194005093
13492,131,3,1269.84,2,At-Risk,346.22514700206636,485.6434296615613
13493,270,2,618.63,0,Lost / Hibernating,108.68469569438432,455.7152984978849
13494,307,1,316.26000000000005,0,Lost / Hibernating,,
13495,3,10,5374.26,3,Champions,584.2974473442941,548.8338545117626
13496,6,2,653.33,1,New / Promising,54.4530356706713,165.73653253719198
13497,278,6,1320.33,2,At-Risk,125.2382465584114,223.47953089513393
13498,725,1,327.38,0,Lost / Hibernating,,
13499,13,5,1159.11,1,New / Promising,308.7704076448557,253.80333359006664
13500,18,4,1466.3,1,New / Promising,267.91604986481997,394.1882611928611
13501,283,3,2885.11,2,At-Risk,368.7391141330901,1156.8370933757656
13502,12,5,780.5,1,New / Promising,80.3131718721041,121.38871461154748
13503,66,6,1905.39,2,At-Risk,136.8307106210672,247.1585400163547
13504,59,1,295.93,1,New / Promising,,
13505,68,4,4393.63,2,At-Risk,1176.129838642941,1135.818458819747
13506,311,5,1639.2,2,At-Risk,105.84409149764426,306.6909776509199
13507,93,3,2022.79,2,At-Risk,385.4959670974157,398.1228720289761
13508,239,2,287.05,0,Lost / Hibernating,23.071207246163794,123.95153820880246
13509,4,8,1114.72,1,New / Promising,166.67580668928676,141.84111057497608
13510,40,10,4216.43,3,Champions,478.810801924992,495.82285377280226
13511,672,1,282.76,0,Lost / Hibernating,,
13512,256,4,713.39,2,At-Risk,83.32573983460983,191.2574041560623
13513,122,3,824.59,2,At-Risk,83.8056710698284,269.724539445158
13514,69,4,815.9000000000001,2,At-Risk,67.7064898066291,160.98903655986675
13515,68,6,1265.82,2,At-Risk,150.66812456074996,218.33682346966407
13516,17,4,1685.26,1,New / Promising,308.0708466276314,468.66001897401907
13517,55,3,2128.42,2,At-Risk,476.6029752166065,521.8418478588782
13518,81,1,659.4399999999999,1,New / Promising,,
13519,73,2,343.21,1,New / Promising,36.70175684321105,135.85546162327475
13520,54,11,6909.4,3,Champions,748.640525489031,633.8289515068043
13521,5,1,287.88,1,New / Promising,,
13522,25,1,125.80000000000001,1,New / Promising,,
13523,28,6,5101.52,3,Champions,985.9990785584407,1138.84421888234
13524,36,5,680.1800000000001,1,New / Promising,189.03708146252512,133.5152748943156
13525,10,2,628.78,1,New / Promising,160.88543978352004,361.35295822255205
13526,734,2,1182.0,2,At-Risk,,
13527,29,12,4683.74,3,Champions,556.528798899048,448.1296329443423
13529,74,2,307.76,1,New / Promising,69.8452095692871,139.80659409785764
13530,629,1,402.97999999999996,0,Lost / Hibernating,,
13531,200,6,1738.52,2,At-Risk,173.86062163023198,360.56619193736435
13532,29,1,210.31,1,New / Promising,,
13533,178,3,270.79,0,Lost / Hibernating,50.01041175472291,137.2701893635346
13534,28,34,7363.7,3,Champions,1107.4658944527773,299.40116756222375
13535,398,1,89.5,0,Lost / Hibernating,,
13536,1,6,3098.94,3,Champions,1913.1118984316668,532.2003060751612
13537,421,2,717.85,0,Lost / Hibernating,43.19611771267597,316.9911383672607
13538,38,12,3112.73,3,Champions,313.6684291838977,227.54636285605648
13539,81,7,1569.3600000000001,2,At-Risk,182.42922461180063,208.28825144975914
13540,462,3,632.39,0,Lost / Hibernating,42.27254998822772,277.72233837690476
13541,422,2,785.25,0,Lost / Hibernating,82.27576325845624,491.7100142893537
13542,372,17,4006.17,2,At-Risk,2.334509850996698,240.15320202468752
13543,629,2,1439.6100000000001,2,At-Risk,73.06048037574307,871.9281996823364
13544,35,6,829.0,1,New / Promising,92.34676254747248,162.0144461252114
13545,386,2,374.64,0,Lost / Hibernating,48.195786336075294,264.9493679219872
13546,7,5,1092.14,1,New / Promising,189.74070836422834,228.44984924525477
13547,403,1,175.53,0,Lost / Hibernating,,
13548,91,3,908.99,2,At-Risk,145.72092210258842,348.86648514565115
13549,21,8,1005.8,1,New / Promising,197.30194332321824,133.03944944164704
13550,378,1,349.51,0,Lost / Hibernating,,
13551,314,2,244.2,0,Lost / Hibernating,18.247950202275348,104.57987336538707
13552,61,22,6978.92,3,Champions,790.9384387000986,481.7435584995527
13553,670,1,517.8,0,Lost / Hibernating,,
13554,375,7,1638.28,2,At-Risk,9.271393649096131,309.34831485626233
13555,69,13,8999.19,3,Champions,1022.0966850448818,1025.6347914276864
13556,424,2,200.82,0,Lost / Hibernating,12.153098055932388,106.39880903143545
13557,23,13,3032.26,3,Champions,324.0753861927502,252.18877512019588
13558,1,4,605.06,1,New / Promising,337.0473995801573,138.73514666954856
13559,508,2,990.0,0,Lost / Hibernating,70.82547873196673,678.757231947997
13560,3,1,174.37,1,New / Promising,,
13561,211,11,1820.72,2,At-Risk,174.46876333062534,181.6446823499915
13562,77,8,4838.18,2,At-Risk,495.392177043184,652.8779701779993
13563,79,2,777.53,1,New / Promising,307.63048140116507,483.37322581996517
13564,139,37,17249.55,3,Champions,1370.7700290438995,685.9688922998437
13565,14,3,414.8,1,New / Promising,60.69974758735556,126.61463090139173
13566,36,5,1708.1200000000001,1,New / Promising,205.5313468477613,358.1047859436318
13567,424,4,1083.69,2,At-Risk,70.7620344249425,341.52326257049424
13568,168,1,192.85,0,Lost / Hibernating,,
13569,13,4,893.78,1,New / Promising,143.4869604309664,223.09789383980475
13570,238,1,239.49,0,Lost / Hibernating,,
13571,8,26,4546.54,3,Champions,505.98240375240766,177.95374869692583
13572,201,1,1384.25,0,Lost / Hibernating,,
13573,45,6,916.47,1,New / Promising,121.8950963190261,212.12987528884645
13574,406,1,421.25,0,Lost / Hibernating,,
13575,19,5,732.0699999999999,1,New / Promising,276.5579985655387,164.23021282425378
13576,5,28,11551.74,3,Champions,1276.370859500514,416.25794576358845
13577,20,11,3489.28,3,Champions,402.97153339308807,340.46555140503943
13578,404,1,147.66,0,Lost / Hibernating,,
13579,10,5,1539.04,1,New / Promising,163.86389550475332,292.55669211257145
13580,401,1,107.75,0,Lost / Hibernating,,
13581,304,2,280.53000000000003,0,Lost / Hibernating,30.19333867205193,131.05549250453592
13582,385,2,241.68,0,Lost / Hibernating,30.837494929873245,177.72129753682196
13583,151,2,1445.031,2,At-Risk,145.93116890224098,801.060445093462
13584,302,3,392.45,0,Lost / Hibernating,56.7352725304613,202.4744928636389
13585,526,3,684.54,0,Lost / Hibernating,63.196367903222,343.5287011793153
13586,536,1,131.53,0,Lost / Hibernating,,
13587,59,4,1673.5,2,At-Risk,174.6967545492806,561.367585251783
13588,11,9,2478.95,3,Champions,708.3339584745671,297.55485009682246
13589,10,6,1120.74,1,New / Promising,107.09679212194837,173.01646376111003
13590,7,18,6349.59,3,Champions,685.0395067780792,374.8689790033945
13591,60,7,2093.94,2,At-Risk,250.81595697344565,342.66640426483684
13592,31,4,247.95999999999998,1,New / Promising,58.68240350055864,61.1893884661447
13593,103,14,5523.6900000000005,3,Champions,634.9187337025603,421.5849993202316
13594,48,2,533.32,1,New / Promising,103.61090471866245,412.96020514760295
13595,512,3,818.22,2,At-Risk,22.84953995639822,141.84892770173434
13596,1,2,697.04,1,New / Promising,563.0765186913768,300.25693023961543
13597,395,2,396.71,0,Lost / Hibernating,3.5222060965452253,28.48773133569589
13598,42,5,789.59,1,New / Promising,78.53426869823657,178.25561999798825
13599,4,32,10052.17,3,Champions,1067.9554993003123,448.90878288705284
13600,307,2,518.42,0,Lost / Hibernating,42.468115720338034,233.64346406966536
13601,40,4,1185.14,1,New / Promising,170.80479252933014,330.89863987695696
13602,60,4,1025.17,2,At-Risk,145.88200596070834,290.167298047045
13603,21,1,164.34,1,New / Promising,,
13604,654,1,717.62,0,Lost / Hibernating,,
13605,382,2,522.67,0,Lost / Hibernating,66.33848402755855,368.3053345461148
13606,24,3,280.53999999999996,1,New / Promising,67.63369561968818,111.68692997858818
13607,35,2,1078.31,1,New / Promising,206.36087869443904,696.9566938066256
13608,536,1,236.2,0,Lost / Hibernating,,
13609,588,1,167.35,0,Lost / Hibernating,,
13610,7,14,2175.88,3,Champions,221.80243500232802,141.7151124882266
13611,84,10,3319.53,2,At-Risk,347.24660131193184,332.9730572153093
13612,628,1,818.29,0,Lost / Hibernating,,
13613,448,5,1039.8500000000001,2,At-Risk,65.68817516372096,293.29723888217774
13614,19,6,2359.19,3,Champions,331.73193431267674,414.06834824995883
13615,314,8,6272.53,2,At-Risk,414.892447723565,783.4610328473344
13616,564,2,288.1,0,Lost / Hibernating,14.317626356097046,118.77767675870925
13617,35,8,1278.75,2,At-Risk,201.07453008020858,168.57086268063063
13618,169,1,177.34,0,Lost / Hibernating,,
13619,540,2,231.69,0,Lost / Hibernating,18.186135942148262,142.120684472997
13620,523,1,112.34,0,Lost / Hibernating,,
13621,112,1,213.85,0,Lost / Hibernating,,
13622,691,1,658.95,0,Lost / Hibernating,,
13623,26,10,2566.49,3,Champions,227.81788104742031,215.93212040754668
13624,383,1,462.08,0,Lost / Hibernating,,
13625,592,1,301.26,0,Lost / Hibernating,,
13626,248,2,707.04,0,Lost / Hibernating,72.79376692037617,271.75016627337925
13627,54,7,2245.9,2,At-Risk,267.4923402100927,326.09765665917587
13628,671,1,310.14,0,Lost / Hibernating,,
13629,18,19,13370.86,3,Champions,1588.3828276987997,707.2174172787034
13630,71,6,1799.78,2,At-Risk,414.35748642698906,303.0972998679379
13631,95,11,3070.42,2,At-Risk,800.5661683274682,501.2215052940999
13632,20,8,3648.15,3,Champions,467.20729343219926,471.22239028231496
13634,28,16,5073.47,3,Champions,577.8994653804243,342.7578126555568
13635,63,4,2999.16,2,At-Risk,344.50903976121333,879.211339785363
13636,32,5,949.12,1,New / Promising,233.0498626732322,202.1037816280212
13637,47,3,810.5,1,New / Promising,155.34147081078424,200.84099023740617
13638,11,1,122.64,1,New / Promising,,
13639,69,2,1346.27,1,New / Promising,288.9809760337264,1056.0246994827232
13640,606,1,405.0,0,Lost / Hibernating,,
13641,636,5,1016.47,2,At-Risk,11.229352209421588,268.9536846869973
13642,211,4,514.72,2,At-Risk,95.39419218553611,370.3465845713469
13643,26,10,2156.77,3,Champions,219.51385840462456,206.53458361001802
13644,11,4,2624.26,1,New / Promising,1121.1363313411043,597.0254598925296
13645,115,1,252.1,0,Lost / Hibernating,,
13646,395,2,326.25,0,Lost / Hibernating,,
13647,5,8,3071.68,3,Champions,403.37292376475466,462.11365121157263
13648,395,8,1764.02,2,At-Risk,85.37622601520702,252.54170006278295
13649,252,6,1678.88,2,At-Risk,174.24893870394698,276.60814786387135
13650,12,10,3288.0,3,Champions,355.5476898577878,349.77530392092996
13651,30,3,226.85,1,New / Promising,27.131647187544267,53.222614445237674
13652,41,5,2570.85,2,At-Risk,308.90883817171874,548.5729937417443
13653,483,1,152.2,0,Lost / Hibernating,,
13654,38,11,6308.0,3,Champions,721.4853892210132,685.2049282668091
13655,109,6,2280.51,2,At-Risk,260.5717974893313,354.56245340598946
13656,160,4,1078.85,2,At-Risk,118.27085660655698,256.01879934115925
13657,6,2,382.14,1,New / Promising,128.17320035286377,244.03160776243067
13658,5,9,6025.5,3,Champions,667.4970509862413,843.9528279447736
13659,201,12,4894.88,2,At-Risk,471.1403560107018,449.02156146869817
13660,395,1,314.59,0,Lost / Hibernating,,
13661,598,1,325.24,0,Lost / Hibernating,,
13662,81,11,2250.11,2,At-Risk,260.36131384033666,327.45668130155883
13663,174,5,2047.51,2,At-Risk,206.5873561413527,379.4252741133767
13665,382,3,1711.6599999999999,2,At-Risk,134.6566014727037,548.1236485744809
13666,55,5,127.89999999999999,1,New / Promising,15.815394126871947,40.16978166158144
13667,144,1,305.02,0,Lost / Hibernating,,
13668,6,34,12756.92,3,Champions,1380.4900814262355,368.39837282128707
13669,46,3,413.55,1,New / Promising,55.537323383256236,115.72293800586468
13670,70,1,349.7,0,Lost / Hibernating,,
13671,390,1,194.95,0,Lost / Hibernating,,
13672,296,3,419.92,0,Lost / Hibernating,26.419995633857443,99.55880124905114
13673,14,2,396.92,1,New / Promising,285.59071506638224,197.06264678580322
13674,428,1,240.68,0,Lost / Hibernating,,
13675,147,2,486.82000000000005,0,Lost / Hibernating,70.66067865594412,192.07067890231488
13676,534,2,243.9,0,Lost / Hibernating,15.343426607044526,128.63024494980473
13677,400,2,556.1899999999999,0,Lost / Hibernating,52.495931386268815,297.0131616351625
13678,147,1,232.6,0,Lost / Hibernating,,
13679,489,3,281.26,0,Lost / Hibernating,17.20400830411359,83.5102662165556
13680,34,11,10797.29,3,Champions,1189.4909179831993,1019.8377982983651
13681,13,4,827.83,1,New / Promising,307.8293602973965,212.75868240872504
13682,182,1,59.5,0,Lost / Hibernating,,
13683,453,1,258.6,0,Lost / Hibernating,,
13684,281,4,596.98,2,At-Risk,56.84905498616678,139.8657365963376
13685,41,3,1934.45,1,New / Promising,538.1794181917946,307.59164340219564
13686,178,3,409.04,0,Lost / Hibernating,44.336386679257274,98.15650207145445
13687,433,1,11880.84,2,At-Risk,,
13688,630,1,375.5,0,Lost / Hibernating,,
13689,58,2,1259.5,1,New / Promising,251.6738217947725,931.3871855658296
13690,54,1,172.25,0,Lost / Hibernating,,
13691,391,1,212.78,0,Lost / Hibernating,,
13692,20,5,3114.4,1,New / Promising,419.01012874436424,501.5581340427196
13693,369,9,2011.82,2,At-Risk,70.77841455243305,231.54645419595997
13694,21,140,193351.65,3,Champions,21130.758758384432,2356.271366140948
13695,26,16,2770.73,3,Champions,360.38560876826074,179.83523601933595
13696,417,3,2020.4,2,At-Risk,210.63510381834553,867.5613698366964
13697,34,1,151.29999999999998,1,New / Promising,,
13698,592,2,465.53000000000003,0,Lost / Hibernating,31.06935535889683,296.00264182069117
13699,150,2,764.15,2,At-Risk,70.80764772951798,323.6403587464821
13700,22,13,2613.46,3,Champions,327.3569330695386,257.3530287752217
13701,442,1,161.0,0,Lost / Hibernating,,
13702,441,1,135.18,0,Lost / Hibernating,,
13703,314,2,425.56,0,Lost / Hibernating,25.267478655502323,112.3608759368163
13704,17,8,2143.38,3,Champions,1297.229003280293,295.65557553664826
13705,3,7,2035.33,3,Champions,253.87751409451454,299.9489540191254
13706,298,2,631.17,0,Lost / Hibernating,63.882694816343864,346.0840038258903
13707,262,5,3365.86,2,At-Risk,401.180303512852,888.7678351132811
13708,266,1,296.88,0,Lost / Hibernating,,
13709,32,16,7063.4400000000005,3,Champions,829.9948902245972,677.5444606635039
13710,27,3,509.52,1,New / Promising,49.554184914090996,147.37267965936437
13711,214,9,1792.26,2,At-Risk,184.25108181922718,239.992794643719
13712,242,2,766.42,0,Lost / Hibernating,47.11326048435026,243.0615087405382
13713,403,3,743.26,2,At-Risk,62.7044287619304,253.55537652641752
13714,460,1,161.35,0,Lost / Hibernating,,
13715,276,17,8483.29,3,Champions,69.4099605502504,510.1507992262424
13716,264,1,138.28,0,Lost / Hibernating,,
13717,27,8,1763.3,3,Champions,277.6689710142281,228.19954160047592
13718,241,2,306.55,0,Lost / Hibernating,60.20619700355747,206.33921868265003
13719,10,11,2815.25,3,Champions,357.5704365509807,242.78386183529483
13720,112,4,799.9,2,At-Risk,166.9807710063506,182.43010588151705
13721,31,2,741.54,1,New / Promising,162.91988626927147,541.4680099539221
13722,127,10,5635.41,2,At-Risk,674.8015109542908,998.5913602377052
13723,212,6,1209.2,2,At-Risk,124.78212073478088,225.75283005049278
13724,632,1,213.01,0,Lost / Hibernating,,
13725,45,8,1980.56,2,At-Risk,265.50786178441723,149.45099932142884
13726,34,2,1079.6599999999999,1,New / Promising,670.9616855482942,807.0730379895665
13727,24,8,1080.05,1,New / Promising,119.49015507705074,192.629298860739
13728,32,16,2855.17,3,Champions,314.9526962536637,182.25056323678322
13729,431,3,724.73,2,At-Risk,44.72830660901185,190.2609193813451
13730,131,2,752.6,2,At-Risk,239.47728546858025,462.3544136789615
13731,214,2,610.59,0,Lost / Hibernating,103.75750894127903,317.46608268006224
13732,23,1,491.86,1,New / Promising,,
13733,406,2,487.03000000000003,0,Lost / Hibernating,54.278168515870014,353.2991153012156
13734,504,4,6701.640000000001,2,At-Risk,449.8153617298907,3233.697463177671
13735,20,13,9813.22,3,Champions,1098.6868642270706,849.1255288215293
13736,256,6,2391.84,2,At-Risk,196.64688442854992,421.7830133069482
13737,195,1,339.59999999999997,0,Lost / Hibernating,,
13738,391,1,440.93,0,Lost / Hibernating,,
13739,13,2,292.2,1,New / Promising,54.2137772584278,230.9959021557505
13740,236,5,1597.77,2,At-Risk,153.42041600479243,325.2893813917507
13741,67,3,668.4300000000001,1,New / Promising,204.52424028144875,259.9335760116154
13742,12,12,3131.02,3,Champions,652.0899713864178,267.6317292107837
13743,84,6,1065.84,2,At-Risk,269.9776651320232,187.552729137935
13744,90,2,1156.36,2,At-Risk,104.78377056860165,277.78296956577304
13745,157,2,777.36,2,At-Risk,69.18781950737217,315.0105195308969
13746,409,1,176.69,0,Lost / Hibernating,,
13747,369,2,249.39999999999998,0,Lost / Hibernating,31.28556848883722,172.68890886075474
13748,91,9,2268.35,2,At-Risk,248.19456909821025,301.4398921754729
13750,49,11,3602.1800000000003,3,Champions,450.3327052635585,330.4210948243588
13751,283,1,296.25,0,Lost / Hibernating,,
13752,119,7,1590.73,2,At-Risk,189.09327006749263,200.00888633725688
13753,283,4,2094.57,2,At-Risk,177.61698527643568,489.71976506592387
13754,147,3,447.05,0,Lost / Hibernating,64.16852427138178,147.91550514746632
13755,4,8,2004.45,3,Champions,1176.2233716112441,253.8539769287694
13756,18,21,8361.1,3,Champions,945.8866823600742,431.3174373390913
13757,670,1,195.55,0,Lost / Hibernating,,
13758,7,15,9416.98,3,Champions,968.7061924519348,602.7747308080617
13759,28,2,659.4100000000001,1,New / Promising,113.12908620231329,111.85561602958064
13760,49,5,1363.6399999999999,2,At-Risk,165.32123921988529,269.9553704776562
13761,45,6,1952.17,2,At-Risk,231.68916978902166,414.06793423494315
13762,214,5,2472.48,2,At-Risk,255.00580863621275,510.5314878691581
13763,58,3,5217.4400000000005,2,At-Risk,461.4424004282506,1021.6433898668196
13764,66,6,2953.26,2,At-Risk,286.6408243612381,504.24011409699034
13765,648,1,352.821,0,Lost / Hibernating,,
13766,490,1,190.35,0,Lost / Hibernating,,
13767,21,72,34654.55,3,Champions,3711.4773768751747,587.2728921494942
13768,722,2,875.97,0,Lost / Hibernating,14.88359766380801,372.11499424667176
13769,32,19,5482.5,3,Champions,612.4533662247311,330.21117268069287
13770,417,4,785.37,2,At-Risk,62.036815911800595,208.29987657319305
13771,59,9,5728.82,3,Champions,655.3096279169888,813.2361997254116
13772,29,8,3114.22,3,Champions,345.8612844964524,427.9610614270703
13773,392,2,301.54,0,Lost / Hibernating,37.25807738179016,224.16478820992432
13774,77,1,345.0,0,Lost / Hibernating,,
13775,586,1,1049.66,0,Lost / Hibernating,,
13776,423,2,623.98,0,Lost / Hibernating,,
13777,4,59,56213.18,3,Champions,5600.1307049213565,1138.3341264844198
13778,98,4,1124.49,2,At-Risk,129.44512035363337,262.0664519672971
13779,511,1,161.13,0,Lost / Hibernating,,
13780,2,3,735.82,1,New / Promising,90.54221161242477,186.8230246233661
13781,246,3,778.83,2,At-Risk,65.77133481940379,239.28610281603395
13782,8,13,1793.72,3,Champions,194.69725040055158,139.53865039362518
13783,483,4,1542.09,2,At-Risk,70.90135870078572,356.20311560523845
13784,5,14,2910.23,3,Champions,455.92395731904094,194.9816140469682
13785,424,4,542.49,2,At-Risk,26.42113170679913,238.21553032561064
13786,362,6,3358.94,2,At-Risk,228.20069818766336,530.6130012111813
13787,71,6,1222.5,2,At-Risk,138.23353376962646,214.41666145710795
13788,500,1,3.75,0,Lost / Hibernating,,
13789,383,1,239.45999999999998,0,Lost / Hibernating,,
13791,123,2,1516.0,2,At-Risk,312.0905894209626,596.9051269758193
13792,61,3,383.95,1,New / Promising,48.24587177115552,104.16276557406397
13793,642,1,96.0,0,Lost / Hibernating,,
13794,542,1,126.03,0,Lost / Hibernating,,
13795,383,4,836.3,2,At-Risk,67.15717604842325,209.2230801820504
13796,494,1,289.7,0,Lost / Hibernating,,
13797,432,3,1179.45,2,At-Risk,98.20693204693335,420.51442341318136
13798,3,108,74672.43,3,Champions,8300.7677563658,773.0017536010013
13799,112,9,2803.57,2,At-Risk,317.1331170867061,305.0170605780872
13800,305,3,1679.56,2,At-Risk,159.97713552884568,609.4478502442204
13801,62,1,324.8,1,New / Promising,,
13802,134,19,26259.11,3,Champions,2819.06521032584,1522.4641455335013
13803,251,3,1338.91,2,At-Risk,142.8231415888597,460.934817629069
13804,26,9,3208.52,3,Champions,511.8845520804058,383.06700113206523
13805,47,2,924.6,1,New / Promising,308.26410726600915,440.6383428659727
13806,59,1,256.38,0,Lost / Hibernating,,
13807,362,3,534.8,0,Lost / Hibernating,55.48653091818622,220.4178909425644
13808,1,5,1747.66,1,New / Promising,760.1471742237145,297.2463974224225
13809,301,3,679.7,2,At-Risk,95.37995326697634,283.6470079825875
13810,24,3,1499.01,1,New / Promising,297.7221315818786,260.4121339550109
13811,179,3,814.5,2,At-Risk,160.84462462919777,285.2051181799172
13812,37,3,539.0,1,New / Promising,180.20050006040634,136.687059402839
13813,35,8,2765.47,3,Champions,299.0394741806802,356.81796393876414
13814,87,3,2257.32,2,At-Risk,303.4014365604021,799.5674512900005
13815,17,8,7475.74,3,Champions,886.6601036077983,965.517498909773
13816,19,2,571.6700000000001,1,New / Promising,230.91251069597257,213.8979068948956
13817,24,2,382.98,1,New / Promising,89.57175859700598,268.76913282068875
13818,425,1,61.28,0,Lost / Hibernating,,
13819,297,6,2642.35,2,At-Risk,211.5673926304807,407.2361231472984
13820,413,3,660.65,2,At-Risk,53.51529827882843,219.75443756821758
13821,140,6,1410.73,2,At-Risk,139.21441484662097,223.10875892564366
13822,1,2,632.0,1,New / Promising,240.50225293315236,177.15540644071802
13823,14,7,3403.4500000000003,3,Champions,372.49830919985715,504.8077275690858
13824,28,12,3314.76,3,Champions,427.8857607452476,293.8682201682606
13825,617,2,255.59,0,Lost / Hibernating,13.14923049049018,125.22479317503633
13826,171,1,189.5,0,Lost / Hibernating,,
13827,53,3,412.05,1,New / Promising,166.6277800124616,156.3142217272659
13828,17,1,209.49,1,New / Promising,,
13829,416,1,102.0,0,Lost / Hibernating,,
13830,577,1,156.85000000000002,0,Lost / Hibernating,,
13831,11,18,7023.58,3,Champions,703.0387990648843,358.98519465255
13832,14,2,613.6899999999999,1,New / Promising,18.42252510074095,64.56328871232238
13833,154,2,701.36,0,Lost / Hibernating,112.8213293825176,400.66217900548685
13834,572,2,324.19,0,Lost / Hibernating,15.154579540873577,134.8348366106587
13835,20,7,1095.27,1,New / Promising,134.4071346184137,164.036472400178
13836,394,2,620.37,0,Lost / Hibernating,43.96793748056921,314.4648388310824
13837,207,2,271.24,0,Lost / Hibernating,53.91175284202109,171.01144596873235
13838,1,10,1966.09,3,Champions,267.5315730108273,348.1931922219898
13839,481,1,139.95000000000002,0,Lost / Hibernating,,
13840,411,1,651.4,0,Lost / Hibernating,,
13841,248,1,85.0,0,Lost / Hibernating,,
13842,54,18,5629.91,3,Champions,661.7314903821172,352.0750915230948
13843,376,1,319.75,0,Lost / Hibernating,,
13844,6,1,361.62,1,New / Promising,,
13845,60,1,312.98,1,New / Promising,,
13846,20,4,1307.79,1,New / Promising,200.14011353251666,293.26805799418537
13847,715,1,310.72,0,Lost / Hibernating,,
13848,88,8,3335.0,2,At-Risk,341.3005405053881,410.1372596339701
13849,47,5,3469.3,2,At-Risk,435.9279434639633,744.7736205904338
13850,124,1,1595.48,2,At-Risk,,
13851,91,8,4606.46,2,At-Risk,568.7603949787039,737.7552364795499
13852,606,1,187.35000000000002,0,Lost / Hibernating,,
13853,52,1,1090.14,1,New / Promising,,
13854,4,39,12253.96,3,Champions,1415.0683996515754,325.415373978044
13855,496,4,1310.3400000000001,2,At-Risk,73.47171198567463,337.3644100795701
13856,164,11,1142.03,2,At-Risk,126.84699260864144,104.72313647773731
13857,389,6,1001.01,2,At-Risk,50.683578871605285,200.00832805290872
13858,52,1,216.17,1,New / Promising,,
13859,321,2,515.86,0,Lost / Hibernating,43.564730766077425,215.09032027597175
13860,9,4,926.45,1,New / Promising,408.29409002456396,267.52308052118894
13861,424,2,273.26,0,Lost / Hibernating,26.00322459229463,158.1677391268017
13862,13,9,2556.09,3,Champions,465.37258658222913,277.99314469398996
13863,243,4,1239.55,2,At-Risk,138.46504188047518,316.67260745496344
13864,382,1,662.4000000000001,0,Lost / Hibernating,,
13865,53,4,501.56,1,New / Promising,115.13213992939508,130.436349011668
13866,69,1,145.67000000000002,0,Lost / Hibernating,,
13867,26,3,1015.29,1,New / Promising,358.77661007984295,446.38910501270755
13868,2,2,3192.54,1,New / Promising,3766.1263146270367,2725.059856252441
13869,118,10,8111.57,3,Champions,828.6287867047326,763.6478854580176
13870,35,14,5559.33,3,Champions,630.8562001537903,496.46495146120145
13871,18,17,7885.85,3,Champions,860.5148389654307,489.9094179694268
13872,522,3,919.57,2,At-Risk,62.48348198786399,341.34734690305385
13873,115,8,1038.92,2,At-Risk,118.27314555295494,128.914743809757
13874,353,7,2049.15,2,At-Risk,128.4700796476695,318.96862075871525
13875,49,14,4814.37,3,Champions,546.3107470623961,388.79321829693953
13876,59,1,122.7,0,Lost / Hibernating,,
13877,81,3,449.68,1,New / Promising,46.12711491266758,154.07255350788193
13878,50,4,2473.06,2,At-Risk,292.55123667523577,621.3465230809413
13879,641,1,395.5,0,Lost / Hibernating,,
13880,16,17,4391.66,3,Champions,616.0240190991993,321.62533705893196
13881,6,42,44609.98,3,Champions,5292.724178445132,1388.3541449574777
13882,7,4,998.05,1,New / Promising,681.8837984393514,273.2753479574454
13883,6,15,6560.02,3,Champions,767.3012005560752,595.7511921971402
13884,2,10,1888.48,3,Champions,295.95460456737607,235.46033975581483
13885,184,2,506.8,0,Lost / Hibernating,45.59748880291685,120.59661242475765
13886,66,1,243.56,0,Lost / Hibernating,,
13887,199,1,349.55,0,Lost / Hibernating,,
13888,115,7,2169.05,2,At-Risk,293.1834996924844,474.4400572136025
13889,88,6,1991.23,2,At-Risk,218.97147603205036,337.4107425146524
13890,4,12,2565.63,3,Champions,276.3795560795066,215.08274922354965
13891,373,3,863.5600000000001,2,At-Risk,64.92615003992104,239.67311728440293
13892,22,6,1267.6499999999999,1,New / Promising,116.49998598681569,151.13490504276248
13893,293,1,821.1,0,Lost / Hibernating,,
13894,19,3,564.62,1,New / Promising,155.48314644057393,419.831739886008
13895,23,6,4008.52,3,Champions,393.5156209404121,639.1730297051117
13896,621,1,388.55,0,Lost / Hibernating,,
13897,45,3,1160.72,1,New / Promising,106.07448325970017,346.6750785455359
13898,321,2,686.4,0,Lost / Hibernating,37.30951988225401,169.3845090674335
13899,11,2,388.52,1,New / Promising,42.2083498713644,102.78114809562808
13900,178,6,1610.59,2,At-Risk,183.9652300654122,272.92447824266577
13901,67,15,5676.34,3,Champions,648.9965094800127,492.1859062242899
13902,628,5,34095.26,2,At-Risk,128.12072271595505,8441.291886705865
13903,395,1,165.45000000000002,0,Lost / Hibernating,,
13904,32,2,332.64,1,New / Promising,55.73044855312864,144.71772039618833
13905,728,1,312.65,0,Lost / Hibernating,,
13906,404,1,42.0,0,Lost / Hibernating,,
13907,687,1,136.8,0,Lost / Hibernating,,
13908,75,4,2369.55,2,At-Risk,569.4624429057546,630.6019737537973
13909,418,2,286.6,0,Lost / Hibernating,31.296584670024334,187.7860748889564
13911,52,20,4234.99,3,Champions,519.9904626517437,228.21205119066215
13912,419,1,124.95,0,Lost / Hibernating,,
13913,502,1,42.22,0,Lost / Hibernating,,
13914,7,2,626.45,1,New / Promising,449.8354593276003,320.40669534017377
13915,389,1,70.80000000000001,0,Lost / Hibernating,,
13916,459,4,1275.81,2,At-Risk,73.20344624494179,308.73840832376925
13917,45,2,272.04,1,New / Promising,118.10284967167006,220.64817925556406
13918,45,2,1212.8400000000001,1,New / Promising,448.31999833181635,1037.1279789521095
13919,54,4,1360.68,2,At-Risk,131.28780063401965,252.57685545161505
13920,427,4,1774.68,2,At-Risk,82.69423546375418,422.37273078790406
13921,397,4,730.7,2,At-Risk,66.96120215533372,213.95617114775015
13922,347,3,865.2,2,At-Risk,63.59766385754906,228.03252626177226
13923,49,1,351.13,1,New / Promising,,
13924,13,5,1536.45,1,New / Promising,650.5757793305102,217.84474867551685
13925,88,4,678.25,2,At-Risk,159.82223779670218,155.72113461989525
13926,18,1,223.85000000000002,1,New / Promising,,
13927,70,2,708.26,1,New / Promising,99.54296406768312,364.4754644492685
13928,6,4,464.57,1,New / Promising,200.99544898138436,124.45225025715439
13929,164,11,3494.1,2,At-Risk,390.4123982496184,416.30312574425557
13930,53,2,337.34,1,New / Promising,94.49010933415018,140.49374757169815
13931,91,11,5257.38,3,Champions,478.64684682364367,579.9154656433806
13932,290,1,307.4,0,Lost / Hibernating,,
13933,104,2,608.7900000000001,0,Lost / Hibernating,188.78210572470056,322.8521532911944
13934,259,1,922.1,0,Lost / Hibernating,,
13935,592,3,6116.92,2,At-Risk,128.39222100055858,1914.254564945423
13936,175,3,939.66,2,At-Risk,120.88222547217109,273.006623183404
13937,164,2,880.13,2,At-Risk,48.421842558844126,172.33522692568977
13938,30,1,71.66,1,New / Promising,,
13939,18,7,1560.96,1,New / Promising,201.96573395637967,234.95284919361347
13940,12,4,839.14,1,New / Promising,322.19510540859335,211.4708802731813
13941,17,15,11122.300000000001,3,Champions,1214.3263253571877,797.0144865731761
13942,530,1,320.0,0,Lost / Hibernating,,
13943,573,1,246.54,0,Lost / Hibernating,,
13944,648,1,200.43,0,Lost / Hibernating,,
13945,390,2,854.15,0,Lost / Hibernating,63.246424047212585,353.87511159546426
13946,74,6,1876.23,2,At-Risk,197.04370710919903,322.21510428397727
13947,60,1,90.6,0,Lost / Hibernating,,
13948,356,4,548.76,2,At-Risk,45.524762329741385,135.40358582019385
13949,20,5,1909.09,1,New / Promising,884.4059942573344,346.6224021785717
13950,6,4,745.06,1,New / Promising,197.64824566881015,193.1506405423422
13951,171,3,674.45,2,At-Risk,131.08002523538656,238.02956233431647
13952,213,14,12823.521,3,Champions,1143.4330902441104,1162.051947494761
13953,2,12,6640.68,3,Champions,724.0097668825615,559.8362935725208
13954,66,1,227.41,0,Lost / Hibernating,,
13955,149,3,545.17,2,At-Risk,81.93621713788094,168.20109468431315
13956,49,4,869.92,1,New / Promising,237.2561874253808,254.8480701270286
13957,413,3,458.25,0,Lost / Hibernating,45.2366617347983,184.51099013700593
13958,375,8,4709.2300000000005,2,At-Risk,374.29636397548137,979.8930365070319
13959,74,6,1076.18,2,At-Risk,176.88866826067985,209.36013346238448
13960,16,2,230.22,1,New / Promising,117.99287345280842,115.0084378507312
13961,387,1,538.4,0,Lost / Hibernating,,
13962,17,3,362.8,1,New / Promising,41.55387896925084,91.09474456420226
13963,303,17,3011.87,2,At-Risk,2.6174366330291,170.00005731933936
13964,382,2,438.9,0,Lost / Hibernating,24.713850820213544,146.46591967522372
13965,472,3,996.61,2,At-Risk,44.971075311769305,211.09436056822074
13966,431,1,390.86,0,Lost / Hibernating,,
13967,141,2,166.3,0,Lost / Hibernating,26.919568618276422,93.3631034247553
13968,418,1,123.66,0,Lost / Hibernating,,
13969,2,35,13365.87,3,Champions,1704.0749289706323,406.9014728727099
13970,381,2,846.55,0,Lost / Hibernating,99.7692149461509,575.6842108719213
13971,14,14,4667.57,3,Champions,546.1722723479976,339.65977890129705
13972,66,2,190.25,0,Lost / Hibernating,28.779904856918744,56.630708168722435
13973,282,1,264.7,0,Lost / Hibernating,,
13974,44,2,677.72,1,New / Promising,91.79366060539465,429.75504446411645
13975,26,12,5358.84,3,Champions,608.7280611454626,482.18908986093373
13976,202,4,1192.36,2,At-Risk,127.74777102209434,310.6249548288256
13977,406,1,519.8100000000001,0,Lost / Hibernating,,
13978,10,2,196.79000000000002,1,New / Promising,64.10907547596842,50.01180338393524
13979,68,7,3416.23,2,At-Risk,395.11419643491837,646.1736053236488
13980,55,5,799.92,1,New / Promising,83.26469057681216,149.06574616225558
13981,411,1,331.14,0,Lost / Hibernating,,
13982,34,9,4445.59,3,Champions,455.61398118997306,453.31879377057635
13983,25,21,7108.45,3,Champions,796.341003137768,386.0116479211701
13984,22,12,2048.6,3,Champions,211.45831246544913,180.26677967696642
13985,10,21,9873.300000000001,3,Champions,1200.6044083247957,483.2836146470385
13986,12,1,320.46,1,New / Promising,,
13987,375,2,682.54,0,Lost / Hibernating,50.47706531902134,320.10353939583234
13988,15,8,4757.8,3,Champions,620.1560064993612,637.9904052929404
13989,61,5,2026.06,2,At-Risk,268.83620549483237,420.1111621890056
13990,208,1,311.3,0,Lost / Hibernating,,
13991,7,6,855.97,1,New / Promising,365.0075946290333,185.81137942918014
13992,25,3,219.5,1,New / Promising,33.654115360667156,78.05185436397491
13993,38,19,6775.71,3,Champions,708.6672105552536,366.733468879582
13994,35,5,2197.04,2,At-Risk,904.8966382980404,481.29289223077654
13995,10,14,3902.01,3,Champions,443.66523959084464,290.2325056131895
13996,381,2,895.76,0,Lost / Hibernating,60.91680111430626,419.43763715836417
13997,514,3,382.31,0,Lost / Hibernating,25.81983637550433,253.08586530009376
13998,442,3,566.7,0,Lost / Hibernating,32.28936839548153,157.99295981084046
13999,5,29,9502.26,3,Champions,1036.3316185300491,327.3860483035233
14000,206,5,2046.3400000000001,2,At-Risk,224.57242196228816,467.72508098426476
14001,41,9,4530.09,3,Champions,691.2038270138675,578.1757354843869
14002,129,2,529.73,0,Lost / Hibernating,168.15489613035356,319.9620666218064
14003,728,1,209.41,0,Lost / Hibernating,,
14004,38,11,6258.45,3,Champions,1025.6246319831457,679.5081311292222
14005,5,5,2874.72,3,Champions,985.5267894943651,676.5736249860853
14006,111,7,2196.67,2,At-Risk,248.78397007184034,313.49412223000076
14007,508,1,79.48,0,Lost / Hibernating,,
14008,428,1,509.04,0,Lost / Hibernating,,
14009,193,3,1099.91,2,At-Risk,142.84097819891355,355.5010188891194
14010,561,2,445.15,0,Lost / Hibernating,,
14011,475,2,457.82,0,Lost / Hibernating,26.39095746577631,179.0349732956347
14012,273,1,328.8,0,Lost / Hibernating,,
14013,105,5,1084.57,2,At-Risk,133.60180656899956,231.11679015903428
14014,72,3,1948.21,2,At-Risk,297.9042818624056,846.0242659800589
14015,48,1,917.34,1,New / Promising,,
14016,157,11,11403.41,3,Champions,1162.4519895850874,1023.5296416180333
14017,566,1,229.75,0,Lost / Hibernating,,
14018,640,1,367.15000000000003,0,Lost / Hibernating,,
14019,42,3,1421.61,1,New / Promising,582.5016962218652,527.2499980921901
14020,12,4,1249.01,1,New / Promising,170.64368659207247,319.7834022239392
14021,150,7,1716.58,2,At-Risk,200.13327635682137,238.27695000809058
14022,220,2,792.15,0,Lost / Hibernating,106.95047306692605,456.44287276430424
14023,2,2,584.07,1,New / Promising,144.55470487996175,326.0150803104897
14024,117,3,645.74,2,At-Risk,82.50286807800286,170.58349543764947
14025,460,8,4057.9,2,At-Risk,3.5912091303168374,548.8363881402421
14026,466,2,713.11,0,Lost / Hibernating,51.93822476540478,341.829715406966
14027,56,1,104.82,0,Lost / Hibernating,,
14028,545,3,10396.5,2,At-Risk,,
14029,58,2,467.66,1,New / Promising,204.36851933960176,317.45597748191756
14030,13,20,8262.29,3,Champions,871.3509662861845,502.1372376542154
14031,2,44,40999.17,3,Champions,4321.2263988473505,1013.5598059789452
14032,11,15,4667.15,3,Champions,509.9381335929978,312.34233878348135
14033,550,1,109.44,0,Lost / Hibernating,,
14034,17,3,651.8199999999999,1,New / Promising,120.04386675409285,191.5957345895133
14035,24,9,2856.72,3,Champions,371.9906751618951,332.1924235383725
14036,280,1,626.65,0,Lost / Hibernating,,
14037,171,6,836.95,2,At-Risk,75.15450789596613,126.32524985184617
14038,73,5,3069.88,2,At-Risk,324.08795003700897,595.8059209778921
14039,28,2,267.28000000000003,1,New / Promising,35.86075992405728,165.6152701594554
14040,36,35,12645.57,3,Champions,1340.7203195930597,387.9990436118229
14041,261,1,141.41,0,Lost / Hibernating,,
14042,720,1,431.98,0,Lost / Hibernating,,
14043,486,2,304.25,0,Lost / Hibernating,21.86640377207805,153.2262972340369
14044,22,10,3123.1,3,Champions,366.1739216142394,361.6732866171566
14045,104,16,11313.029999999999,3,Champions,1275.4493960575155,841.3446011727198
14046,279,1,154.99,0,Lost / Hibernating,,
14047,4,14,4255.03,3,Champions,470.86591774940325,340.18387106122725
14048,300,3,748.69,2,At-Risk,100.05664745280939,426.0565419431514
14049,12,13,13239.03,3,Champions,1713.0523743210867,1377.8071723972653
14050,27,2,746.36,1,New / Promising,222.1818534861385,274.9333036889639
14051,3,36,21230.100000000002,3,Champions,2286.5941741296556,616.2317067415166
14052,15,2,480.81,1,New / Promising,73.1688082044265,239.54489978617798
14053,119,4,572.3,2,At-Risk,77.06313067420648,138.20999099349567
14054,60,1,92.46,0,Lost / Hibernating,,
14055,101,3,1520.96,2,At-Risk,180.6345190480239,632.4576195454307
14056,10,22,7789.63,3,Champions,1881.234858129671,343.1396834555908
14057,19,22,8408.84,3,Champions,945.75206515699,461.4330456645265
14058,458,2,469.19,0,Lost / Hibernating,23.017559234047127,161.33066614609697
14059,262,1,183.6,0,Lost / Hibernating,,
14060,18,29,9221.6,3,Champions,1165.1524627025992,348.81432412613214
14061,502,3,917.4300000000001,2,At-Risk,55.31986685786319,278.7967617231581
14062,5,24,25604.2,3,Champions,2835.9139996846357,1178.7882240289518
14063,433,9,22710.2,2,At-Risk,436.97004244849217,2899.9314746098735
14064,25,15,3332.42,3,Champions,359.93141451144584,225.71622608797986
14065,384,3,891.02,2,At-Risk,47.031834221623896,297.4689532814797
14066,262,1,152.55,0,Lost / Hibernating,,
14067,59,2,374.7,1,New / Promising,133.96431545697513,163.42244216205265
14068,315,4,1528.3700000000001,2,At-Risk,130.24103148636473,351.98514549375625
14069,510,2,230.06,0,Lost / Hibernating,14.02354618242096,123.41596270713265
14070,680,1,326.55,0,Lost / Hibernating,,
14071,14,6,1284.24,1,New / Promising,322.6646813937416,214.55294520805566
14072,662,1,390.85,0,Lost / Hibernating,,
14073,27,1,151.04,1,New / Promising,,
14074,618,1,219.39999999999998,0,Lost / Hibernating,,
14075,15,5,1418.09,1,New / Promising,238.06768687123963,355.871473580683
14076,124,1,122.47,0,Lost / Hibernating,,
14077,36,6,615.0799999999999,1,New / Promising,109.4628721810526,102.43550997982723
14078,97,9,1692.6299999999999,2,At-Risk,181.35181093386365,167.6996211097812
14079,120,2,618.73,0,Lost / Hibernating,71.40496276576008,390.86013680511496
14080,28,5,1115.68,1,New / Promising,112.84892849014423,223.7075069436844
14081,297,10,5370.1,2,At-Risk,401.80901367605446,656.658167722667
14082,360,2,413.36,0,Lost / Hibernating,34.00065131203911,195.98139058431892
14083,3,10,960.69,3,Champions,109.9150225268101,113.67431865870556
14084,507,1,150.5,0,Lost / Hibernating,,
14085,2,32,9874.27,3,Champions,1075.3148691599495,338.30868072783875
14086,458,1,39.95,0,Lost / Hibernating,,
14087,400,2,651.8,0,Lost / Hibernating,66.54097899529279,431.29103458211284
14088,5,16,64036.8,3,Champions,9796.735756253212,3953.423653226531
14089,52,1,161.0,0,Lost / Hibernating,,
14090,320,1,76.32000000000001,0,Lost / Hibernating,,
14091,649,2,9530.08,2,At-Risk,305.6590381023394,4064.0794520121112
14092,3,24,7229.45,3,Champions,820.7517484854511,338.49833498748734
14093,7,1,442.85,1,New / Promising,,
14094,435,1,335.22,0,Lost / Hibernating,,
14095,718,1,2.95,0,Lost / Hibernating,,
14096,6,16,56228.81,3,Champions,31496.65377781645,3750.513675879889
14097,476,2,422.85999999999996,0,Lost / Hibernating,45.38987264658501,305.7339476340501
14098,32,1,147.35,1,New / Promising,,
14099,11,20,5765.71,3,Champions,618.7253409969377,283.6797029647236
14100,133,1,194.9,0,Lost / Hibernating,,
14101,69,13,9961.93,3,Champions,1241.3198851932455,777.0825690174198
14102,7,4,1241.78,1,New / Promising,825.4994172425618,278.4232115590085
14104,150,5,771.5799999999999,2,At-Risk,97.27732560046297,156.6078751186114
14105,234,5,5988.83,2,At-Risk,644.141098922854,1342.0480721531162
14106,732,1,214.79999999999998,0,Lost / Hibernating,,
14107,47,11,4877.3,3,Champions,554.0042944876687,473.06559202594036
14108,26,4,1044.96,1,New / Promising,105.9608935226608,269.0506879647395
14109,68,1,144.2,0,Lost / Hibernating,,
14110,17,32,12662.51,3,Champions,1389.915855011196,413.114727125592
14111,9,4,692.85,1,New / Promising,212.14676868149883,204.15549515517054
14112,18,13,5834.59,3,Champions,630.7837167564146,535.3671664825388
14113,18,15,6620.71,3,Champions,702.5950173183398,465.8931733252824
14114,269,7,1364.09,2,At-Risk,112.94808384585508,177.31284089677376
14115,497,2,622.6700000000001,0,Lost / Hibernating,74.35637348491387,521.9952931290595
14116,15,5,1382.74,1,New / Promising,589.7605729146228,269.3162070067785
14117,139,1,90.0,0,Lost / Hibernating,,
14118,424,1,458.45,0,Lost / Hibernating,,
14119,371,2,183.37,0,Lost / Hibernating,20.76350224514524,129.93381551047275
14121,5,3,2008.99,1,New / Promising,1681.4231350253485,898.4672395250193
14122,401,3,362.42,0,Lost / Hibernating,34.483441083289605,142.94965716371888
14123,728,1,436.18,0,Lost / Hibernating,,
14124,79,1,419.58000000000004,0,Lost / Hibernating,,
14125,6,3,2740.43,1,New / Promising,1184.5447499980967,732.1565675268216
14126,3,4,1172.46,1,New / Promising,162.08425677004945,360.7885412361866
14127,118,6,1900.0800000000002,2,At-Risk,274.5296145463018,286.32638181013135
14128,56,3,924.21,1,New / Promising,119.93477150059223,326.2939919320785
14129,13,8,2438.76,3,Champions,308.15245033538673,340.6796237679871
14130,314,4,1882.67,2,At-Risk,182.52558138926327,513.7966475896741
14131,644,1,187.87,0,Lost / Hibernating,,
14132,10,10,3270.9,3,Champions,1137.5567070286568,331.01968664044415
14133,125,4,911.14,2,At-Risk,87.14091736783422,310.28064003307105
14134,378,15,11123.35,2,At-Risk,142.77713774093286,1048.4796152892397
14135,3,23,9504.02,3,Champions,995.8670369442948,418.0839783411391
14136,396,5,1570.81,2,At-Risk,114.22038106769068,320.7651066273034
14137,691,1,332.7,0,Lost / Hibernating,,
14138,59,1,638.21,1,New / Promising,,
14139,41,4,1086.8,1,New / Promising,131.0454083756543,252.26577597471749
14140,27,1,540.99,1,New / Promising,,
14141,55,3,688.7800000000001,1,New / Promising,267.33526164881937,208.74211678644565
14142,368,2,983.15,2,At-Risk,110.24398312113064,641.99452109753
14143,129,1,115.8,0,Lost / Hibernating,,
14144,481,1,30.599999999999998,0,Lost / Hibernating,,
14145,42,7,7600.05,3,Champions,892.9854574410588,1039.8276806093993
14146,4,12,9450.3,3,Champions,1090.5589465801804,1090.5542703344697
14147,73,9,2590.2,2,At-Risk,320.8901242496154,392.9636725405463
14148,229,2,466.29,0,Lost / Hibernating,44.538851265272285,170.66786923181206
14149,216,1,446.62,0,Lost / Hibernating,,
14150,31,2,658.64,1,New / Promising,120.12696630726859,367.98196820548407
14151,668,2,679.45,0,Lost / Hibernating,24.338977228561028,342.65834165483244
14152,71,7,1997.3400000000001,2,At-Risk,231.19130900880202,342.25683236453006
14153,478,1,233.4,0,Lost / Hibernating,,
14154,234,8,6460.7,2,At-Risk,702.1158326337754,1190.889736997801
14155,261,1,118.75,0,Lost / Hibernating,,
14156,5,156,313946.37,3,Champions,34643.08240719879,2607.6533968315207
14157,15,5,1002.78,1,New / Promising,123.10346397159412,215.96736263752734
14158,35,1,507.66,1,New / Promising,,
14159,15,20,7938.01,3,Champions,861.3823524883285,420.02354092179655
14160,605,7,8421.47,2,At-Risk,1.132185836909815,797.8478334737613
14161,211,7,3318.88,2,At-Risk,320.66472008096713,471.725327951374
14162,169,2,289.36,0,Lost / Hibernating,43.80469102223116,124.66900727707711
14163,82,5,2594.62,2,At-Risk,465.07579718967247,616.0034866576246
14164,66,2,1631.77,1,New / Promising,328.79933722351643,373.5802479776552
14165,271,1,122.53999999999999,0,Lost / Hibernating,,
14166,500,2,256.85,0,Lost / Hibernating,21.92156562868559,158.23847551381473
14167,34,8,1296.49,2,At-Risk,148.27955030212428,165.42189386488658
14168,416,2,370.45,0,Lost / Hibernating,13.609007977620356,80.02424187373373
14169,426,2,624.4300000000001,0,Lost / Hibernating,19.451611011867463,158.5416314581561
14170,371,3,597.33,0,Lost / Hibernating,28.487161651540085,224.6951547423307
14171,93,2,498.79,1,New / Promising,65.51405629199897,379.4311577034442
14172,600,3,402.72,0,Lost / Hibernating,6.8517014080679335,142.79887230591274
14173,6,6,586.0,1,New / Promising,73.4171757493311,143.89729488010016
14174,28,1,134.46,1,New / Promising,,
14175,55,8,7678.88,3,Champions,941.3875862503471,978.399514001531
14176,293,5,916.01,2,At-Risk,80.12708016012105,250.24877678580094
14177,81,13,2229.34,3,Champions,230.97536909885076,221.19923949474963
14178,4,7,1620.93,3,Champions,569.4299208007487,239.6242877063744
14179,36,2,719.78,1,New / Promising,209.95862963051036,181.68253520954957
14180,6,33,6319.25,3,Champions,924.4941755471272,202.62098421762013
14181,406,2,310.55,0,Lost / Hibernating,18.638243320814567,107.25775087373609
14182,439,4,678.77,2,At-Risk,37.24564106611243,178.3392435132833
14183,406,2,286.29,0,Lost / Hibernating,26.66922525942615,160.06751637800784
14184,62,1,452.89,1,New / Promising,,
14185,326,1,197.65,0,Lost / Hibernating,,
14186,422,5,1550.63,2,At-Risk,86.2521678070878,340.3811588747079
14187,469,1,123.5,0,Lost / Hibernating,,
14188,26,6,2054.36,1,New / Promising,439.353033790116,334.3062788349748
14189,11,15,5512.83,3,Champions,955.9323882924175,359.93832549780257
14190,661,1,79.9,0,Lost / Hibernating,,
14191,5,14,4391.54,3,Champions,512.041064883897,337.7574863292624
14192,383,1,293.74,0,Lost / Hibernating,,
14193,63,3,1210.19,2,At-Risk,212.52126738609016,434.80380177127245
14194,14,35,18186.49,3,Champions,2070.094963082495,761.5778008226081
14195,197,6,2615.6,2,At-Risk,248.62876026959933,456.21011241480693
14196,102,1,335.52,0,Lost / Hibernating,,
14197,406,1,390.05,0,Lost / Hibernating,,
14198,13,9,1569.73,3,Champions,178.9092652727493,181.0069377546667
14199,213,4,1091.7,2,At-Risk,143.71811969381608,295.2716774206547
14200,613,1,379.2,0,Lost / Hibernating,,
14201,55,10,1193.54,2,At-Risk,146.410949002147,113.82957394708669
14202,376,3,847.76,2,At-Risk,82.7821762697009,310.74304693034304
14203,392,1,339.34,0,Lost / Hibernating,,
14204,417,3,901.9300000000001,2,At-Risk,64.40083939497144,272.5944779054007
14205,12,9,2414.2,3,Champions,297.78737389538827,313.78682578740876
14206,234,3,1185.01,2,At-Risk,136.02369784353218,328.83722986707465
14207,683,1,157.8,0,Lost / Hibernating,,
14208,90,2,567.05,1,New / Promising,36.69002181860893,165.15043104479864
14209,6,15,4993.27,3,Champions,583.3760242406917,339.3960271415645
14210,101,16,5861.52,3,Champions,608.9068435407792,374.94317403191576
14211,48,18,4402.29,3,Champions,485.30150908503305,281.9410837854952
14212,85,2,2190.14,2,At-Risk,292.76923975152096,1093.5554053921885
14213,400,1,1192.2,0,Lost / Hibernating,,
14214,26,5,1004.38,1,New / Promising,111.89321514599804,94.6014988732376
14215,7,9,3416.33,3,Champions,358.63453440031105,375.79291030705053
14216,3,4,2011.79,1,New / Promising,379.9230633938659,572.901748200214
14217,7,22,3322.41,3,Champions,449.4260179322713,145.95102797490668
14218,38,1,169.48000000000002,1,New / Promising,,
14219,405,2,543.89,0,Lost / Hibernating,27.632927325044072,161.6237168922937
14220,242,4,1515.0,2,At-Risk,183.20487363118548,407.6784066802583
14221,37,17,6517.49,3,Champions,827.0374767776602,468.3582242421805
14222,172,1,683.17,0,Lost / Hibernating,,
14223,87,3,991.13,2,At-Risk,234.487633456276,350.78647900171546
14224,105,9,1897.9,2,At-Risk,232.6713048127597,193.4969408396283
14225,430,4,2037.02,2,At-Risk,132.604792437573,470.0347895654696
14226,24,6,3002.53,3,Champions,438.330508891075,449.7125616412219
14227,21,15,6368.71,3,Champions,762.4663423198382,661.0280740104777
14228,433,3,745.5,2,At-Risk,67.10908139065629,339.83949832499286
14229,47,7,2594.04,2,At-Risk,406.41939983447486,444.14296540763627
14230,431,3,979.8000000000001,2,At-Risk,85.05455815257369,521.4192968348109
14231,179,4,1235.6200000000001,2,At-Risk,177.71245250419344,313.55512280476404
14232,38,5,2048.07,2,At-Risk,418.8682207030853,342.5367690117854
14233,44,7,2904.27,2,At-Risk,339.8635049126396,415.83168301563074
14234,17,4,775.46,1,New / Promising,364.02747329456037,139.60817616922887
14235,70,9,4717.99,3,Champions,612.2406390697138,727.17855206985
14236,76,5,1744.64,2,At-Risk,255.63591364722572,364.5991881124313
14237,368,2,632.14,0,Lost / Hibernating,60.97798521860229,337.2015346566873
14238,321,3,434.23,0,Lost / Hibernating,37.51110603493066,144.16096218809452
14239,38,21,4263.17,3,Champions,469.0691599603938,207.01331180971818
14240,25,3,1247.49,1,New / Promising,211.50216695739184,453.3754700910567
14241,179,2,333.70000000000005,0,Lost / Hibernating,40.32445051624775,227.76223874944225
14242,230,2,280.55,0,Lost / Hibernating,46.21537607604857,155.51007201474212
14243,4,17,7431.05,3,Champions,829.6957094770584,305.3449936566526
14244,656,1,366.41999999999996,0,Lost / Hibernating,,
14245,215,2,1693.45,2,At-Risk,232.05752928050356,707.4054686882592
14246,106,3,1474.06,2,At-Risk,360.6952374948154,520.7662492065281
14247,273,5,772.66,2,At-Risk,78.43394725569053,150.39169704889972
14248,313,3,1032.95,2,At-Risk,117.41163398773145,368.24736553566146
14249,406,12,5625.461,2,At-Risk,121.33640856071021,759.5870993028369
14250,2,3,1904.05,1,New / Promising,635.1834693879825,694.1373435242507
14251,6,4,2397.42,1,New / Promising,1016.7722003999477,384.5514872902598
14252,376,1,350.99,0,Lost / Hibernating,,
14253,488,2,363.40000000000003,0,Lost / Hibernating,24.583259337284655,171.52681107411271
14254,428,1,601.03,0,Lost / Hibernating,,
14255,541,1,1000.63,0,Lost / Hibernating,,
14256,255,5,2473.9900000000002,2,At-Risk,197.99517167990905,512.5055005135185
14257,59,9,5954.45,3,Champions,631.097092070614,597.8781570638737
14258,4,25,32051.34,3,Champions,3503.9172064426484,1467.4908659873774
14259,137,1,120.0,0,Lost / Hibernating,,
14260,466,3,824.28,2,At-Risk,42.63335807603532,300.29735103219434
14261,46,2,1163.45,1,New / Promising,219.20290797470085,233.8253576362702
14262,3,8,2618.23,3,Champions,756.4358850035259,341.9258165498139
14263,418,1,322.93,0,Lost / Hibernating,,
14264,150,6,1517.3600000000001,2,At-Risk,146.82250748635585,209.73090543187473
14265,104,4,1373.35,2,At-Risk,174.1423574821039,378.82160402224304
14266,423,1,40.56,0,Lost / Hibernating,,
14267,158,3,1516.24,2,At-Risk,268.08120638816695,698.846365859687
14268,466,1,354.85,0,Lost / Hibernating,,
14269,435,1,295.73,0,Lost / Hibernating,,
14270,327,1,492.65000000000003,0,Lost / Hibernating,,
14271,221,2,219.13,0,Lost / Hibernating,33.242112982415186,125.31573995833875
14272,69,4,920.81,2,At-Risk,122.92378226332414,253.5167837635314
14273,46,4,559.97,1,New / Promising,156.3915121555466,153.48633476759503
14274,682,1,256.6,0,Lost / Hibernating,,
14275,391,6,1189.3799999999999,2,At-Risk,75.19313110769315,256.5354441126415
14276,94,7,2102.68,2,At-Risk,242.82946022047724,362.050043016884
14277,10,9,17225.81,3,Champions,2063.309067190605,2432.77243664494
14278,405,1,205.83,0,Lost / Hibernating,,
14279,516,2,191.86,0,Lost / Hibernating,12.875100051985543,94.03004650230638
14280,192,1,134.04,0,Lost / Hibernating,,
14281,403,1,245.15,0,Lost / Hibernating,,
14282,4,24,7762.36,3,Champions,859.1318103917176,299.13762077792495
14283,458,4,628.4399999999999,2,At-Risk,18.183709401572848,136.16623227968472
14284,26,3,1299.65,1,New / Promising,96.73439142605781,305.05845779105323
14285,16,8,3284.42,3,Champions,378.94182600721047,449.9421712158104
14286,19,7,8479.76,3,Champions,850.6151655151336,1379.0575136004952
14287,3,3,176.63,1,New / Promising,56.43653992021184,106.14617907781762
14288,208,1,426.6,0,Lost / Hibernating,,
14289,4,6,911.26,1,New / Promising,168.7372986474939,120.39289834000253
14290,6,8,4516.56,3,Champions,441.2246680909285,523.2955470231761
14291,53,21,7346.41,3,Champions,805.5615522484079,579.6354453673811
14292,3,16,9226.25,3,Champions,1152.2083648089776,854.2253908130347
14293,142,8,2960.78,2,At-Risk,265.11332766574935,373.1092240795911
14294,402,1,375.34,0,Lost / Hibernating,,
14295,35,5,2362.91,2,At-Risk,300.9212372089877,592.6928188962061
14296,416,2,456.40000000000003,0,Lost / Hibernating,51.32900662517092,302.9954389368327
14297,13,4,1305.33,1,New / Promising,339.735475501392,362.7324396794758
14298,4,82,91194.49,3,Champions,10070.29706231034,2023.9420684025724
14299,3,27,14499.49,3,Champions,1408.9947746859543,519.3528243431722
14300,14,1,43.2,1,New / Promising,,
14301,112,4,1992.18,2,At-Risk,241.5666189710015,567.5097039339894
14302,426,3,742.9000000000001,2,At-Risk,75.125963365731,321.66992295935825
14303,402,2,277.94,0,Lost / Hibernating,18.80350270722762,128.3675097980422
14304,218,3,1725.01,2,At-Risk,180.20127709135284,535.1511246412297
14305,66,3,1858.96,2,At-Risk,449.14289717425993,415.38773824777405
14306,46,6,3151.4,2,At-Risk,379.7668132921293,573.3960781447374
14307,84,10,5071.03,3,Champions,569.3914034275542,605.8660516112457
14308,544,2,1147.02,2,At-Risk,,
14309,3,11,3780.81,3,Champions,477.4914302607976,313.1521173006074
14310,428,1,492.1,0,Lost / Hibernating,,
14311,238,2,516.45,0,Lost / Hibernating,66.98711117222244,325.33803203479386
14312,42,11,3090.29,3,Champions,378.99991582262805,231.90653821503614
14314,102,2,229.8,0,Lost / Hibernating,36.47452692259712,133.0765321334786
14315,40,8,3197.82,3,Champions,388.8461148543325,406.9024488695915
14316,417,5,1370.34,2,At-Risk,91.02114368899939,333.37389592969043
14317,60,1,508.58000000000004,1,New / Promising,,
14318,455,1,158.02,0,Lost / Hibernating,,
14319,419,1,494.85,0,Lost / Hibernating,,
14320,202,5,1346.75,2,At-Risk,145.9418420450102,286.3004096682165
14321,6,7,2218.06,3,Champions,335.4524245553243,309.3085266790745
14322,424,4,474.1,2,At-Risk,33.993789841791255,122.95706180367893
14323,110,2,605.0600000000001,0,Lost / Hibernating,138.63507182544035,320.2652225661478
14324,405,2,701.61,0,Lost / Hibernating,56.65492754318137,355.188787354277
14325,565,1,245.48000000000002,0,Lost / Hibernating,,
14326,237,3,940.98,2,At-Risk,113.27854305373899,324.2986056471112
14327,158,6,1894.93,2,At-Risk,196.65137892842904,316.258702698437
14328,433,1,445.05,0,Lost / Hibernating,,
14329,12,15,9927.22,3,Champions,1128.7487949005838,740.459197532552
14330,619,1,200.63,0,Lost / Hibernating,,
14331,119,2,462.65999999999997,0,Lost / Hibernating,52.620736012183514,91.64521974015403
14332,18,5,1943.51,1,New / Promising,294.3968948916102,349.3344605138249
14333,63,1,415.2,1,New / Promising,,
14334,12,12,4318.48,3,Champions,567.7820433112855,350.6301209335481
14335,11,2,468.26,1,New / Promising,106.00848034426016,121.97091937243864
14336,12,4,1614.91,1,New / Promising,340.25131650559854,365.3281135942342
14338,156,3,928.1,2,At-Risk,110.15026319352992,301.5250659564637
14339,238,2,620.27,0,Lost / Hibernating,82.09883314919499,324.59024737208506
14340,214,1,134.7,0,Lost / Hibernating,,
14341,40,18,4467.32,3,Champions,485.1532219674346,381.92428289861647
14342,16,6,918.44,1,New / Promising,141.71440495938805,154.09105993464402
14343,417,4,1088.91,2,At-Risk,83.77814711170379,284.47086418514635
14344,122,20,3333.7000000000003,3,Champions,333.99286617465214,157.44264161284835
14345,34,1,108.97999999999999,1,New / Promising,,
14346,116,5,2315.75,2,At-Risk,303.3808961143525,553.4241590176915
14347,732,1,82.6,0,Lost / Hibernating,,
14348,255,1,409.57,0,Lost / Hibernating,,
14349,5,1,133.5,1,New / Promising,,
14350,269,3,972.03,2,At-Risk,112.06171406680133,301.60548454729366
14351,160,1,51.0,0,Lost / Hibernating,,
14352,152,4,1078.96,2,At-Risk,258.12745188378796,431.92381098717595
14353,210,3,376.5,0,Lost / Hibernating,42.29948095375489,102.10706534597416
14354,1,2,163.62,1,New / Promising,133.19971947169242,88.45197712642464
14355,361,3,1014.45,2,At-Risk,99.72189152771563,364.39732549967914
14356,75,2,701.23,1,New / Promising,314.40833255831876,371.7613123116068
14357,38,1,225.77,1,New / Promising,,
14358,384,2,400.06,0,Lost / Hibernating,27.09757888749423,163.9984384563013
14359,14,3,912.18,1,New / Promising,334.286844607534,221.39296635637714
14360,27,4,2128.23,1,New / Promising,720.7629347423144,505.24546117635384
14361,574,1,214.70999999999998,0,Lost / Hibernating,,
14362,17,1,161.2,1,New / Promising,,
14363,397,2,227.47000000000003,0,Lost / Hibernating,26.569318077501805,162.704973093778
14364,104,8,3717.35,2,At-Risk,831.3478934011521,502.52042565254453
14365,390,2,634.68,0,Lost / Hibernating,53.10532547961391,325.2571904496362
14366,520,1,136.0,0,Lost / Hibernating,,
14367,3,16,9261.52,3,Champions,2268.1385240037675,691.437436390074
14368,315,1,155.0,0,Lost / Hibernating,,
14369,637,2,469.13,0,Lost / Hibernating,19.716400607423267,314.4042076422141
14370,446,6,1175.78,2,At-Risk,54.604521754543555,233.21224373414677
14371,290,1,100.5,0,Lost / Hibernating,,
14372,438,2,860.08,0,Lost / Hibernating,45.83388956716062,284.3816639542709
14373,353,1,76.55,0,Lost / Hibernating,,
14374,536,1,108.0,0,Lost / Hibernating,,
14375,180,3,1132.99,2,At-Risk,144.07103705833956,401.9327027695434
14376,678,1,215.46,0,Lost / Hibernating,,
14377,186,2,617.05,0,Lost / Hibernating,114.30413668041822,317.44587228377276
14378,617,1,131.25,0,Lost / Hibernating,,
14379,39,4,1268.91,1,New / Promising,185.75419840658338,321.0611695376476
14380,677,1,48.96,0,Lost / Hibernating,,
14381,47,2,631.34,1,New / Promising,57.9080764735875,216.6263103939682
14382,21,2,1246.8,1,New / Promising,196.5265757192584,644.4702946429846
14383,33,3,1247.69,1,New / Promising,507.44693195396053,511.30701246015894
14384,496,1,58.5,0,Lost / Hibernating,,
14385,4,3,202.11,1,New / Promising,212.66058364493693,79.73561860947632
14386,292,1,142.4,0,Lost / Hibernating,,
14387,28,3,1770.56,1,New / Promising,878.7814694488868,674.2551821292807
14388,5,16,6701.0,3,Champions,780.93963424352,426.3226207935881
14389,60,5,1898.01,2,At-Risk,258.6642359475208,421.4220739351585
14390,5,13,6399.83,3,Champions,1098.655986633412,573.7063620872627
14391,572,1,135.6,0,Lost / Hibernating,,
14392,428,1,266.4,0,Lost / Hibernating,,
14393,213,1,67.95,0,Lost / Hibernating,,
14394,560,1,93.8,0,Lost / Hibernating,,
14395,55,19,7649.02,3,Champions,958.5636651165801,415.7846828710694
14396,60,7,2121.93,2,At-Risk,198.39987084960657,324.40566516318165
14397,1,18,2391.52,3,Champions,742.5429499905869,131.71425590760126
14398,396,2,707.79,0,Lost / Hibernating,49.17869889699868,275.86298191827757
14399,389,8,2113.16,2,At-Risk,48.8186301086169,238.41902558541895
14400,144,3,1732.47,2,At-Risk,174.50414415455282,546.8017679877141
14401,33,21,6442.12,3,Champions,669.6980541267932,291.85897525042026
14402,647,1,285.6,0,Lost / Hibernating,,
14403,126,6,1880.51,2,At-Risk,234.66960710296934,343.8762039934387
14404,29,13,2899.11,3,Champions,316.9731897585623,243.13111212114694
14405,382,1,195.0,0,Lost / Hibernating,,
14406,114,1,156.75,0,Lost / Hibernating,,
14407,102,6,2157.73,2,At-Risk,481.7637983479303,363.20444655432385
14408,6,11,4109.77,3,Champions,447.1377653268153,380.4421682626717
14409,66,9,3756.09,3,Champions,475.2971715675444,453.207026662211
14410,87,11,2651.14,2,At-Risk,402.29275492250036,275.6913994616777
14411,306,1,1063.0,0,Lost / Hibernating,,
14412,38,3,1426.19,1,New / Promising,182.4133410735074,392.9057159488851
14413,357,4,770.37,2,At-Risk,75.72615499639677,220.55239403422348
14414,87,8,2399.33,2,At-Risk,316.358201121475,215.84545449282047
14415,14,22,10995.65,3,Champions,1209.7037121895307,499.667278657094
14416,17,2,490.22,1,New / Promising,185.73174297117086,142.39352482290425
14417,383,1,604.2,0,Lost / Hibernating,,
14418,20,2,1039.9,1,New / Promising,731.1335784144336,910.6311085765885
14419,6,7,1260.91,1,New / Promising,233.32839978799805,178.60174387456195
14420,94,4,1639.17,2,At-Risk,172.92388732186777,418.1380359733628
14421,52,6,2469.37,2,At-Risk,196.02726870891286,301.84068351728723
14422,12,18,9889.51,3,Champions,1102.4535702553737,558.0353223910207
14423,213,3,916.6099999999999,2,At-Risk,98.7369629065154,343.53875350316906
14424,13,1,322.08,1,New / Promising,,
14425,430,3,661.39,2,At-Risk,52.50305264837304,226.16782018690353
14426,19,17,11727.94,3,Champions,1471.0462752985975,870.1114836248522
14427,45,4,1263.52,1,New / Promising,103.04651664252626,227.49314580371245
14428,2,5,1244.83,1,New / Promising,275.4603354803526,263.9296881875001
14429,399,1,516.28,0,Lost / Hibernating,,
14430,507,3,1220.9,2,At-Risk,79.902817824075,603.3724537884358
14431,298,4,2614.2,2,At-Risk,261.9479124595074,698.6380657978482
14432,5,6,2255.51,3,Champions,1311.9983632289416,403.3299903443986
14433,461,1,289.6,0,Lost / Hibernating,,
14434,17,6,1372.8,1,New / Promising,778.6924874189156,215.18626381540116
14435,497,1,90.42,0,Lost / Hibernating,,
14436,94,2,271.70000000000005,0,Lost / Hibernating,22.52516860001873,101.81104907373562
14437,361,5,958.84,2,At-Risk,52.66390395972502,151.65749137357892
14438,301,1,131.9,0,Lost / Hibernating,,
14439,315,5,9443.04,2,At-Risk,777.6145553595313,1741.450045749166
14440,3,13,6638.7300000000005,3,Champions,664.9492434164495,520.0750275079798
14441,38,10,4305.99,3,Champions,491.14479982257853,439.20148719636984
14442,200,7,5367.0199999999995,2,At-Risk,557.8576326845409,909.8866717531785
14443,49,5,2386.47,2,At-Risk,393.6022917297106,434.97985908800945
14444,451,1,132.04,0,Lost / Hibernating,,
14445,451,1,221.65,0,Lost / Hibernating,,
14446,24,4,1044.22,1,New / Promising,200.42648110991388,285.7185270333485
14447,14,6,1711.73,1,New / Promising,256.961355424505,294.49674123594116
14448,4,2,375.35,1,New / Promising,93.4349493082638,287.68606374759213
14449,14,8,2482.8,3,Champions,434.7706030734277,373.7620233856988
14450,176,7,1128.44,2,At-Risk,126.21285980127638,157.6153313994352
14451,55,12,3308.77,3,Champions,392.2354676912298,291.8335673185647
14452,6,4,665.59,1,New / Promising,99.60432713594228,183.9654336223341
14453,185,1,119.93,0,Lost / Hibernating,,
14454,371,5,977.3,2,At-Risk,83.33889656345306,216.32579548590184
14455,427,4,628.21,2,At-Risk,12.915612157921979,138.32706391490873
14456,17,8,2679.44,3,Champions,1199.1538303452594,425.5301770544542
14457,306,1,113.64,0,Lost / Hibernating,,
14458,376,1,237.42,0,Lost / Hibernating,,
14459,150,2,5375.741,2,At-Risk,353.3575736632555,1869.0687318100663
14460,105,9,1093.5,2,At-Risk,111.98358408137057,118.88610068553992
14461,143,13,6713.5,3,Champions,739.2630125169112,583.898156409958
14462,61,12,2270.01,3,Champions,375.627707965706,224.22727096379327
14463,93,4,786.5699999999999,2,At-Risk,99.7673583472199,181.06537011190184
14464,563,2,111.0,0,Lost / Hibernating,6.517497802332456,63.35066493495679
14465,242,11,3946.03,2,At-Risk,343.14849176427686,408.60609750896117
14466,24,13,4646.9,3,Champions,520.2158135038916,370.38725065979423
14467,13,12,2220.9900000000002,3,Champions,246.73001920022415,193.1683732936627
14468,729,1,204.24,0,Lost / Hibernating,,
14469,411,4,2112.21,2,At-Risk,167.76690302367302,563.5392594277804
14470,7,3,712.04,1,New / Promising,109.72981858889679,237.67773099943557
14471,586,2,400.95,0,Lost / Hibernating,24.12165653063256,205.95522115315094
14472,99,9,2228.22,2,At-Risk,240.65255308193656,243.88375857600474
14473,69,2,234.34000000000003,1,New / Promising,63.80620108999801,162.72518349006742
14474,41,2,1278.08,1,New / Promising,121.35698034636803,565.2354359902877
14475,67,4,1151.15,2,At-Risk,207.16725134885903,313.6019519733293
14476,252,1,215.7,0,Lost / Hibernating,,
14477,15,7,1969.6,3,Champions,229.5640714055395,303.2413331281906
14478,377,4,1276.66,2,At-Risk,109.11894426039586,336.52482998600783
14479,249,4,1299.11,2,At-Risk,118.93523205504184,319.6663293025262
14480,6,4,1299.52,1,New / Promising,136.40223467726685,336.9563273249303
14481,160,5,2311.4900000000002,2,At-Risk,252.04811603191484,477.95921608855207
14482,14,12,4357.91,3,Champions,675.942245961288,426.3710907211455
14483,277,2,257.1,0,Lost / Hibernating,24.639788030670925,150.35642096093832
14484,45,4,1070.98,1,New / Promising,86.76307991643475,216.49163613149597
14485,34,1,165.75,1,New / Promising,,
14486,507,2,175.5,0,Lost / Hibernating,10.134539083988237,90.6346999256827
14487,22,7,1453.61,1,New / Promising,296.9379765783792,267.18051897477926
14488,63,1,1064.28,1,New / Promising,,
14489,202,4,1574.93,2,At-Risk,167.59185123358998,379.9087097210787
14490,401,2,1273.47,2,At-Risk,116.56676843778521,816.5820294437417
14491,170,2,468.13,0,Lost / Hibernating,67.59217027953328,227.79255434387636
14492,425,7,1921.91,2,At-Risk,25.421912672947716,287.079959002556
14493,2,10,5130.15,3,Champions,613.6409119837489,510.3838238054914
14494,21,3,401.46,1,New / Promising,42.99082191746807,150.20743498611895
14495,46,3,174.8,1,New / Promising,21.353180073710824,68.10005374877254
14496,307,7,2668.23,2,At-Risk,169.97006966188442,321.5013485013379
14497,304,2,697.0600000000001,0,Lost / Hibernating,85.64944092966248,492.18495860215523
14498,38,10,3911.27,3,Champions,551.5834732845317,402.05296194146104
14499,22,7,2138.9700000000003,3,Champions,326.2306060382351,299.44474585942066
14500,83,3,356.85,1,New / Promising,35.77410256573494,42.06453496758654
14501,179,2,251.21,0,Lost / Hibernating,64.89860000854512,198.0327458076957
14502,15,11,2470.67,3,Champions,585.8052710840669,291.2729255068412
14503,2,5,3205.51,3,Champions,1104.6640403907631,656.7420117249729
14504,42,4,673.26,1,New / Promising,164.6497850167297,179.86453643226497
14505,12,19,12001.84,3,Champions,1285.8852570969702,741.8616111646583
14506,13,7,3290.67,3,Champions,426.31644685575816,485.9867388791809
14507,19,11,3284.43,3,Champions,370.7582705621161,347.58217780739545
14508,17,5,874.94,1,New / Promising,101.1972519215783,193.3446470978267
14509,529,1,110.95,0,Lost / Hibernating,,
14510,371,3,1007.28,2,At-Risk,96.04603672042715,522.8845505657943
14511,6,5,1314.81,1,New / Promising,615.3400385425125,297.86049565914806
14512,183,7,1223.47,2,At-Risk,124.99921895719268,180.62692433059445
14513,96,6,788.01,2,At-Risk,80.97409988923032,105.86865800002592
14514,56,9,4598.9800000000005,3,Champions,447.82024987599914,469.84780276346174
14515,13,12,3749.2599999999998,3,Champions,546.8050593589246,396.5532671110891
14516,511,1,163.92,0,Lost / Hibernating,,
14517,28,2,330.45,1,New / Promising,60.77500161436224,90.6346999256827
14518,59,1,174.37,0,Lost / Hibernating,,
14519,679,2,206.09,0,Lost / Hibernating,6.725310091124179,95.82877177206534
14520,286,1,165.0,0,Lost / Hibernating,,
14521,486,1,199.45000000000002,0,Lost / Hibernating,,
14522,19,8,1758.6200000000001,3,Champions,200.99621859127956,224.63567003299826
14523,104,1,241.09,0,Lost / Hibernating,,
14524,27,13,2933.71,3,Champions,440.8804078961298,316.8599675485257
14525,15,17,8240.64,3,Champions,910.1871021552583,491.1027307678552
14526,384,1,262.4,0,Lost / Hibernating,,
14527,4,121,27430.96,3,Champions,2940.428884323653,222.86706956781086
14528,32,1,364.21999999999997,1,New / Promising,,
14529,55,3,620.04,1,New / Promising,310.714088223846,249.54449930877539
14530,21,16,6197.4,3,Champions,733.841417235699,400.91565451744145
14531,475,1,376.34,0,Lost / Hibernating,,
14532,232,11,3859.1800000000003,2,At-Risk,326.8288238918887,359.86674863347986
14533,20,11,3466.37,3,Champions,416.46930354269614,300.57302208505695
14534,13,25,6140.29,3,Champions,749.3420400488112,240.94956344818166
14535,55,9,6030.7300000000005,3,Champions,727.1957914960531,693.0044437121605
14536,255,1,171.8,0,Lost / Hibernating,,
14537,53,2,641.4,1,New / Promising,74.46275230793191,371.11457963034513
14538,60,5,1370.8400000000001,2,At-Risk,125.44069594214822,233.08942408680164
14539,11,2,537.48,1,New / Promising,622.9848068914073,482.0595500611525
14540,5,11,3795.34,3,Champions,429.5438348770549,365.4335438343136
14541,54,14,2499.68,3,Champions,277.5553088563647,192.5538090359974
14542,181,1,103.25,0,Lost / Hibernating,,
14543,24,39,14906.77,3,Champions,1633.1469280427611,417.96749521541796
14544,19,3,2982.43,1,New / Promising,435.99772366957467,1023.3975203792971
14545,669,1,349.25,0,Lost / Hibernating,,
14546,1,11,5197.9,3,Champions,548.0791287045396,466.6719360382179
14547,7,6,3528.04,3,Champions,2579.9787212998326,611.1787439221955
14548,146,9,2627.49,2,At-Risk,235.97590727147343,392.59764495726256
14549,306,4,916.5500000000001,2,At-Risk,72.71496895151222,204.71744517795324
14550,6,4,1353.31,1,New / Promising,208.3348335940496,359.74540771313684
14551,13,7,880.04,1,New / Promising,101.16338240335298,186.20490360536755
14552,147,3,511.28000000000003,2,At-Risk,59.166280146272925,175.53929109754318
14553,14,9,1841.54,3,Champions,231.04435872929568,227.68190040052065
14554,5,4,2381.04,1,New / Promising,1884.093514723746,682.6693193171058
14555,52,6,2315.63,2,At-Risk,255.02830803623775,408.18409688550844
14556,591,3,835.34,2,At-Risk,24.416516364779717,250.46428694139257
14557,80,1,788.38,1,New / Promising,,
14558,650,3,655.5,0,Lost / Hibernating,12.30559698894871,181.31435115151666
14559,385,1,75.6,0,Lost / Hibernating,,
14560,2,44,6114.03,3,Champions,656.9987379394204,158.39919320630307
14561,71,3,1080.76,2,At-Risk,385.4337051080357,437.4676675925135
14562,6,24,6406.08,3,Champions,777.5834140023533,285.95673003930943
14563,505,2,679.44,0,Lost / Hibernating,21.16992187940344,163.03844463255354
14564,430,2,2605.62,2,At-Risk,248.1113820955131,1645.258803300956
14565,91,5,3859.2200000000003,2,At-Risk,575.0901384879099,779.7321026623163
14566,106,4,4092.0,2,At-Risk,565.1018018345387,1090.0128420817316
14567,52,2,1530.3600000000001,1,New / Promising,519.1907498964838,749.0894110352016
14568,430,1,919.7,0,Lost / Hibernating,,
14569,448,3,371.59,0,Lost / Hibernating,21.108877692895764,100.43837958625336
14570,276,3,613.75,2,At-Risk,54.950848645547254,232.16810514053725
14571,420,1,161.65,0,Lost / Hibernating,,
14572,35,10,5480.13,3,Champions,705.6862070487417,639.9303790949931
14573,175,13,2621.42,2,At-Risk,264.3732967777721,239.88083970215013
14574,728,1,143.70000000000002,0,Lost / Hibernating,,
14575,483,1,460.71,0,Lost / Hibernating,,
14576,367,1,70.80000000000001,0,Lost / Hibernating,,
14577,8,7,1374.25,1,New / Promising,143.33820385512323,195.10537850595637
14579,427,1,105.56,0,Lost / Hibernating,,
14580,513,1,14.850000000000001,0,Lost / Hibernating,,
14581,12,2,433.8,1,New / Promising,34.65883168425803,151.87220068264534
14582,36,1,114.11,1,New / Promising,,
14583,1,8,1781.03,3,Champions,215.23300452124116,219.7398175625412
14584,164,8,1747.91,2,At-Risk,194.6987822877581,223.90029067302896
14585,45,5,1143.27,1,New / Promising,195.7465496122693,233.9366290011414
14586,272,1,237.36,0,Lost / Hibernating,,
14587,14,9,1601.14,3,Champions,334.5201362357965,174.2243616731548
14588,573,1,135.39,0,Lost / Hibernating,,
14589,367,1,79.5,0,Lost / Hibernating,,
14590,420,20,3006.62,2,At-Risk,0.0613410520785005,161.75528258503502
14591,10,4,1447.14,1,New / Promising,612.4089507263571,1221.3255307339437
14592,30,3,570.46,1,New / Promising,278.4121965636305,159.92803215268535
14593,17,12,3712.0099999999998,3,Champions,397.0019475010406,470.7931805391422
14594,2,2,634.83,1,New / Promising,43.900819452719816,137.9573428373751
14595,15,8,2164.45,3,Champions,251.4928276287891,282.39013307432265
14596,622,1,229.47,0,Lost / Hibernating,,
14597,7,6,2201.54,3,Champions,428.47234474110894,529.5610136374045
14598,39,2,384.04,1,New / Promising,51.51035243730506,236.11923761512014
14599,385,2,474.54,0,Lost / Hibernating,55.687078038880315,303.7533287976862
14600,301,2,865.1700000000001,0,Lost / Hibernating,96.04784223279248,409.2819130229273
14601,6,1,213.96,1,New / Promising,,
14602,651,1,205.35999999999999,0,Lost / Hibernating,,
14603,270,1,660.0,0,Lost / Hibernating,,
14604,629,1,143.85999999999999,0,Lost / Hibernating,,
14605,369,4,937.16,2,At-Risk,92.38668525243958,368.2172085641002
14606,4,190,30505.35,3,Champions,3357.639722223613,170.24614314009366
14607,11,22,24137.63,3,Champions,2559.1294070153776,1680.5089051875582
14608,24,10,2845.39,3,Champions,314.514911437243,331.11351957412387
14609,68,10,1486.2,2,At-Risk,183.777984078082,160.69823136781056
14610,391,2,24.35,0,Lost / Hibernating,4.131400250328661,22.828820374656445
14611,439,2,604.3299999999999,0,Lost / Hibernating,52.875834209963145,328.03611993943235
14612,410,1,877.7,0,Lost / Hibernating,,
14613,676,1,76.32000000000001,0,Lost / Hibernating,,
14614,382,1,295.13,0,Lost / Hibernating,,
14615,389,5,951.76,2,At-Risk,35.50372272345961,165.38070707183348
14616,238,5,527.78,2,At-Risk,71.12548919141375,124.5669863020291
14617,398,2,190.47000000000003,0,Lost / Hibernating,16.587124621511578,121.96081417429394
14618,4,7,1342.32,1,New / Promising,179.82068596613323,222.11869755846442
14619,241,2,1291.24,2,At-Risk,87.51399491562826,410.40359001699045
14620,201,2,412.78000000000003,0,Lost / Hibernating,64.34394745787759,191.1106850785671
14621,25,8,2697.71,3,Champions,280.62509998948724,313.4735026748927
14622,180,1,320.58000000000004,0,Lost / Hibernating,,
14623,27,10,2059.58,3,Champions,255.023823572753,201.12054341191526
14624,52,6,814.07,2,At-Risk,84.54145826476221,115.28626602507768
14625,191,11,4497.88,2,At-Risk,421.8855949568041,436.66855735641093
14626,19,11,5410.92,3,Champions,587.9565356847103,499.1407370342689
14627,374,1,462.75,0,Lost / Hibernating,,
14628,86,5,1998.0,2,At-Risk,218.78015726089126,408.70397412640165
14629,42,1,604.83,1,New / Promising,,
14630,479,1,338.65,0,Lost / Hibernating,,
14631,46,6,2025.69,2,At-Risk,306.34575738156144,344.6037187227628
14632,258,1,114.56,0,Lost / Hibernating,,
14633,261,1,344.90000000000003,0,Lost / Hibernating,,
14634,433,4,2124.46,2,At-Risk,23.314024516097636,152.46612788099543
14635,449,1,215.22,0,Lost / Hibernating,,
14636,31,2,609.85,1,New / Promising,134.8236281978555,324.7317201461111
14637,672,1,106.67999999999999,0,Lost / Hibernating,,
14638,46,1,443.6,1,New / Promising,,
14639,47,9,4978.96,3,Champions,565.4622603146116,708.7599281696432
14640,20,10,3667.06,3,Champions,425.5644376877127,377.388877439235
14641,17,1,110.46,1,New / Promising,,
14642,54,1,96.12,0,Lost / Hibernating,,
14643,165,5,1679.89,2,At-Risk,166.13223574985764,336.10001688153557
14644,63,7,2247.72,2,At-Risk,235.65848916105637,384.9837924594606
14645,152,3,876.89,2,At-Risk,97.04622522393285,305.9832715855973
14646,12,148,516874.5,3,Champions,56680.969138560504,5809.495792725279
14647,196,2,519.97,0,Lost / Hibernating,57.73080651407683,257.5927836726359
14648,412,15,4546.86,2,At-Risk,7.092593680350676,361.49620412127825
14649,67,8,3261.32,2,At-Risk,351.076632826597,458.12840327377404
14650,584,1,62.5,0,Lost / Hibernating,,
14651,62,9,2034.1200000000001,2,At-Risk,227.98756343452277,238.77813107054016
14652,72,1,114.18,0,Lost / Hibernating,,
14653,5,11,3211.51,3,Champions,339.99008813156297,321.43081741758704
14654,734,1,246.86,0,Lost / Hibernating,,
14655,3,7,3878.51,3,Champions,429.77571552484244,487.1220420202379
14656,164,5,814.65,2,At-Risk,99.03734897439895,170.91761729602425
14657,13,6,1460.8700000000001,1,New / Promising,245.626066027138,248.4435073922705
14658,112,1,123.14,0,Lost / Hibernating,,
14659,4,9,2529.93,3,Champions,489.3192156951873,243.87374554617415
14660,82,2,285.74,0,Lost / Hibernating,128.54118881585495,170.25355610787884
14661,22,1,107.95,1,New / Promising,,
14662,24,7,1416.33,1,New / Promising,159.66217040439554,219.93512602624952
14663,425,2,490.6,0,Lost / Hibernating,,
14664,15,2,637.89,1,New / Promising,377.01357013632764,263.28201022810947
14665,56,7,2749.65,2,At-Risk,371.108641484166,497.38381605362486
14666,20,1,195.25,1,New / Promising,,
14667,6,54,21927.14,3,Champions,2421.5000722626364,442.6993836514074
14668,440,1,111.63,0,Lost / Hibernating,,
14669,237,7,3243.93,2,At-Risk,287.23833517998327,609.4464214034449
14670,275,3,602.0,2,At-Risk,70.42827853269489,427.67337364630544
14671,544,2,1127.45,2,At-Risk,16.552056834841355,197.24454035240805
14672,230,4,1113.14,2,At-Risk,129.38759602962818,324.11510031622265
14673,5,6,3044.04,3,Champions,523.8675858894453,501.4582993724012
14674,504,1,173.66,0,Lost / Hibernating,,
14675,12,2,1066.9,1,New / Promising,191.24668928812005,622.926012198456
14676,26,12,8356.79,3,Champions,1019.1502753906739,701.8061070594217
14677,588,1,184.91,0,Lost / Hibernating,,
14678,574,1,403.39,0,Lost / Hibernating,,
14679,377,3,1289.44,2,At-Risk,107.99268285211826,433.45176421294445
14680,20,58,57412.77,3,Champions,6345.94480808709,1138.2986239144411
14681,66,6,875.1500000000001,2,At-Risk,113.41408087607499,202.62513849838413
14682,183,6,1514.81,2,At-Risk,144.7898137460647,228.37171671959683
14683,583,1,146.56,0,Lost / Hibernating,,
14684,21,6,1468.55,1,New / Promising,271.31426312878574,250.11498751418858
14685,572,8,4619.79,2,At-Risk,49.797245820655526,834.9407874056507
14686,409,5,885.83,2,At-Risk,95.75301289743486,586.65845605708
14687,102,3,1402.06,2,At-Risk,201.41433392681284,553.9288656000156
14688,3,28,7713.57,3,Champions,1282.2142954272795,283.42044836198244
14689,204,1,112.8,0,Lost / Hibernating,,
14690,39,4,794.33,1,New / Promising,125.13409847913258,188.6215909539624
14691,26,5,2114.33,1,New / Promising,643.6319562301101,564.0978645099515
14692,132,12,1745.09,2,At-Risk,201.46334986515285,144.3785626966159
14693,260,7,1165.36,2,At-Risk,111.71029655133171,179.5200037680639
14694,612,1,244.31,0,Lost / Hibernating,,
14695,514,3,1620.07,2,At-Risk,89.67177106402107,654.5451771932638
14696,66,7,2467.36,2,At-Risk,410.0775502137642,348.05742462141467
14697,213,2,188.60999999999999,0,Lost / Hibernating,,
14698,11,4,1093.6,1,New / Promising,562.5606846915344,203.1219085061237
14699,209,4,702.6,2,At-Risk,77.65185084136372,157.8247227411021
14700,27,5,3116.26,1,New / Promising,513.6740829993747,698.463093971082
14701,6,15,4562.09,3,Champions,509.9454002618172,407.67952316637303
14702,3,28,6554.93,3,Champions,681.5939310620697,221.6751433429573
14703,10,1,318.17,1,New / Promising,,
14704,7,11,1813.57,3,Champions,232.17005842407113,170.71984102737986
14705,194,1,179.0,0,Lost / Hibernating,,
14706,614,1,390.69,0,Lost / Hibernating,,
14707,431,2,139.2,0,Lost / Hibernating,13.492802430521508,82.14633348412352
14708,149,4,1787.09,2,At-Risk,288.52673790343556,499.5237859991154
14709,10,25,8886.33,3,Champions,982.3377392010763,392.99601690717446
14710,9,13,1922.59,3,Champions,219.66281874850762,158.06055193966864
14711,5,11,2868.8,3,Champions,771.6826165736236,268.2764003327648
14712,25,4,1328.0700000000002,1,New / Promising,203.43964197267664,310.6650941161672
14713,4,21,5418.87,3,Champions,599.5602545311331,263.63078205237247
14714,20,4,906.24,1,New / Promising,108.24840634141422,257.2029083177371
14715,20,8,1840.45,3,Champions,199.10269430492576,224.00616240967824
14716,38,3,565.45,1,New / Promising,76.52231561173632,171.57867549916972
14717,729,1,81.3,0,Lost / Hibernating,,
14718,406,1,226.42,0,Lost / Hibernating,,
14719,6,4,1195.71,1,New / Promising,333.6449569265651,329.1224764120902
14720,1,3,663.81,1,New / Promising,315.7132338337913,261.21022114104034
14721,375,1,115.77,0,Lost / Hibernating,,
14722,142,3,513.37,2,At-Risk,64.07010751625378,160.66687795593523
14723,5,11,2093.06,3,Champions,231.54068155603994,218.37717081959306
14724,585,1,345.25,0,Lost / Hibernating,,
14725,20,4,1315.24,1,New / Promising,202.72684777043318,532.8340639929427
14726,650,1,124.75,0,Lost / Hibernating,,
14727,269,3,467.92999999999995,0,Lost / Hibernating,58.881618973545734,283.2195661676288
14728,408,1,190.58,0,Lost / Hibernating,,
14729,369,3,907.38,2,At-Risk,113.06554653951963,645.3898676741537
14730,60,7,1760.13,2,At-Risk,423.75526850711185,299.5539223432962
14731,42,3,380.02,1,New / Promising,108.06541473405537,132.71639148061178
14732,3,19,5517.07,3,Champions,611.7985270690701,312.49790367328933
14733,11,15,16184.97,3,Champions,2685.048784141686,970.9163354197415
14734,421,4,1056.42,2,At-Risk,56.913691352878885,290.9265995659241
14735,7,55,11682.72,3,Champions,1271.6723354538497,298.0437865986913
14736,480,2,401.08,0,Lost / Hibernating,,
14737,124,3,3471.37,2,At-Risk,259.4126362137222,549.5812355332731
14738,38,9,1821.9,3,Champions,180.87606846371682,190.54685192578378
14739,15,24,11752.54,3,Champions,1260.0436412770277,484.8194905160608
14740,192,11,4161.06,2,At-Risk,440.59939158735745,406.17295478348245
14741,7,7,1897.59,3,Champions,322.7625527745344,266.55100691073756
14742,430,1,579.85,0,Lost / Hibernating,,
14743,588,1,50.48,0,Lost / Hibernating,,
14744,12,14,3885.08,3,Champions,555.7882135995123,344.3105037416258
14745,108,12,2571.81,2,At-Risk,282.3933205222296,241.19022534654835
14746,401,4,593.5,2,At-Risk,16.192155440107086,165.4065486529735
14747,244,1,328.2,0,Lost / Hibernating,,
14748,24,10,3152.32,3,Champions,374.20317282229814,350.51251324220885
14749,475,1,310.15,0,Lost / Hibernating,,
14750,731,1,112.03,0,Lost / Hibernating,,
14751,679,2,126.45,0,Lost / Hibernating,5.057104172244818,73.80954501473505
14752,39,1,389.64,1,New / Promising,,
14753,82,2,869.51,1,New / Promising,151.25143698553953,580.8883879164487
14754,40,6,1550.48,2,At-Risk,157.12386777840348,241.10422656917203
14755,5,25,9972.550000000001,3,Champions,1083.7706990211848,454.46772909171625
14756,10,3,2653.76,1,New / Promising,300.3867464361141,643.2236583927859
14757,70,1,420.5,1,New / Promising,,
14758,140,7,2864.97,2,At-Risk,336.07908051461743,406.3986495642014
14759,108,2,870.85,2,At-Risk,138.46775924137566,313.5553709980582
14760,292,1,89.2,0,Lost / Hibernating,,
14761,54,3,447.92,1,New / Promising,59.76387996974066,134.49565280272373
14762,259,2,417.57,0,Lost / Hibernating,59.43240472908704,315.4955690418431
14764,42,1,278.3,1,New / Promising,,
14765,24,3,254.11,1,New / Promising,87.96329514554066,93.13536630651144
14766,3,11,6556.13,3,Champions,799.7829638942437,525.3760487809781
14767,469,1,382.81,0,Lost / Hibernating,,
14768,13,2,192.60000000000002,1,New / Promising,52.23602271858372,71.83903137651596
14769,77,16,15429.91,3,Champions,1656.962967836083,965.4661305071952
14770,227,8,3637.64,2,At-Risk,305.9211125794825,388.15599798695007
14771,617,2,594.62,0,Lost / Hibernating,34.231717303006036,322.2963673932352
14772,107,1,139.26,0,Lost / Hibernating,,
14773,588,1,140.55,0,Lost / Hibernating,,
14774,524,1,241.45,0,Lost / Hibernating,,
14775,53,3,1418.46,1,New / Promising,160.2637068388173,310.12985517526494
14776,46,15,3708.3,3,Champions,616.4039472290012,286.27261244128283
14777,399,1,307.56,0,Lost / Hibernating,,
14778,122,2,730.86,2,At-Risk,146.3622284170079,412.7985219772875
14779,276,3,386.15,0,Lost / Hibernating,20.633560639566543,67.99953051023515
14780,50,2,447.68,1,New / Promising,118.17909376288046,127.90267068338537
14782,315,1,200.10000000000002,0,Lost / Hibernating,,
14783,654,1,307.3,0,Lost / Hibernating,,
14784,21,3,449.93,1,New / Promising,76.10318773734437,151.62983881142316
14785,5,2,77.4,1,New / Promising,89.68003817614428,50.133065761671794
14786,545,1,90.96,0,Lost / Hibernating,,
14787,466,1,110.65,0,Lost / Hibernating,,
14788,2,3,1156.32,1,New / Promising,120.0474018212721,347.3737150533708
14789,24,1,197.64,1,New / Promising,,
14790,12,10,2526.62,3,Champions,265.10764244282683,248.0092239934293
14791,602,1,303.63,0,Lost / Hibernating,,
14792,59,1,6.2,0,Lost / Hibernating,,
14793,16,2,625.9,1,New / Promising,56.289659789552616,243.2130867127089
14794,5,9,1749.04,3,Champions,282.75600391010784,205.15961733483547
14795,162,1,131.45000000000002,0,Lost / Hibernating,,
14796,17,26,10462.41,3,Champions,1168.5750241187627,408.49334815304104
14797,502,1,300.31,0,Lost / Hibernating,,
14798,48,8,724.31,2,At-Risk,73.42799516285179,78.492613880967
14799,46,2,338.15,1,New / Promising,29.51201743188433,171.17312913904775
14800,43,17,7774.32,3,Champions,1332.2328386982022,489.0534906053817
14801,56,1,193.14,0,Lost / Hibernating,,
14802,433,2,1502.98,2,At-Risk,,
14803,157,3,845.55,2,At-Risk,90.23902656640868,158.36992195535566
14804,4,1,353.27,1,New / Promising,,
14805,10,7,1104.64,1,New / Promising,130.2398873540228,153.35794462047153
14806,70,2,303.43,1,New / Promising,56.36232563146356,207.2385813175295
14807,386,2,519.29,0,Lost / Hibernating,30.901815773892498,183.24884092198013
14808,35,8,2741.17,3,Champions,856.0254943964526,415.5133568445667
14809,616,2,686.76,0,Lost / Hibernating,,
14810,36,13,2537.02,3,Champions,451.5871755920872,201.73844360280205
14811,383,1,170.5,0,Lost / Hibernating,,
14812,594,1,185.8,0,Lost / Hibernating,,
14813,365,4,1090.87,2,At-Risk,88.51421668804694,322.7907570690502
14814,576,1,160.46,0,Lost / Hibernating,,
14815,32,2,778.5,1,New / Promising,250.00043646946432,241.12131069675323
14816,192,1,271.85,0,Lost / Hibernating,,
14817,195,7,3959.86,2,At-Risk,438.1045849926252,571.9124910227667
14818,69,6,1170.41,2,At-Risk,147.8301299053948,215.16822626012868
14819,59,4,470.16,1,New / Promising,60.66822429501748,150.92745519956657
14820,16,9,1274.76,3,Champions,149.92579461505403,146.59716074176305
14821,362,7,1286.45,2,At-Risk,118.84810108238747,302.96127080909287
14822,481,1,157.70000000000002,0,Lost / Hibernating,,
14823,176,3,321.43,0,Lost / Hibernating,49.485814324454935,123.7595394440529
14824,5,10,4022.9100000000003,3,Champions,435.53348016113995,360.3169080699556
14825,11,23,4823.99,3,Champions,613.9286970025307,208.03394824208448
14826,577,2,385.2,0,Lost / Hibernating,25.59965325092999,221.29491193682574
14828,192,13,9839.460000000001,3,Champions,891.297220335393,764.7260160654392
14829,24,7,1692.84,1,New / Promising,267.9897527392885,272.2931638081283
14830,48,1,197.13,1,New / Promising,,
14831,675,3,1676.57,2,At-Risk,65.80947576509257,863.5004644296456
14832,625,1,322.69,0,Lost / Hibernating,,
14833,494,1,94.8,0,Lost / Hibernating,,
14834,13,7,2206.16,3,Champions,357.16955719776604,289.16691330596956
14835,524,2,297.0,0,Lost / Hibernating,16.518950348957482,131.86390835611297
14836,5,3,102.44999999999999,1,New / Promising,47.11305387663309,19.145236581059866
14837,85,9,3460.32,2,At-Risk,399.1275202460811,399.81166561323494
14838,418,2,773.6700000000001,0,Lost / Hibernating,102.3495382895496,673.2701093554177
14839,414,3,915.28,2,At-Risk,60.907270064242255,252.26867907313886
14840,263,2,362.71,0,Lost / Hibernating,15.88521529371923,75.32532473644206
14841,48,14,7163.0,3,Champions,753.5849495385323,506.3509562221411
14842,39,4,2824.69,2,At-Risk,713.1037937575247,845.0594961388654
14843,432,1,211.79999999999998,0,Lost / Hibernating,,
14844,59,10,6702.43,3,Champions,787.3692609183133,794.5332135220474
14845,595,1,150.0,0,Lost / Hibernating,,
14846,422,1,437.4,0,Lost / Hibernating,,
14847,144,3,1348.95,2,At-Risk,186.64755845233412,530.6828666882424
14848,400,1,310.56,0,Lost / Hibernating,,
14849,17,43,15763.45,3,Champions,1817.1043351648705,694.7806382006748
14850,307,7,1794.01,2,At-Risk,179.5058713487024,445.67358708971625
14851,18,3,829.4100000000001,1,New / Promising,86.20661092305349,262.88895922461495
14852,53,18,6147.18,3,Champions,745.4081745669109,520.2269895052515
14853,19,5,1376.87,1,New / Promising,146.68960451457468,242.65431743922892
14854,73,11,4322.86,3,Champions,496.48320063328725,403.66934845417387
14855,114,7,6520.3,2,At-Risk,722.2991973151182,1230.2496082646687
14856,31,3,1311.3799999999999,1,New / Promising,364.6062923823562,323.1654144336805
14857,55,7,3651.851,2,At-Risk,407.2532778160205,706.8574408886079
14858,501,1,180.75,0,Lost / Hibernating,,
14859,8,5,1705.64,1,New / Promising,233.99153243171793,456.72861581172157
14860,14,1,170.32,1,New / Promising,,
14861,48,10,1380.73,2,At-Risk,139.8270997796967,147.36941566744915
14862,21,2,841.1999999999999,1,New / Promising,361.55167950594114,554.5643467494705
14863,24,1,266.76,1,New / Promising,,
14865,2,4,129.72,1,New / Promising,14.556931986730753,36.864980337121146
14866,6,19,20850.22,3,Champions,3582.247837826102,1304.0929477737116
14867,181,16,2952.06,2,At-Risk,259.73410056706814,197.32038070523114
14868,16,11,3793.92,3,Champions,626.970524945445,400.4412348638348
14869,4,6,2804.24,3,Champions,307.3120343559382,489.91025565238664
14870,257,6,1838.95,2,At-Risk,186.06403943847778,380.51310527557627
14871,174,8,1091.34,2,At-Risk,108.37136894907161,137.06543683260736
14872,479,3,816.6,2,At-Risk,50.15505022425506,263.5272817893274
14873,205,2,854.13,2,At-Risk,102.35682543695262,536.9610915813798
14874,530,1,116.18,0,Lost / Hibernating,,
14875,103,3,2862.4,2,At-Risk,326.61707659160675,742.3697285622212
14876,516,2,256.7,0,Lost / Hibernating,7.022040687833902,65.47275654534658
14877,414,2,437.0,0,Lost / Hibernating,40.22897010370206,244.53686766966635
14878,8,25,4105.24,3,Champions,463.3186364537107,183.39001552960028
14879,680,1,185.06,0,Lost / Hibernating,,
14880,72,3,706.19,1,New / Promising,186.88620971305392,295.8806861125888
14881,15,1,255.4,1,New / Promising,,
14882,22,14,3628.15,3,Champions,472.07158684390845,315.56602750323356
14883,14,6,761.59,1,New / Promising,170.8518612567242,115.98214360494745
14884,665,1,120.6,0,Lost / Hibernating,,
14885,127,3,1598.12,2,At-Risk,286.63097800535536,687.8861332749517
14886,248,1,364.8,0,Lost / Hibernating,,
14887,74,1,1862.0,1,New / Promising,,
14888,202,1,369.2,0,Lost / Hibernating,,
14889,331,1,135.9,0,Lost / Hibernating,,
14890,249,3,817.25,2,At-Risk,78.20135761871435,264.95471177655844
14891,143,4,1106.73,2,At-Risk,184.07911365224606,306.8719314623838
14892,686,1,202.35000000000002,0,Lost / Hibernating,,
14893,5,3,1809.6100000000001,1,New / Promising,210.281065623779,628.039623211712
14894,80,3,1492.81,2,At-Risk,170.5836351417096,605.5525747508962
14895,3,38,25119.54,3,Champions,2672.158472566106,1016.3274538802169
14896,200,8,2092.42,2,At-Risk,199.81609722116906,257.756355214495
14897,3,8,3140.54,3,Champions,347.1368768003357,407.90250757118406
14898,18,14,3507.81,3,Champions,369.7326240002241,246.74614360731252
14899,390,1,1384.88,0,Lost / Hibernating,,
14900,517,1,13.919999999999998,0,Lost / Hibernating,,
14901,6,12,2289.65,3,Champions,352.9553313643656,193.6360886625105
14902,21,3,1035.6200000000001,1,New / Promising,120.25340046043814,326.1532593981262
14903,16,5,2810.63,1,New / Promising,678.8025237627367,573.7785932050591
14904,21,3,1012.16,1,New / Promising,150.56264736491462,325.0424776122879
14905,153,8,1971.39,2,At-Risk,198.43913746809287,246.79290767471917
14906,440,1,68.44,0,Lost / Hibernating,,
14907,23,15,5689.43,3,Champions,758.356473209187,541.2035256593058
14908,70,2,381.9,1,New / Promising,76.01699724285513,292.53655885705444
14909,432,3,1404.68,2,At-Risk,125.03415902873212,534.7188747155188
14910,20,3,323.55,1,New / Promising,116.44157678280786,60.73170036398129
14911,3,391,289670.66,3,Champions,31910.890792367823,1155.843015352404
14912,12,6,1889.25,1,New / Promising,253.18434961653657,466.5319758386265
14913,31,8,4073.13,3,Champions,597.2775519358206,491.2106880218696
14915,86,11,1811.25,2,At-Risk,187.91233082175012,180.30646777051388
14916,66,8,3042.95,2,At-Risk,327.83573629779215,336.8110671103386
14917,592,2,1123.75,2,At-Risk,,
14918,111,9,5955.81,2,At-Risk,706.2464028012889,731.3950296021928
14919,535,1,359.35,0,Lost / Hibernating,,
14920,208,3,1607.17,2,At-Risk,209.37713199253338,999.8701133925516
14921,25,2,1316.07,1,New / Promising,223.50269927965758,429.2194689624466
14922,389,2,843.74,0,Lost / Hibernating,57.901910503134715,318.4563920982441
14923,46,1,749.1,1,New / Promising,,
14924,241,3,931.01,2,At-Risk,96.57204364273954,317.9354846476939
14926,377,2,359.4,0,Lost / Hibernating,27.12870279807197,152.4785125713281
14927,392,1,308.2,0,Lost / Hibernating,,
14928,623,1,223.91000000000003,0,Lost / Hibernating,,
14929,27,2,836.69,1,New / Promising,67.86721965349383,238.0493304607604
14930,104,6,5246.63,2,At-Risk,643.447531917756,1085.7009094331358
14931,18,4,1059.28,1,New / Promising,270.5551210284124,260.22673463080605
14932,361,2,1029.66,2,At-Risk,123.85511427470198,746.5226907064443
14933,439,4,1770.0,2,At-Risk,92.26306782580971,906.1241902040463
14934,77,5,3503.5,2,At-Risk,522.4380800356348,847.8960057776735
14935,292,2,2849.83,2,At-Risk,338.91329937611,1815.2989724820468
14936,29,12,12410.81,3,Champions,1659.0217417404956,1606.3920269281548
14937,52,3,1621.88,1,New / Promising,612.1461222694062,883.2056008118366
14938,557,2,2322.43,2,At-Risk,,
14940,413,2,531.49,0,Lost / Hibernating,55.8806607867844,364.97061915835945
14941,574,1,182.1,0,Lost / Hibernating,,
14942,397,4,746.56,2,At-Risk,68.01234727217282,217.0535861542787
14943,658,1,107.62,0,Lost / Hibernating,,
14944,25,19,9784.67,3,Champions,1110.7604229006097,787.4143986960021
14945,409,1,179.4,0,Lost / Hibernating,,
14946,9,1,100.9,1,New / Promising,,
14947,67,6,1049.79,2,At-Risk,105.11974581795447,148.08455402890237
14948,18,6,1101.97,1,New / Promising,291.31489043358187,167.40077155293912
14949,464,4,515.0,2,At-Risk,36.92410453580688,147.25471040780806
14950,14,1,371.2,1,New / Promising,,
14951,74,1,311.69,0,Lost / Hibernating,,
14952,55,32,17629.35,3,Champions,1938.125235190454,786.8787640699475
14953,20,4,1013.77,1,New / Promising,165.74092526276374,363.63334888679486
14954,7,2,503.44,1,New / Promising,63.62051998180667,351.52060042774605
14955,728,1,163.77,0,Lost / Hibernating,,
14956,416,1,1325.0,0,Lost / Hibernating,,
14957,248,2,333.29,0,Lost / Hibernating,13.11384268110617,70.91945834534705
14958,142,6,957.9399999999999,2,At-Risk,94.1265312570586,156.9810771238597
14959,59,4,695.42,1,New / Promising,152.58121106951745,176.7637764851246
14960,4,2,221.27,1,New / Promising,86.70817146278594,146.18297412717175
14961,6,22,16410.15,3,Champions,1755.5762472350339,854.0184307563364
14962,266,4,366.91,0,Lost / Hibernating,36.91306955903291,85.92856923103169
14963,5,12,3164.48,3,Champions,475.18075869486006,298.96234532221905
14964,242,1,206.21,0,Lost / Hibernating,,
14965,91,2,599.0,1,New / Promising,,
14966,10,6,1115.8400000000001,1,New / Promising,126.20687251464656,245.6019889755116
14967,45,6,1982.6100000000001,2,At-Risk,231.60131731165743,588.0576741122886
14968,25,2,504.99,1,New / Promising,42.664245005849544,160.9567738147426
14969,699,1,906.23,0,Lost / Hibernating,,
14970,63,12,4919.35,3,Champions,581.5417639883528,504.49923932881927
14971,30,3,1116.57,1,New / Promising,652.5444578987754,517.2862707936231
14972,123,2,145.07,0,Lost / Hibernating,38.342509302166164,127.79151350379351
14973,102,3,1314.45,2,At-Risk,248.67681129442195,337.5274638386327
14974,33,1,114.39,1,New / Promising,,
14975,52,2,472.39,1,New / Promising,83.49477117506446,294.6990712600231
14976,52,7,790.86,2,At-Risk,165.94885309694624,162.07209616376116
14977,721,1,31.929999999999996,0,Lost / Hibernating,,
14978,68,10,3142.14,3,Champions,412.5036357596026,323.0170967112987
14979,731,1,439.46,0,Lost / Hibernating,,
14980,732,1,150.68,0,Lost / Hibernating,,
14981,241,2,372.92,0,Lost / Hibernating,29.183222887035413,115.0084378507312
14982,567,1,237.78,0,Lost / Hibernating,,
14983,684,1,183.20000000000002,0,Lost / Hibernating,,
14984,14,6,1271.41,1,New / Promising,155.43748562154127,292.2859875837292
14985,193,2,296.75,0,Lost / Hibernating,55.46970808734329,185.8660872414609
14986,371,2,566.9,0,Lost / Hibernating,42.580555708104036,257.8959396169773
14987,11,8,1713.85,3,Champions,184.12334954318789,253.55512507252058
14988,207,7,2066.6,2,At-Risk,218.3920205476244,283.0997197550857
14989,657,1,342.4,0,Lost / Hibernating,,
14990,607,2,305.42,0,Lost / Hibernating,12.85399985584414,118.10062848301347
14991,426,1,314.67,0,Lost / Hibernating,,
14992,437,1,210.5,0,Lost / Hibernating,,
14993,559,1,36.13,0,Lost / Hibernating,,
14994,378,5,960.63,2,At-Risk,67.2632162197605,198.17104638956246
14995,34,2,233.23000000000002,1,New / Promising,50.83760004394007,126.93257166149289
14996,476,2,442.28999999999996,0,Lost / Hibernating,,
14997,41,4,776.5999999999999,1,New / Promising,81.77293343509464,186.6112816462694
14998,165,4,770.73,2,At-Risk,101.6517811198745,223.75350219971796
14999,588,1,129.48000000000002,0,Lost / Hibernating,,
15000,43,1,490.52,1,New / Promising,,
15001,389,2,230.85999999999999,0,Lost / Hibernating,,
15002,111,9,4817.28,2,At-Risk,503.9640343148661,517.9804371592213
15003,468,6,1060.7,2,At-Risk,18.205239359821935,140.38853044597005
15004,142,1,1246.32,0,Lost / Hibernating,,
15005,11,56,14106.2,3,Champions,1535.0754081834639,250.87587015613738
15006,46,2,825.14,1,New / Promising,138.28862427613012,519.1860480448292
15007,154,1,156.91,0,Lost / Hibernating,,
15008,476,2,360.0,0,Lost / Hibernating,37.82889880719951,254.33890987003824
15009,7,3,1261.78,1,New / Promising,888.1898771986641,342.2369775641098
15010,31,1,308.94,1,New / Promising,,
15011,391,2,416.6,0,Lost / Hibernating,30.708307207995915,207.4507904785685
15012,49,3,860.62,1,New / Promising,111.27910063655497,314.532773023203
15013,483,10,1641.3,2,At-Risk,0.753818484336345,158.75375997551888
15014,38,2,260.17,1,New / Promising,88.81124086131369,155.75259677021523
15015,496,13,2365.02,2,At-Risk,0.82469328114279,224.94529134817813
15016,168,5,630.3,2,At-Risk,82.98505932598002,167.31097431617238
15017,29,1,125.58,1,New / Promising,,
15018,34,3,607.46,1,New / Promising,104.83210529525905,199.36329863090646
15019,262,1,266.0,0,Lost / Hibernating,,
15020,374,1,203.42,0,Lost / Hibernating,,
15021,4,12,2783.83,3,Champions,425.23941028512786,255.2107986493839
15022,7,5,1186.09,1,New / Promising,131.00714739626994,306.6411305601695
15023,34,19,11479.04,3,Champions,1332.2941979820307,635.8982975047519
15024,5,16,4075.51,3,Champions,635.4931354609698,302.52732415650144
15025,28,2,1013.09,1,New / Promising,85.9904481981415,392.7902296507552
15026,75,5,1061.61,2,At-Risk,134.3499330412196,172.86017294280913
15027,26,10,3195.6,3,Champions,369.2285857794393,335.68071280561253
15028,3,6,1157.71,1,New / Promising,223.8379190233374,252.70547633420628
15029,615,1,365.1,0,Lost / Hibernating,,
15030,67,8,1979.91,2,At-Risk,213.94644895542078,228.75894496574446
15031,25,13,2981.05,3,Champions,322.2877028945046,274.557939603621
15032,251,8,13780.65,2,At-Risk,1316.8126436611717,2051.382779291165
15033,21,9,2418.87,3,Champions,448.4102294738405,232.86441924741453
15034,11,14,8313.4,3,Champions,1101.88239939975,635.2320101107576
15035,85,1,252.73000000000002,0,Lost / Hibernating,,
15036,67,3,465.55,1,New / Promising,192.05536558510428,213.1550869582374
15037,372,2,402.51,0,Lost / Hibernating,,
15038,54,9,1309.86,2,At-Risk,249.71064421499506,163.1937576860051
15039,5,93,40031.43,3,Champions,4471.63941344502,485.90645850649184
15040,537,1,7.49,0,Lost / Hibernating,,
15041,165,2,294.02,0,Lost / Hibernating,50.39178904909994,194.06140293682336
15042,194,2,315.45,0,Lost / Hibernating,30.0760590839245,149.1741127780069
15043,26,6,2873.7999999999997,3,Champions,407.68000577121825,494.59601167761986
15044,14,35,16204.33,3,Champions,1733.9007115850063,560.4835543509865
15045,147,2,735.66,2,At-Risk,142.33109219184414,362.2220052629974
15046,4,25,7812.389999999999,3,Champions,878.1331822584925,306.30791344960005
15047,265,1,343.62,0,Lost / Hibernating,,
15048,60,4,482.75,1,New / Promising,71.74689418332056,99.3585057874164
15049,269,1,121.17000000000002,0,Lost / Hibernating,,
15050,20,5,4193.79,3,Champions,556.3958332486114,957.9880361339101
15051,18,9,3935.16,3,Champions,398.0935285672516,421.4022611854955
15052,314,1,215.78,0,Lost / Hibernating,,
15053,152,2,478.6,0,Lost / Hibernating,99.62223818916145,270.4567009108559
15054,7,2,302.1,1,New / Promising,197.94665532096735,146.9004431954464
15055,470,3,560.07,0,Lost / Hibernating,34.25435136675404,159.02332300584874
15056,515,1,133.45,0,Lost / Hibernating,,
15057,270,5,3255.96,2,At-Risk,341.2097892900242,742.8210388499882
15058,20,16,3410.03,3,Champions,402.6562486280703,260.0648765751245
15059,36,19,3523.57,3,Champions,373.4809764107132,217.10541987115872
15060,3,4,303.09,1,New / Promising,55.671846377299616,28.59888851528774
15061,6,126,133922.66,3,Champions,14524.466728561554,1980.0033878009767
15062,66,8,2585.62,2,At-Risk,282.90768660182084,287.7967451391553
15063,208,1,370.79999999999995,0,Lost / Hibernating,,
15064,405,4,1254.41,2,At-Risk,96.61927499910189,314.79609577174256
15065,33,5,3326.86,2,At-Risk,675.6332679331973,794.5230973354488
15066,48,1,893.59,1,New / Promising,,
15067,73,5,3877.88,2,At-Risk,487.6557288959483,1045.2709164582693
15068,41,4,1176.85,1,New / Promising,131.30894375045602,285.5479350621466
15069,174,1,1109.53,0,Lost / Hibernating,,
15070,368,3,843.25,2,At-Risk,67.3651009128899,266.45753419269255
15071,89,4,1455.56,2,At-Risk,213.8963647891229,435.1805083904936
15072,474,1,187.51999999999998,0,Lost / Hibernating,,
15073,5,8,2788.02,3,Champions,298.84738944953114,332.03825476625775
15074,100,3,1566.33,2,At-Risk,256.87256101975726,612.3680503237317
15075,73,1,773.03,1,New / Promising,,
15076,168,3,1447.74,2,At-Risk,168.6969378013329,454.1092897323797
15077,490,2,2428.08,2,At-Risk,224.89221211652898,1582.768257974049
15078,2,53,17761.88,3,Champions,1953.686706635218,496.24963637478174
15079,208,11,3767.35,2,At-Risk,334.59653433559333,435.0056721533988
15080,423,2,546.25,0,Lost / Hibernating,31.78162080508428,198.65926809266793
15081,17,12,1965.72,3,Champions,264.2899878089574,154.84756137092344
15082,664,1,93.35000000000001,0,Lost / Hibernating,,
15083,252,1,88.2,0,Lost / Hibernating,,
15084,375,2,965.2,2,At-Risk,108.41794028247693,634.0922561483642
15085,725,1,347.54,0,Lost / Hibernating,,
15086,560,2,218.53,0,Lost / Hibernating,12.737860057816407,121.45555426705828
15087,277,1,306.94,0,Lost / Hibernating,,
15088,17,2,1160.07,1,New / Promising,328.60167009208976,310.8067571026961
15089,5,6,2420.84,3,Champions,627.2824499457747,242.69954812438405
15090,303,1,381.32,0,Lost / Hibernating,,
15091,63,3,1046.6100000000001,1,New / Promising,92.83433725472374,497.5811344114321
15092,210,3,776.46,2,At-Risk,93.32775466197461,235.97888826815358
15093,14,23,14326.11,3,Champions,1613.6020221051044,741.8886552108689
15094,458,2,83.0,0,Lost / Hibernating,6.942935536098134,45.161308274472844
15095,99,10,3141.64,2,At-Risk,360.52628841517117,411.81833112806333
15096,38,1,219.39000000000001,1,New / Promising,,
15097,578,2,660.27,0,Lost / Hibernating,,
15098,177,3,39916.5,2,At-Risk,,
15099,80,1,410.48,0,Lost / Hibernating,,
15100,329,7,2894.7,2,At-Risk,226.2366392071351,448.97752604416627
15101,4,6,1477.94,1,New / Promising,206.82669816390506,273.9065229186128
15102,526,2,554.67,0,Lost / Hibernating,18.47221101875796,212.68528311752996
15103,26,2,703.36,1,New / Promising,391.1661105097581,427.8249516184762
15104,192,2,1027.44,2,At-Risk,231.17448471377514,671.4814892838034
15105,13,9,3094.91,3,Champions,390.6238525451815,463.5077366862529
15106,13,5,1422.52,1,New / Promising,312.1064183616437,256.54547020630235
15107,306,9,940.35,2,At-Risk,6.0622454611684145,110.04209208765046
15108,137,4,1300.25,2,At-Risk,335.05026608643453,374.8143651693043
15109,241,3,983.1,2,At-Risk,104.03443117767904,383.79328437546997
15110,19,6,1505.8500000000001,1,New / Promising,218.7251020030869,243.68560114594723
15111,24,5,2730.87,1,New / Promising,379.1867580506552,615.5397798258115
15112,606,1,209.4,0,Lost / Hibernating,,
15113,5,3,3609.33,1,New / Promising,1353.4904142946143,692.7715626678691
15114,25,12,3400.12,3,Champions,573.1020588223034,272.54258323379105
15115,13,2,531.85,1,New / Promising,61.94875618448181,355.5020484967631
15116,13,4,1352.75,1,New / Promising,349.74128463192307,295.95739024607417
15117,10,8,2485.9700000000003,3,Champions,297.5267585662267,356.94784995395645
15118,129,1,244.8,0,Lost / Hibernating,,
15119,241,1,266.4,0,Lost / Hibernating,,
15120,129,1,358.82,0,Lost / Hibernating,,
15121,45,2,457.72,1,New / Promising,68.62625809941066,176.09436063552312
15122,109,11,4497.47,2,At-Risk,509.63839326192027,425.49674603330715
15123,3,5,4656.17,3,Champions,613.8347613174528,1055.547432748204
15124,18,4,450.82,1,New / Promising,48.58291410235891,109.87499907092162
15125,20,24,17024.87,3,Champions,1884.8703483978024,999.326746913176
15126,532,2,449.49,0,Lost / Hibernating,35.85382368239105,271.5581675086297
15127,61,2,711.5,1,New / Promising,99.62107061311141,422.62077457394884
15128,55,5,1783.68,2,At-Risk,301.31590661852897,371.6400123857459
15129,45,23,6860.18,3,Champions,877.4525279445279,328.72966699862087
15130,165,1,330.11,0,Lost / Hibernating,,
15131,390,1,80.28,0,Lost / Hibernating,,
15132,13,5,977.9300000000001,1,New / Promising,210.45704783997604,169.40367715323964
15133,123,5,1806.9,2,At-Risk,218.4795423971644,325.8007121684528
15134,10,10,1596.29,3,Champions,295.6265197008555,169.5607048131125
15135,234,2,305.68,0,Lost / Hibernating,31.902374614046078,152.32693459915745
15136,17,2,1029.8,1,New / Promising,400.86255201071765,463.41545948415643
15137,516,2,823.4,0,Lost / Hibernating,61.17983829655853,446.9237761119843
15138,389,1,502.52,0,Lost / Hibernating,,
15139,235,2,178.96,0,Lost / Hibernating,20.088675212427695,69.27231104775878
15140,47,8,3243.69,3,Champions,450.03077880862685,395.0088877578916
15141,453,7,1388.47,2,At-Risk,20.127100823103003,223.5697186714964
15142,42,6,2619.92,2,At-Risk,392.8398305985831,550.3300666558041
15143,221,2,563.63,0,Lost / Hibernating,69.99009397190876,273.9935202615056
15144,3,29,12160.31,3,Champions,1354.7161230273905,513.3541450515143
15145,39,3,1036.37,1,New / Promising,227.46784955347437,314.5528776709105
15146,160,2,1327.16,2,At-Risk,181.72559115294095,509.9397917424165
15147,235,1,623.5,0,Lost / Hibernating,,
15148,6,1,301.29,1,New / Promising,,
15149,129,5,1554.6100000000001,2,At-Risk,180.20618933967032,415.5992260490052
15150,13,13,9001.08,3,Champions,1072.0610149852469,635.9392257869528
15151,418,2,2085.61,2,At-Risk,187.71683850336356,1139.817002498686
15152,5,14,5263.83,3,Champions,574.9203230581031,366.24568407436266
15153,26,1,329.25,1,New / Promising,,
15154,70,3,1388.41,2,At-Risk,78.68150318054934,311.3524378025107
15155,379,1,383.96999999999997,0,Lost / Hibernating,,
15156,29,1,317.8,1,New / Promising,,
15157,149,4,2223.41,2,At-Risk,232.5632304521234,597.7078277773371
15158,40,2,606.02,1,New / Promising,123.7016352793853,417.43680792571087
15159,13,31,20281.94,3,Champions,3468.7225232720593,944.7473134252753
15160,352,4,589.27,2,At-Risk,27.993857214254888,167.13034752313507
15161,383,1,119.92,0,Lost / Hibernating,,
15162,727,1,312.9,0,Lost / Hibernating,,
15163,14,2,304.47,1,New / Promising,88.26116284379357,162.8565510659487
15164,64,9,2068.92,2,At-Risk,233.76751577855367,234.58415712082237
15165,368,1,975.5,0,Lost / Hibernating,,
15166,463,1,167.16,0,Lost / Hibernating,,
15167,316,5,1659.67,2,At-Risk,122.3307066537208,329.5874231571307
15168,21,1,106.56,1,New / Promising,,
15169,378,2,569.22,0,Lost / Hibernating,35.85203348865168,227.10540087003588
15170,402,1,81.15,0,Lost / Hibernating,,
15171,326,1,1289.5,0,Lost / Hibernating,,
15172,4,5,1624.05,1,New / Promising,437.76717002796875,323.17638215273183
15173,376,7,1494.6,2,At-Risk,43.43791269415136,185.3601366907364
15174,318,2,481.46,0,Lost / Hibernating,33.13135567869706,148.99221921140204
15175,67,1,224.14,0,Lost / Hibernating,,
15176,663,1,988.04,0,Lost / Hibernating,,
15177,421,1,948.93,0,Lost / Hibernating,,
15178,255,1,40.5,0,Lost / Hibernating,,
15179,14,13,7491.92,3,Champions,780.9041670214301,562.176132310087
15180,362,3,904.4300000000001,2,At-Risk,64.64548118344004,232.8526155496405
15181,61,5,1200.2,2,At-Risk,133.0040866235708,262.97720928972177
15182,149,11,2998.952,2,At-Risk,315.96782884329855,408.3338405506708
15183,543,3,639.93,0,Lost / Hibernating,11.471773816147484,180.73634252992665
15184,24,4,689.95,1,New / Promising,77.66221127327938,193.48847954413415
15185,65,1,310.62,0,Lost / Hibernating,,
15186,9,5,1403.2,1,New / Promising,167.13877688500497,313.6891910261759
15187,4,15,4447.26,3,Champions,1358.911043359677,335.904002246248
15188,720,1,310.43,0,Lost / Hibernating,,
15189,3,44,16771.56,3,Champions,2597.472611523819,414.6281892340602
15190,430,1,834.4399999999999,0,Lost / Hibernating,,
15191,458,3,588.05,0,Lost / Hibernating,39.226545732659496,259.69466488673623
15192,115,5,1981.39,2,At-Risk,225.26144300809716,421.55742619957965
15193,56,1,499.32,1,New / Promising,,
15194,27,27,11721.05,3,Champions,1284.3777366875697,456.0595552925765
15196,428,2,316.25,0,Lost / Hibernating,27.013138602340565,177.53940397021714
15197,6,6,1877.51,1,New / Promising,221.22190184134644,354.9873380412972
15198,87,5,571.35,2,At-Risk,66.84560182487263,125.88792414184282
15199,54,10,3122.4,3,Champions,413.6268380350476,315.1635680902579
15200,490,1,549.05,0,Lost / Hibernating,,
15201,82,7,1842.95,2,At-Risk,225.49057683151992,312.9678509476102
15202,416,3,6001.49,2,At-Risk,,
15203,21,15,4400.18,3,Champions,482.32071504503193,319.96323683107977
15204,352,1,316.58,0,Lost / Hibernating,,
15205,80,2,653.24,1,New / Promising,128.07957442523542,190.61553036947615
15206,5,4,420.29999999999995,1,New / Promising,129.66652712619282,138.5779344607939
15207,411,3,683.9200000000001,2,At-Risk,32.84090275053252,144.55802898031723
15208,26,5,762.92,1,New / Promising,140.09078332955715,168.99260731314578
15209,725,1,178.98000000000002,0,Lost / Hibernating,,
15210,220,3,1176.19,2,At-Risk,148.65281615903098,445.29842787457676
15211,55,2,1277.48,1,New / Promising,168.8763649572907,528.533356328689
15212,236,2,208.28,0,Lost / Hibernating,31.403793914358754,114.68507151010034
15213,314,2,328.35,0,Lost / Hibernating,5.235606240914659,27.123529586159595
15214,5,7,1532.68,1,New / Promising,327.7133704341994,171.8717336369139
15215,42,7,2422.43,2,At-Risk,296.5930123352622,408.3805058206979
15216,83,2,486.09,1,New / Promising,21.99379639225761,109.43036847484944
15217,558,1,426.24,0,Lost / Hibernating,,
15218,6,22,11516.57,3,Champions,1362.9328315778162,587.3697821671218
15219,171,2,685.45,0,Lost / Hibernating,60.55724057671117,320.78058767152817
15220,47,6,1778.96,2,At-Risk,417.6825675494576,295.523530826297
15221,362,4,2465.4500000000003,2,At-Risk,247.9873761458053,720.4303538837377
15222,314,11,3550.91,2,At-Risk,136.66968234146998,312.9298859511046
15223,221,5,1417.95,2,At-Risk,143.66250081760154,300.642736650027
15224,353,5,871.36,2,At-Risk,81.12607508256279,200.4344370334938
15225,229,1,409.40000000000003,0,Lost / Hibernating,,
15226,306,1,154.41,0,Lost / Hibernating,,
15227,32,9,2488.4900000000002,3,Champions,297.00351627719954,309.90390831083937
15228,61,6,5580.2699999999995,2,At-Risk,804.1262318081424,928.242890502157
15229,581,1,160.5,0,Lost / Hibernating,,
15230,234,2,429.6,0,Lost / Hibernating,19.650660201667,71.83903137651596
15231,616,1,250.26,0,Lost / Hibernating,,
15232,108,2,612.06,0,Lost / Hibernating,187.86105653868717,316.6879824229193
15233,396,1,59.400000000000006,0,Lost / Hibernating,,
15234,272,1,197.0,0,Lost / Hibernating,,
15235,213,16,2937.81,2,At-Risk,39.94545025542016,232.3854880146804
15236,294,1,321.05,0,Lost / Hibernating,,
15237,73,3,1328.72,2,At-Risk,152.69947872978787,201.79596100351145
15238,24,3,1071.99,1,New / Promising,360.01652346797755,393.8204774195754
15239,5,2,780.59,1,New / Promising,328.8594191404485,333.96787125037906
15240,40,12,4459.98,3,Champions,455.67800153634096,356.87421210287437
15241,62,11,3050.16,3,Champions,356.8545672249144,276.90938753146816
15242,417,1,302.04,0,Lost / Hibernating,,
15243,69,2,927.2800000000001,1,New / Promising,90.982862555457,331.8255692436998
15244,60,3,912.08,1,New / Promising,100.17151531443938,323.31347790944466
15245,129,8,4610.84,2,At-Risk,572.5217883752703,588.0561437722235
15246,233,3,780.4,2,At-Risk,89.83198583134012,264.29628456413855
15247,118,3,976.06,2,At-Risk,125.77237543299356,339.8646291346272
15248,407,3,1893.93,2,At-Risk,77.88004604976538,343.1416867109464
15249,27,18,9266.0,3,Champions,1129.8998622391262,531.3939459953393
15250,636,1,60.0,0,Lost / Hibernating,,
15251,4,21,20324.54,3,Champions,2392.620366504615,1082.089780266356
15252,31,5,2103.41,1,New / Promising,227.41351423433952,380.25493336381004
15253,11,8,2055.09,3,Champions,251.7792784475057,331.7549668503204
15254,122,3,1088.35,2,At-Risk,116.36325919422578,326.55032619034887
15255,62,9,3729.42,3,Champions,413.8617524903051,497.97932567170375
15256,144,2,170.4,0,Lost / Hibernating,23.99346041190431,111.2998301316214
15257,279,2,685.9,0,Lost / Hibernating,80.91758248557389,332.3005135565013
15258,164,2,623.16,0,Lost / Hibernating,133.59462278898042,322.548997346853
15259,508,4,1182.3799999999999,2,At-Risk,81.60636936312946,448.09297390591644
15260,95,25,9188.23,3,Champions,979.6687963451643,471.119771772986
15261,130,4,1508.0,2,At-Risk,132.4268210403102,217.87644154478198
15262,319,3,418.82,0,Lost / Hibernating,48.41478889478702,152.51444331055225
15263,102,1,156.51,0,Lost / Hibernating,,
15264,59,2,848.4,1,New / Promising,94.8257146563814,409.6962261468605
15265,146,4,3345.64,2,At-Risk,394.68947984111963,1024.619253121004
15266,333,5,852.21,2,At-Risk,69.64804084705303,163.4005535738205
15267,17,5,1717.36,1,New / Promising,285.65528375168753,173.77505398935944
15268,474,3,961.9000000000001,2,At-Risk,63.74966388741782,430.47251353239113
15269,19,3,1225.3600000000001,1,New / Promising,190.35993033944112,379.85277342480396
15270,11,21,8524.86,3,Champions,942.7751013074899,617.5215192157622
15271,2,24,4709.54,3,Champions,671.8109061296464,178.6831004432027
15272,53,6,2085.48,2,At-Risk,220.62086392987908,327.2014862304188
15273,595,1,228.96,0,Lost / Hibernating,,
15274,13,1,383.99,1,New / Promising,,
15275,33,1,615.14,1,New / Promising,,
15276,61,4,649.53,1,New / Promising,59.02759896694074,130.5400633662771
15277,42,2,476.34,1,New / Promising,76.20772855401134,270.40617492013234
15278,557,4,496.15999999999997,0,Lost / Hibernating,30.091194700536093,252.76249895946296
15279,350,5,1580.54,2,At-Risk,127.07897828055755,310.83426085625587
15280,167,3,406.21999999999997,0,Lost / Hibernating,47.89515800265926,138.87846600295427
15281,54,16,8543.57,3,Champions,879.2581244738184,342.22884789256415
15282,565,1,348.59,0,Lost / Hibernating,,
15283,385,3,148.33,0,Lost / Hibernating,7.510915778834335,30.378708487614055
15284,495,1,24.75,0,Lost / Hibernating,,
15285,403,1,94.92,0,Lost / Hibernating,,
15286,45,1,240.55,1,New / Promising,,
15287,17,5,856.03,1,New / Promising,102.48106664159258,202.90837564430242
15288,38,10,3883.13,3,Champions,461.62258708157384,445.62002545956335
15289,24,5,1593.09,1,New / Promising,172.30364021157183,292.0503743826998
15290,3,24,10233.26,3,Champions,1262.3722281543266,453.2977332235452
15291,21,40,13846.56,3,Champions,1502.1693097073507,353.4481754490021
15292,196,1,180.94,0,Lost / Hibernating,,
15293,661,1,247.5,0,Lost / Hibernating,,
15294,406,1,233.35,0,Lost / Hibernating,,
15295,650,1,217.23999999999998,0,Lost / Hibernating,,
15296,46,12,10342.83,3,Champions,1140.45267000056,1017.186709372498
15297,5,3,641.94,1,New / Promising,385.3234059698538,212.6926800609654
15298,6,22,9147.15,3,Champions,1013.7232291674209,443.00014649752154
15299,62,10,7991.54,3,Champions,921.663000823424,1214.0583128024623
15300,59,1,496.44,1,New / Promising,,
15301,46,17,7603.4400000000005,3,Champions,1259.1446543793386,545.99655026287
15302,726,1,308.0,0,Lost / Hibernating,,
15303,285,3,1224.18,2,At-Risk,131.8325583950251,469.27824642767297
15304,56,9,919.5500000000001,2,At-Risk,159.92792007046822,103.79020658716111
15305,550,1,93.6,0,Lost / Hibernating,,
15306,60,9,3484.73,3,Champions,404.57144880620706,389.1202530115973
15307,91,1,205.3,0,Lost / Hibernating,,
15308,270,1,310.47,0,Lost / Hibernating,,
15309,606,4,797.96,2,At-Risk,13.110024712311098,179.25575724091703
15310,474,1,1634.64,0,Lost / Hibernating,,
15311,2,206,115847.2,3,Champions,12716.279596500748,596.0729350446015
15312,71,12,2930.19,3,Champions,306.2632463470105,238.42847977444364
15313,105,1,52.0,0,Lost / Hibernating,,
15314,194,3,820.4499999999999,2,At-Risk,76.59587537436357,180.67100242487737
15315,60,2,570.5,1,New / Promising,259.14745274629706,352.3189110811784
15316,322,1,165.0,0,Lost / Hibernating,,
15317,672,1,129.75,0,Lost / Hibernating,,
15319,279,1,204.5,0,Lost / Hibernating,,
15320,39,1,267.13,1,New / Promising,,
15321,66,12,6709.7300000000005,3,Champions,822.7750064162634,1053.4546574289684
15322,81,2,1390.86,2,At-Risk,176.7292460231328,698.6442618967927
15323,558,3,434.6,0,Lost / Hibernating,19.830606483836508,169.9300943871564
15324,696,1,140.22000000000003,0,Lost / Hibernating,,
15325,99,8,1602.01,2,At-Risk,183.84732367324446,233.43855515105662
15326,329,5,1700.52,2,At-Risk,149.18987548956136,352.0189470915109
15327,48,1,208.75,1,New / Promising,,
15328,403,1,107.24,0,Lost / Hibernating,,
15329,34,11,2984.33,3,Champions,316.582919547969,268.0451596042281
15330,27,2,714.96,1,New / Promising,451.7609811555478,410.524852394727
15331,495,3,767.91,2,At-Risk,58.15396221835783,418.3664861550245
15332,361,6,6553.74,2,At-Risk,477.93975056035316,1625.3739319412407
15333,203,1,1028.56,0,Lost / Hibernating,,
15334,152,3,351.67,0,Lost / Hibernating,80.06706242716976,125.08165151369643
15335,49,1,173.97,0,Lost / Hibernating,,
15336,397,1,240.5,0,Lost / Hibernating,,
15337,406,1,373.02,0,Lost / Hibernating,,
15338,672,1,283.43,0,Lost / Hibernating,,
15339,62,7,1827.84,2,At-Risk,228.0254922013204,341.5373343264382
15340,557,1,105.5,0,Lost / Hibernating,,
15341,76,2,2402.7200000000003,2,At-Risk,547.0406453653542,2053.5896499325313
15342,125,1,406.09,0,Lost / Hibernating,,
15343,82,1,364.5,0,Lost / Hibernating,,
15344,27,2,460.64,1,New / Promising,163.90512002688217,165.36264020583758
15345,41,1,393.54,1,New / Promising,,
15346,328,3,596.12,0,Lost / Hibernating,50.466734411813846,173.5690356222102
15347,361,4,1363.6,2,At-Risk,46.981069983094315,274.09820334794864
15348,67,1,158.04,0,Lost / Hibernating,,
15349,153,2,473.81,0,Lost / Hibernating,54.33915936511024,120.64713841548121
15350,368,2,663.25,0,Lost / Hibernating,36.804161908436924,245.54738748413766
15351,8,10,3738.29,3,Champions,583.6472205245016,341.52739646400664
15352,544,1,114.95,0,Lost / Hibernating,,
15353,250,7,3175.95,2,At-Risk,310.19589955429456,484.5158534861351
15354,598,3,284.4,0,Lost / Hibernating,,
15355,24,2,277.05,1,New / Promising,192.15937979415662,164.20054241919559
15356,27,13,3464.95,3,Champions,622.3510007165686,273.14372280124724
15358,30,40,16220.35,3,Champions,1780.96135826511,563.9825854800201
15359,658,8,181.35,0,Lost / Hibernating,0.5625008674746153,62.19621559029707
15360,35,1,427.93,1,New / Promising,,
15361,357,4,689.07,2,At-Risk,69.15744756025356,210.51757219881776
15362,444,2,613.08,0,Lost / Hibernating,47.166037966620166,317.3246099060362
15363,368,2,1004.11,2,At-Risk,128.87589513295407,670.6730734322264
15364,91,2,913.19,2,At-Risk,251.52767717112437,599.3202693324057
15365,21,13,4557.13,3,Champions,558.4949418682351,708.5128327801192
15366,70,7,2389.08,2,At-Risk,280.0615043392262,347.96726819550724
15367,52,11,5081.33,3,Champions,512.3340728955961,539.1267045327484
15368,16,2,722.74,1,New / Promising,140.26118275074458,463.45588027673534
15369,487,11,6251.26,2,At-Risk,41.769340561071,851.2647266754766
15370,36,8,3739.01,3,Champions,482.01240592121894,343.04462328035083
15371,658,1,59.400000000000006,0,Lost / Hibernating,,
15372,132,8,6017.06,2,At-Risk,739.2825416375331,1121.6375497882589
15373,3,17,3421.39,3,Champions,468.79418914108777,221.09218676713218
15374,124,2,307.32,0,Lost / Hibernating,35.865691810718744,181.58148322810246
15375,685,1,60.959999999999994,0,Lost / Hibernating,,
15376,35,3,1233.3600000000001,1,New / Promising,234.3826621638723,296.98644173650024
15377,378,4,1211.75,2,At-Risk,68.21922272320951,461.9752331479311
15378,458,2,246.5,0,Lost / Hibernating,19.26796231816889,149.75010907225555
15379,165,8,4877.84,2,At-Risk,592.2830630879032,531.5020373126389
15380,4,11,3479.0600000000004,3,Champions,376.94147057154163,323.0694415326986
15381,209,5,1890.5700000000002,2,At-Risk,223.3152239477592,389.2032219560965
15382,10,12,13733.550000000001,3,Champions,1440.8981689327984,1359.57719689562
15384,165,4,2027.79,2,At-Risk,272.9363340357681,589.7067298339069
15385,35,3,942.08,1,New / Promising,99.48782573043492,324.6755677916264
15386,181,1,394.14,0,Lost / Hibernating,,
15387,487,1,468.65,0,Lost / Hibernating,,
15388,265,1,140.54,0,Lost / Hibernating,,
15389,167,5,2733.8,2,At-Risk,247.78385197623942,473.9061677261635
15390,391,2,1216.66,2,At-Risk,55.413960710271496,397.60030396763875
15391,579,1,289.87,0,Lost / Hibernating,,
15392,25,6,2607.21,3,Champions,443.69701624093756,446.42772240881936
15393,11,5,891.34,1,New / Promising,92.09724562186081,179.26434026866127
15394,5,11,5286.8,3,Champions,598.1650141065145,556.3202918516498
15395,321,1,107.45,0,Lost / Hibernating,,
15396,108,2,796.38,2,At-Risk,63.787302952684556,303.0257545312669
15397,285,1,94.0,0,Lost / Hibernating,,
15398,11,2,1345.53,1,New / Promising,715.2826282227221,729.9703761454041
15399,17,2,549.13,1,New / Promising,249.98492771114638,258.3405683353447
15400,87,8,1302.3,2,At-Risk,168.4719153834037,160.23704016735985
15401,447,2,216.95000000000002,0,Lost / Hibernating,14.629728700571519,93.41362941547887
15402,144,6,1830.54,2,At-Risk,182.10688789786704,252.15924377840494
15403,487,2,170.88,0,Lost / Hibernating,12.512923799144353,87.72440286000527
15404,371,1,257.06,0,Lost / Hibernating,,
15405,184,2,659.84,0,Lost / Hibernating,75.81440751521995,364.58662162886037
15406,26,4,975.87,1,New / Promising,115.3739180817557,262.56728486129526
15407,29,4,1056.44,1,New / Promising,257.8935001366244,302.09201132811893
15408,259,1,267.18,0,Lost / Hibernating,,
15409,716,1,131.25,0,Lost / Hibernating,,
15410,79,10,4685.72,3,Champions,532.2247496371758,424.48335161775935
15411,21,4,1358.88,1,New / Promising,520.6849947902883,406.1330441176057
15412,166,1,190.53,0,Lost / Hibernating,,
15413,687,5,6798.72,2,At-Risk,4.496545339738416,1564.1135141233196
15414,5,3,774.9000000000001,1,New / Promising,281.646097989107,377.1587506320018
15415,308,1,572.8100000000001,0,Lost / Hibernating,,
15416,60,7,4572.82,2,At-Risk,556.3448451825061,840.8469268612904
15417,80,1,508.8,0,Lost / Hibernating,,
15418,420,2,452.32,0,Lost / Hibernating,43.60234596972953,260.23024038840606
15419,20,1,135.86,1,New / Promising,,
15420,429,6,743.0,2,At-Risk,37.56493509450277,131.7906290994129
15421,54,10,3805.34,3,Champions,423.664723252798,447.58007604890594
15422,318,7,1619.97,2,At-Risk,132.60148857871303,267.09033119841683
15423,33,3,266.89,1,New / Promising,20.831728481042752,62.84268837326664
15424,250,3,597.78,2,At-Risk,94.69672353888676,399.18682007635874
15425,395,4,1944.57,2,At-Risk,124.53422216420834,399.24246645729386
15426,14,9,2615.39,3,Champions,331.47234129040856,370.56147026598387
15427,28,3,1483.14,1,New / Promising,1388.954409511999,1135.62334526863
15428,10,4,762.75,1,New / Promising,79.44637422375365,197.3518859507654
15429,22,2,397.35,1,New / Promising,166.2569819236547,167.72725657170054
15430,463,2,954.75,0,Lost / Hibernating,18.07775762397752,131.05549250453592
15431,498,1,153.24,0,Lost / Hibernating,,
15432,18,2,320.76,1,New / Promising,42.33306869088162,184.80504143626598
15433,209,2,533.3,0,Lost / Hibernating,58.34756077216898,174.16426778988287
15434,3,11,2567.06,3,Champions,289.0322530740666,255.11744607394638
15435,17,1,149.29,1,New / Promising,,
15436,7,3,1122.53,1,New / Promising,248.44523565473918,324.27347483747684
15437,258,2,393.45,0,Lost / Hibernating,39.635178644243325,214.0798004615004
15438,126,1,156.57999999999998,0,Lost / Hibernating,,
15439,400,4,1269.05,2,At-Risk,67.41396995601495,267.3371125298948
15440,50,3,383.68,1,New / Promising,111.41701540733763,135.49083286424397
15441,391,3,1254.21,2,At-Risk,118.87204226203116,484.6884588954561
15442,244,1,594.0,0,Lost / Hibernating,,
15443,8,13,4796.42,3,Champions,578.3858442316157,367.1385990399518
15444,4,2,1418.26,1,New / Promising,1485.1943547651817,1098.4867420868086
15445,259,2,284.5,0,Lost / Hibernating,24.959231660644694,126.50815333941493
15446,372,3,406.95,0,Lost / Hibernating,37.30241258132465,148.37791204473834
15447,326,5,492.88,2,At-Risk,50.77865111023962,134.89180990658818
15448,308,2,788.81,0,Lost / Hibernating,88.79998094955644,511.65767542701775
15449,21,3,974.52,1,New / Promising,225.00020871346135,321.82070781716425
15450,25,1,429.84,1,New / Promising,,
15451,429,2,233.21,0,Lost / Hibernating,22.326148889421795,136.057565586169
15452,25,6,1799.1100000000001,1,New / Promising,160.47789562785297,187.46053718876442
15453,31,6,1253.09,1,New / Promising,416.48703505612934,213.983760130568
15454,357,2,307.69,0,Lost / Hibernating,34.3568532608687,192.79825316873422
15455,593,1,38.25,0,Lost / Hibernating,,
15456,278,10,2119.27,2,At-Risk,165.63563677423514,240.25653851986496
15457,257,1,237.07,0,Lost / Hibernating,,
15458,21,2,370.43999999999994,1,New / Promising,52.05158831899179,175.15457720806478
15459,412,2,202.82999999999998,0,Lost / Hibernating,19.60362062073738,117.91873491640862
15460,349,1,216.76,0,Lost / Hibernating,,
15461,456,2,429.7,0,Lost / Hibernating,36.24992334151291,233.8253576362702
15462,90,4,737.05,2,At-Risk,50.124815721024916,82.38293218252166
15463,25,1,126.14,1,New / Promising,,
15464,333,1,1048.85,0,Lost / Hibernating,,
15465,15,32,12655.65,3,Champions,1387.278859042006,394.66612123370925
15466,80,4,1571.01,2,At-Risk,109.84939198934265,280.47031521343126
15467,4,3,524.88,1,New / Promising,132.20881704679988,124.72479401688864
15468,46,3,1430.48,1,New / Promising,146.06698982116106,484.24227286041054
15469,45,3,874.25,1,New / Promising,124.59805309973109,276.560119665701
15470,571,1,63.419999999999995,0,Lost / Hibernating,,
15471,375,2,847.0799999999999,0,Lost / Hibernating,109.9617112350081,595.7228187928878
15472,108,1,371.56,0,Lost / Hibernating,,
15473,9,8,2046.0,3,Champions,356.3953437658233,446.88584531023946
15474,591,1,163.1,0,Lost / Hibernating,,
15475,72,1,454.10999999999996,1,New / Promising,,
15476,375,4,2209.98,2,At-Risk,138.14068377340004,695.7420243666493
15477,645,1,368.4,0,Lost / Hibernating,,
15478,35,3,2024.98,1,New / Promising,259.3896560319407,730.3572015570023
15479,728,1,147.4,0,Lost / Hibernating,,
15480,111,5,6279.0,2,At-Risk,654.118811573132,1556.839443746031
15481,396,1,1993.34,2,At-Risk,,
15482,11,19,14592.56,3,Champions,1653.6515669215273,962.2125391163547
15483,157,10,862.2,2,At-Risk,88.87040224887383,140.01775847647986
15484,13,5,3981.75,3,Champions,420.0280577600175,828.1405893801958
15485,25,7,5771.51,3,Champions,600.6587593814331,978.3091314201858
15486,523,1,102.0,0,Lost / Hibernating,,
15487,675,1,231.32,0,Lost / Hibernating,,
15488,88,5,431.92,2,At-Risk,62.64283346741229,101.67240142753461
15489,18,8,2419.61,3,Champions,280.54610703329786,317.2290879276542
15490,426,1,217.6,0,Lost / Hibernating,,
15491,90,6,3100.09,2,At-Risk,659.8402910672487,523.6957488458216
15492,23,2,659.4599999999999,1,New / Promising,184.6123874000936,185.34061693793578
15493,28,9,4314.9800000000005,3,Champions,517.042427092682,555.3489306433165
15494,16,5,3780.05,3,Champions,367.54389108068045,720.3701086199852
15495,374,1,246.5,0,Lost / Hibernating,,
15496,626,1,146.14000000000001,0,Lost / Hibernating,,
15497,13,9,8657.39,3,Champions,1015.1135170397354,1051.002802503546
15498,12,43,25174.64,3,Champions,2492.2582907701476,750.9458185101386
15499,719,1,161.6,0,Lost / Hibernating,,
15500,3,4,1131.56,1,New / Promising,543.4861093507064,246.59944657832503
15501,400,2,402.5,0,Lost / Hibernating,23.83789394576711,179.66149558060692
15502,11,14,13993.47,3,Champions,1877.897124138859,1370.3351962290599
15503,358,2,267.15,0,Lost / Hibernating,25.63270961365251,160.45151390750692
15504,76,4,423.85,1,New / Promising,41.36328253095833,96.27781548394682
15505,48,5,3610.96,2,At-Risk,1203.4379993694529,671.370082376117
15506,18,6,2040.03,1,New / Promising,338.75208332481066,371.84243135704213
15507,167,1,492.36,0,Lost / Hibernating,,
15508,184,6,1000.27,2,At-Risk,136.71200954337382,234.3268594736238
15509,375,1,166.51,0,Lost / Hibernating,,
15510,326,1,250.0,0,Lost / Hibernating,,
15511,7,5,909.23,1,New / Promising,492.82951015120045,179.97368639516466
15512,151,4,331.58,0,Lost / Hibernating,42.29755207771847,101.77689784974918
15513,28,35,27750.55,3,Champions,3140.856887278928,1019.2058232282131
15514,7,18,6598.55,3,Champions,700.7627828071594,434.46314694454185
15515,382,1,171.81,0,Lost / Hibernating,,
15516,40,3,62.43,1,New / Promising,24.713126422811833,20.575361188385376
15517,228,1,267.03,0,Lost / Hibernating,,
15518,60,15,4218.94,3,Champions,465.73716632587343,306.9366513954672
15519,378,2,344.61,0,Lost / Hibernating,37.9667285719135,211.39181775500668
15521,35,16,7106.69,3,Champions,796.6627934794731,599.3546024318432
15522,28,2,398.84,1,New / Promising,138.11361673427245,152.2157774195656
15523,79,16,17359.99,3,Champions,1859.9276537175053,1177.5814386864627
15524,20,2,591.4,1,New / Promising,94.40759453148226,456.44287276430424
15525,13,3,981.01,1,New / Promising,214.85575091840502,420.6149466517188
15526,28,2,148.44,1,New / Promising,,
15527,14,23,5575.64,3,Champions,612.2634402585002,294.0295611921851
15528,249,1,229.33,0,Lost / Hibernating,,
15529,18,12,5111.95,3,Champions,873.7783640911323,391.51426786415567
15530,17,5,1813.72,1,New / Promising,266.5703609495357,379.49796329241764
15531,3,2,2007.44,1,New / Promising,753.4808716481169,502.0476319913954
15532,20,10,3771.9,3,Champions,518.2029509649947,375.7180559110759
15533,14,3,807.57,1,New / Promising,276.8204062626985,185.76753061872338
15534,721,1,162.25,0,Lost / Hibernating,,
15535,168,6,1087.82,2,At-Risk,157.97012777281654,219.20328436655868
15536,404,1,259.09,0,Lost / Hibernating,,
15537,159,1,110.92,0,Lost / Hibernating,,
15538,533,6,3358.3999999999996,2,At-Risk,13.398482079348497,566.0167138654779
15539,2,1,538.46,1,New / Promising,,
15540,6,2,460.68,1,New / Promising,71.95409017742452,227.35803082365373
15541,109,1,85.13000000000001,0,Lost / Hibernating,,
15542,507,3,918.45,2,At-Risk,54.40054365770734,393.50769871902986
15543,283,2,242.84,0,Lost / Hibernating,32.38614703898987,141.01921787522323
15544,4,20,8162.43,3,Champions,944.8700125574512,406.0593876614214
15545,49,2,428.05,1,New / Promising,53.95131998757794,170.8598679965616
15546,602,2,1079.1000000000001,0,Lost / Hibernating,,
15547,3,26,10154.39,3,Champions,1081.6393028531716,431.7734571247968
15548,591,1,158.09,0,Lost / Hibernating,,
15549,72,8,2345.96,2,At-Risk,259.9910087671834,298.5083896296031
15550,101,11,2076.45,2,At-Risk,224.33980524335811,241.2878805924182
15551,32,7,1710.08,2,At-Risk,236.35999024554445,359.59867389909476
15552,212,2,252.52,0,Lost / Hibernating,19.82777348644499,102.88220007707523
15553,55,1,437.23,1,New / Promising,,
15554,273,1,217.2,0,Lost / Hibernating,,
15555,7,36,12112.35,3,Champions,1262.3438484849353,360.5517618557412
15556,19,1,279.77,1,New / Promising,,
15557,24,1,473.65000000000003,1,New / Promising,,
15558,634,1,214.13,0,Lost / Hibernating,,
15559,563,1,1109.4,0,Lost / Hibernating,,
15560,393,2,153.52,0,Lost / Hibernating,,
15561,7,8,1934.3899999999999,3,Champions,215.15876031076107,268.76818716268406
15562,347,3,673.3800000000001,2,At-Risk,41.97007943868192,163.12969730010147
15563,17,7,2867.0,3,Champions,325.2774076792641,491.00052565996873
15564,458,2,70.74000000000001,0,Lost / Hibernating,7.276530311349447,47.88971177354544
15565,45,2,173.16,1,New / Promising,95.97776679733059,97.06160594572037
15566,388,2,227.87,0,Lost / Hibernating,16.09211501575218,102.4072557642737
15567,14,1,186.01,1,New / Promising,,
15568,40,2,422.52,1,New / Promising,203.95216678061814,208.06720756539602
15569,99,10,3586.35,2,At-Risk,434.53178847411084,417.89895237350953
15570,2,25,9311.04,3,Champions,1137.6603480570702,390.19923893909225
15571,7,14,4051.63,3,Champions,459.1588513037822,329.04054802810094
15572,21,9,3873.69,3,Champions,511.9792062535624,588.73334270828
15573,27,5,1207.18,1,New / Promising,120.16815582764988,235.8115085157157
15574,173,6,1518.7,2,At-Risk,242.0417393075615,345.253840393869
15575,615,1,30.1,0,Lost / Hibernating,,
15576,33,1,940.6700000000001,1,New / Promising,,
15577,146,5,397.98,2,At-Risk,37.22865130055096,95.25426365673546
15578,158,1,127.1,0,Lost / Hibernating,,
15579,64,5,1302.5,2,At-Risk,130.9192928526116,162.5633747531416
15580,372,8,1381.19,2,At-Risk,49.35677670082177,185.01674933986624
15581,116,38,7794.59,3,Champions,645.9040143028853,250.1243115392012
15582,20,3,682.9100000000001,1,New / Promising,157.30852173137657,196.51849098029814
15583,371,1,107.86,0,Lost / Hibernating,,
15584,19,6,1277.5,1,New / Promising,125.4332198450735,186.81920189018675
15585,172,1,455.3,0,Lost / Hibernating,,
15586,588,3,1139.1,2,At-Risk,26.23276533352021,236.51668759432863
15587,45,7,1522.0800000000002,2,At-Risk,234.78163711226904,225.6600590713736
15588,673,1,579.6,0,Lost / Hibernating,,
15589,251,3,478.53000000000003,0,Lost / Hibernating,86.81113688833591,308.48256152941207
15590,377,5,1496.6,2,At-Risk,121.15200181282509,377.0722000822706
15591,578,3,217.9,0,Lost / Hibernating,9.655478009283124,94.63818872264552
15592,42,1,388.58,1,New / Promising,,
15593,66,1,199.8,0,Lost / Hibernating,,
15594,11,5,1771.78,1,New / Promising,516.8895284622822,379.878954851529
15595,483,1,357.6,0,Lost / Hibernating,,
15596,96,9,3130.04,2,At-Risk,415.83294867512836,319.5634896645111
15597,30,2,563.37,1,New / Promising,73.55160755855826,339.7985705798786
15598,48,2,548.02,1,New / Promising,71.45597057441225,255.02606334387875
15599,22,3,1250.06,1,New / Promising,173.6716485832552,388.73902771150995
15600,423,4,1199.31,2,At-Risk,69.65574990595073,295.1980887271951
15601,6,30,14960.12,3,Champions,1686.965969335622,575.95604002673
15602,3,16,3230.51,3,Champions,342.03732407721,198.86476048867786
15603,74,2,88.48,0,Lost / Hibernating,11.732154873446472,60.80415500248904
15604,47,1,216.39,1,New / Promising,,
15605,31,9,1936.8,3,Champions,227.3527652728066,227.8954531939725
15606,56,17,5230.99,3,Champions,628.7690738278736,308.99987168020624
15607,332,9,1708.97,2,At-Risk,73.12669285344901,169.83615134988838
15608,23,5,1785.98,1,New / Promising,243.6929256395636,369.74009026120086
15609,180,1,298.48,0,Lost / Hibernating,,
15610,47,1,112.46000000000001,0,Lost / Hibernating,,
15611,5,26,2997.28,3,Champions,343.3670104420952,123.03486936570009
15612,31,2,195.15,1,New / Promising,150.39242150646385,138.6343911130709
15613,606,1,433.71999999999997,0,Lost / Hibernating,,
15614,433,4,3147.36,2,At-Risk,211.92767364865003,920.3260177449764
15615,5,47,21373.97,3,Champions,2325.1149978221533,560.7675384820716
15616,434,1,317.11,0,Lost / Hibernating,,
15617,391,3,828.5500000000001,2,At-Risk,74.1825790788595,319.207103615192
15618,28,4,776.851,1,New / Promising,321.1554111584235,284.3355921665687
15619,6,1,336.40000000000003,1,New / Promising,,
15620,52,4,1942.36,2,At-Risk,346.7930795774088,523.440111373499
15621,6,2,1044.96,1,New / Promising,826.1526174009343,498.5613386314693
15622,38,17,7852.61,3,Champions,848.3188718863025,713.5543867522516
15623,136,8,2437.05,2,At-Risk,250.58264322745893,306.3901112133985
15624,112,4,588.13,2,At-Risk,126.70971162644707,139.1231597805176
15625,99,9,3236.4,2,At-Risk,415.84027651576264,342.9414110615362
15626,70,3,1067.52,2,At-Risk,159.98018465671797,345.5441921119901
15627,452,2,566.9,0,Lost / Hibernating,43.32663307461395,301.57060599842816
15628,20,16,5449.31,3,Champions,600.8262257720395,345.2210013140535
15629,445,4,2240.9,2,At-Risk,88.65368020117201,541.0116294479599
15630,40,3,1481.4,1,New / Promising,192.93912401693106,602.154889288332
15631,637,1,596.67,0,Lost / Hibernating,,
15632,11,8,3285.31,3,Champions,824.1407688097072,415.24199417943794
15633,504,13,4352.46,2,At-Risk,0.20220953624280674,347.99032076309925
15634,12,2,554.65,1,New / Promising,80.05451658695438,257.92625521141144
15635,391,1,100.35,0,Lost / Hibernating,,
15636,85,4,1444.58,2,At-Risk,175.93369969143444,357.0159361739063
15637,48,5,797.59,1,New / Promising,66.69928492667904,130.43977066385747
15638,374,6,2265.2,2,At-Risk,173.86066707149007,513.7097595596398
15639,129,3,1065.08,2,At-Risk,114.06400817364613,343.0512157962627
15640,11,28,22771.1,3,Champions,2448.7376934052063,927.6629745831333
15641,100,12,5345.55,3,Champions,593.6497210573314,473.79759460235096
15642,725,1,105.78000000000002,0,Lost / Hibernating,,
15643,187,3,664.0,2,At-Risk,119.02227734127348,342.1530817475968
15644,161,4,813.0,2,At-Risk,175.75458748360097,294.5688578496758
15645,14,3,1055.17,1,New / Promising,150.15425212011363,322.37861179104686
15646,153,5,974.61,2,At-Risk,175.8224022031295,224.30656603991875
15647,410,1,169.0,0,Lost / Hibernating,,
15648,199,2,657.35,0,Lost / Hibernating,122.76506076709728,355.8961512244069
15649,331,4,2170.35,2,At-Risk,90.20354789334613,549.8049332757219
15650,517,2,553.88,0,Lost / Hibernating,27.41758494234225,208.6634142559341
15651,32,5,1259.06,1,New / Promising,156.60237596587325,327.6339778398383
15652,86,5,1420.34,2,At-Risk,238.8285483680927,330.25731080068965
15653,88,2,877.4399999999999,1,New / Promising,590.4173619890254,849.9797093120192
15654,5,2,922.53,1,New / Promising,537.1954446459349,342.7694988344243
15655,238,1,560.67,0,Lost / Hibernating,,
15656,40,4,748.5,1,New / Promising,155.82362036387113,173.01409805929464
15657,18,1,30.0,1,New / Promising,,
15658,185,8,2423.4700000000003,2,At-Risk,237.11869517994057,302.37986151302124
15659,39,3,532.49,1,New / Promising,69.31785217700111,219.01056560304082
15660,20,15,2812.99,3,Champions,343.1335263075049,247.1139723729891
15661,312,8,1215.95,2,At-Risk,48.30073404815351,129.72022742777781
15662,656,2,283.73,0,Lost / Hibernating,16.778143409521373,191.56541899507923
15663,101,1,138.14,0,Lost / Hibernating,,
15664,46,4,1254.03,1,New / Promising,126.32707472879952,286.0730907381995
15665,163,5,4015.12,2,At-Risk,478.3772073244061,861.0863331496677
15666,467,2,632.9399999999999,0,Lost / Hibernating,27.174182365305636,240.8787859412801
15667,35,1,301.32,1,New / Promising,,
15668,213,1,76.32000000000001,0,Lost / Hibernating,,
15669,35,4,684.34,1,New / Promising,159.65064602465958,166.320871895079
15670,292,2,325.2,0,Lost / Hibernating,37.69838112745971,186.68460829118268
15671,14,7,2657.13,3,Champions,672.5995905303158,386.1084450446935
15672,720,1,45.300000000000004,0,Lost / Hibernating,,
15673,83,9,6414.79,3,Champions,738.9572025526309,712.0417166776145
15674,68,13,6948.2300000000005,3,Champions,748.721251735625,541.9252308133548
15675,76,4,542.04,1,New / Promising,74.43878400233193,112.18300809306494
15676,14,3,3435.76,1,New / Promising,841.3365908938968,1281.4959614859924
15677,44,3,1305.63,1,New / Promising,210.7987879544368,490.8907427132135
15678,48,3,1893.89,1,New / Promising,227.92498398360743,590.1222576354056
15679,19,4,781.28,1,New / Promising,263.9040054607001,205.6306139649751
15680,4,10,4507.58,3,Champions,495.0977883457065,468.0715478623572
15681,20,14,2989.7,3,Champions,387.1256749944653,287.54273017801404
15682,594,2,318.24,0,Lost / Hibernating,21.49917576955539,204.58091420546992
15683,113,2,524.54,0,Lost / Hibernating,52.296705114799416,207.6023684507392
15684,542,3,173.95,0,Lost / Hibernating,6.551894177491105,38.32004433206847
15685,445,1,55.980000000000004,0,Lost / Hibernating,,
15686,415,1,90.0,0,Lost / Hibernating,,
15687,4,9,2993.1,3,Champions,646.7127968362597,379.3200000741672
15688,414,1,190.57,0,Lost / Hibernating,,
15689,115,3,521.03,2,At-Risk,43.83490192634584,133.59094365588714
15690,96,1,111.0,0,Lost / Hibernating,,
15691,247,4,571.3,2,At-Risk,52.448165735500396,140.8859434829372
15692,23,1,191.04,1,New / Promising,,
15693,654,1,37.5,0,Lost / Hibernating,,
15694,3,23,10404.01,3,Champions,1147.1336322579239,457.3905790304949
15695,262,4,1131.04,2,At-Risk,113.99049810697306,399.13815673820375
15696,28,13,3906.57,3,Champions,464.29028491277063,313.23934008511935
15697,685,1,246.75,0,Lost / Hibernating,,
15698,619,1,46.2,0,Lost / Hibernating,,
15699,13,1,309.65,1,New / Promising,,
15700,167,2,696.68,0,Lost / Hibernating,6.521251219139112,15.75518167335713
15701,63,3,1223.2,2,At-Risk,232.09550688341312,189.93421885609854
15702,471,2,140.39000000000001,0,Lost / Hibernating,18.66911173032215,125.56836991195658
15703,260,1,211.5,0,Lost / Hibernating,,
15704,135,6,3817.96,2,At-Risk,453.3494570088325,749.0698017240975
15705,196,1,143.1,0,Lost / Hibernating,,
15706,59,4,1060.56,2,At-Risk,342.52318251792764,208.12259472076758
15707,30,4,945.58,1,New / Promising,547.2518350698244,264.41460027678204
15708,36,9,4378.72,3,Champions,778.3342672532764,504.91218160154176
15709,279,2,327.85,0,Lost / Hibernating,28.622556523475225,146.46591967522372
15710,412,1,898.87,0,Lost / Hibernating,,
15711,552,2,420.25,0,Lost / Hibernating,40.901356542093076,328.7131682151281
15712,4,12,3472.4100000000003,3,Champions,375.1174343492527,293.7872344331878
15713,138,4,1010.79,2,At-Risk,102.38305202305565,260.4441557705732
15714,7,5,784.8100000000001,1,New / Promising,86.55173421316795,132.21940228865395
15715,551,5,658.02,2,At-Risk,13.783836975291303,155.69097764833404
15716,141,11,3056.81,2,At-Risk,319.4535025769311,285.73057064776856
15717,229,5,607.0,2,At-Risk,75.68164351798396,136.6534422101539
15718,535,1,293.79,0,Lost / Hibernating,,
15719,28,31,10223.06,3,Champions,1102.8075416506695,328.61740570995727
15720,19,2,741.92,1,New / Promising,139.20645293418283,616.8426829153386
15721,7,1,507.08,1,New / Promising,,
15722,31,11,5258.1,3,Champions,642.8306441182881,598.4902035122699
15723,360,4,947.65,2,At-Risk,81.04248969834791,240.31095822813745
15724,196,3,310.85,0,Lost / Hibernating,51.13564872859085,115.57215314805859
15725,10,1,415.25,1,New / Promising,,
15726,385,1,321.91,0,Lost / Hibernating,,
15727,12,15,9445.51,3,Champions,1050.4930652839446,654.8691191943609
15728,375,2,544.6,0,Lost / Hibernating,56.94048471380452,311.93853929490405
15729,208,3,192.55,0,Lost / Hibernating,28.202987145071003,65.03409497338191
15730,61,5,1726.58,2,At-Risk,293.6050309260353,363.46373300534293
15731,549,1,125.3,0,Lost / Hibernating,,
15732,207,10,1682.07,2,At-Risk,163.31094569264866,183.03332466663713
15733,278,1,162.3,0,Lost / Hibernating,,
15734,110,4,2263.3,2,At-Risk,332.6472445699045,657.0604539931503
15735,416,1,327.68,0,Lost / Hibernating,,
15736,430,2,1815.72,2,At-Risk,,
15737,10,8,1205.1200000000001,1,New / Promising,235.56675983482438,123.70315875068624
15738,14,41,13372.970000000001,3,Champions,1482.4211463861159,364.0672559687918
15739,61,1,449.12,1,New / Promising,,
15740,44,1,154.88,1,New / Promising,,
15741,453,2,208.62,0,Lost / Hibernating,24.76176061012745,158.81447180806336
15742,614,1,156.87,0,Lost / Hibernating,,
15743,11,4,784.46,1,New / Promising,202.42560511802446,158.41677722939104
15744,73,1,34.8,0,Lost / Hibernating,,
15745,14,4,1094.59,1,New / Promising,283.44410340487855,268.74295342845375
15746,129,1,196.88,0,Lost / Hibernating,,
15747,8,9,2562.61,3,Champions,295.729596027385,293.91010723847904
15748,36,3,614.7600000000001,1,New / Promising,43.78249190770471,162.69486789563328
15749,230,3,44534.3,2,At-Risk,6401.582597026113,21774.26782687004
15750,10,17,6456.801,3,Champions,715.2680479672015,416.7140188983378
15751,456,11,1380.44,2,At-Risk,29.573275795344458,185.85432746978475
15752,35,9,4207.54,3,Champions,652.9037267386316,450.8993954377543
15753,300,1,79.2,0,Lost / Hibernating,,
15754,46,9,3037.61,3,Champions,213.78754028698552,203.8842076601611
15755,5,17,5993.12,3,Champions,653.5088994790585,356.23560531520906
15756,56,4,532.96,1,New / Promising,139.4929623397773,140.8424592549838
15757,61,6,2940.36,2,At-Risk,388.2111452202432,485.60729663349196
15758,20,1,205.25,1,New / Promising,,
15759,213,7,830.9300000000001,2,At-Risk,80.23716828836459,119.68952823436129
15760,626,2,13916.34,2,At-Risk,,
15761,438,1,143.05,0,Lost / Hibernating,,
15762,60,2,583.75,1,New / Promising,257.50202171571283,283.07809339360284
15763,27,2,1086.92,1,New / Promising,565.7055449043512,582.181853278972
15764,83,8,4503.08,2,At-Risk,652.1866381027228,731.4952501081782
15765,662,1,370.63,0,Lost / Hibernating,,
15766,59,3,831.06,1,New / Promising,97.73392329743102,322.25295774287514
15768,111,34,15601.09,3,Champions,1303.877750853181,472.3052501522611
15769,2,46,88704.32,3,Champions,9828.610261591864,2224.594098911683
15770,608,1,321.45,0,Lost / Hibernating,,
15771,599,3,1006.54,2,At-Risk,32.55136608628978,352.8271007440246
15772,413,1,280.88,0,Lost / Hibernating,,
15773,1,2,774.52,1,New / Promising,192.36808790266107,654.1813900600544
15774,64,6,1329.94,2,At-Risk,151.57406850229577,223.13481317214843
15775,241,2,150.5,0,Lost / Hibernating,22.22559670781659,117.8176829349615
15776,128,1,241.62,0,Lost / Hibernating,,
15777,236,7,1762.61,2,At-Risk,231.5271473172978,353.7367342090707
15778,426,1,307.95,0,Lost / Hibernating,,
15779,458,2,124.08000000000001,0,Lost / Hibernating,9.856015027680906,69.11062787744338
15780,179,3,475.28000000000003,0,Lost / Hibernating,75.92352158870752,155.72113461989525
15781,20,3,345.46,1,New / Promising,84.78896797276548,137.61689935930994
15782,5,4,4014.1,3,Champions,563.578677875524,878.5256269599437
15783,6,1,246.3,1,New / Promising,,
15784,463,2,848.3299999999999,0,Lost / Hibernating,60.2186973465567,397.9741962989931
15785,28,16,5969.93,3,Champions,667.1572354994054,514.9146892653029
15786,41,5,8514.82,3,Champions,1182.7592016366475,2254.4234633967094
15787,21,3,948.05,1,New / Promising,520.4281361889703,472.6111897958456
15788,504,1,221.82999999999998,0,Lost / Hibernating,,
15789,353,6,1962.01,2,At-Risk,155.3972881443837,398.52498253724883
15790,5,1,220.85,1,New / Promising,,
15791,39,5,3608.34,2,At-Risk,474.99087129418206,830.3363038919166
15792,395,2,933.84,0,Lost / Hibernating,81.15394363754152,473.6217096103169
15793,10,8,2399.57,3,Champions,253.38297684576253,303.2626028848132
15794,732,2,777.0,0,Lost / Hibernating,4.241966168150945,114.88717547299463
15795,145,8,1979.8700000000001,2,At-Risk,233.34629368651252,313.6460525032893
15796,12,16,4728.18,3,Champions,615.2939039028541,304.88300593837846
15797,108,6,2821.08,2,At-Risk,329.57635935989526,507.4748261421832
15798,488,3,1535.37,2,At-Risk,117.75958951850038,593.4797338025547
15799,71,4,1424.29,2,At-Risk,193.65020387603738,299.65020468150345
15800,102,7,1242.58,2,At-Risk,135.24517432472175,296.59292896231653
15801,41,3,1063.95,1,New / Promising,604.7368823825865,471.6656733429362
15802,138,1,451.42,0,Lost / Hibernating,,
15803,46,4,1929.66,2,At-Risk,190.36699416757835,447.40292138601785
15804,6,12,3877.34,3,Champions,1199.7822813045138,306.0779571705952
15805,18,30,10189.23,3,Champions,1091.6460546246997,454.6263791676636
15806,41,3,784.58,1,New / Promising,165.36047471890726,249.25298191701694
15807,45,5,1817.52,2,At-Risk,205.93667725717143,477.41372855510474
15808,301,21,18409.93,3,Champions,28.853941207812767,876.7103991907051
15809,31,7,1274.44,1,New / Promising,180.39890432270573,186.4203094768705
15810,74,8,2999.04,2,At-Risk,346.7464835172983,385.8683100558393
15811,17,7,3890.52,3,Champions,540.9477704278709,420.7568951716868
15812,102,12,5201.47,3,Champions,566.6545156773536,447.9185574622112
15813,203,2,1303.9099999999999,2,At-Risk,191.38876893560203,550.6839506619006
15814,12,6,2634.44,3,Champions,357.8672303792572,589.547132010122
15815,59,5,2100.6,2,At-Risk,517.4190994609546,422.42217677782577
15816,537,2,144.14999999999998,0,Lost / Hibernating,,
15817,416,3,2766.4,2,At-Risk,206.7544757357818,940.8176799208248
15818,584,1,340.5,0,Lost / Hibernating,,
15819,44,10,3934.79,3,Champions,469.29003951054017,489.4652350663004
15820,315,1,206.98,0,Lost / Hibernating,,
15821,39,2,570.96,1,New / Promising,354.5723954550394,331.9266212251469
15822,354,5,1394.79,2,At-Risk,94.07275113359044,233.64837880839266
15823,367,3,3897.17,2,At-Risk,14.213535533902245,56.53988131697181
15824,448,2,890.94,0,Lost / Hibernating,76.89421859505525,513.1734551487248
15825,167,1,532.94,0,Lost / Hibernating,,
15826,51,4,2598.28,2,At-Risk,299.80679749054565,837.3591628181351
15827,68,28,3794.07,3,Champions,415.90381679649,170.43978546720905
15828,370,1,1108.82,0,Lost / Hibernating,,
15829,94,2,636.14,1,New / Promising,201.10047633977555,325.7826607531612
15830,33,1,576.0,1,New / Promising,,
15831,54,3,801.76,1,New / Promising,146.69706540095916,253.072864981438
15832,249,1,836.79,0,Lost / Hibernating,,
15833,733,1,80.4,0,Lost / Hibernating,,
15834,65,7,3772.9900000000002,2,At-Risk,542.7022955333664,663.7226794363224
15835,39,4,954.09,1,New / Promising,177.1715284767958,222.32855749909032
15836,45,1,137.37,0,Lost / Hibernating,,
15837,60,2,777.01,1,New / Promising,102.06390830925525,407.917711273391
15838,6,34,74163.0,3,Champions,8437.652803664185,2632.3962571565175
15839,28,3,1048.49,1,New / Promising,407.53214208693504,382.49150843641064
15840,54,2,355.56,1,New / Promising,72.72362207183025,126.83151968004574
15841,68,9,2742.41,2,At-Risk,292.1552897983286,308.4239939779535
15842,388,2,548.8,0,Lost / Hibernating,71.2395587990102,392.02223459175696
15843,299,1,118.95000000000002,0,Lost / Hibernating,,
15844,41,1,130.73999999999998,1,New / Promising,,
15845,13,11,4426.28,3,Champions,529.6169948782397,422.63309027841285
15846,380,1,107.01,0,Lost / Hibernating,,
15847,33,5,822.57,1,New / Promising,108.14586563363699,188.90192280012954
15848,617,1,139.94,0,Lost / Hibernating,,
15850,14,6,1058.72,1,New / Promising,120.55356285028216,193.1543921364495
15851,522,1,109.73,0,Lost / Hibernating,,
15852,182,3,257.26,0,Lost / Hibernating,31.75713284944839,86.65161742084928
15853,47,1,110.8,0,Lost / Hibernating,,
15854,82,19,5449.1,3,Champions,547.8797149822424,286.56319849314013
15855,132,6,1052.72,2,At-Risk,125.73756573152622,145.08831568085972
15856,2,49,33164.54,3,Champions,3610.9659343352273,767.4192912044662
15857,14,2,570.48,1,New / Promising,87.58603432840587,311.93853929490405
15858,11,13,3960.37,3,Champions,435.3692245786753,310.56702178217324
15859,428,1,438.46,0,Lost / Hibernating,,
15860,36,17,2505.21,3,Champions,264.69514274899814,144.60978729876626
15861,7,12,4401.79,3,Champions,506.5583859382088,444.9292235801855
15862,3,13,2928.29,3,Champions,282.69336254728074,262.22121856317676
15863,21,5,358.7,1,New / Promising,29.59597656363255,57.52249799209058
15864,17,7,2180.76,3,Champions,424.71170357919476,325.2328227958413
15865,36,5,2248.92,2,At-Risk,203.98017753705517,387.6491774386686
15866,96,1,230.53,0,Lost / Hibernating,,
15867,17,30,8778.37,3,Champions,932.1640562532106,291.6820594021907
15868,578,1,94.53,0,Lost / Hibernating,,
15869,272,3,323.65999999999997,0,Lost / Hibernating,30.50416368846049,163.02833943440882
15870,28,4,862.61,1,New / Promising,112.82377598842375,253.34930388741589
15871,432,1,33.099999999999994,0,Lost / Hibernating,,
15872,10,4,795.68,1,New / Promising,127.93644541732388,344.7098492321297
15873,495,4,313.91999999999996,0,Lost / Hibernating,12.347281303225913,151.50841354943566
15874,59,21,11284.76,3,Champions,1268.2358251638575,712.6246534645185
15875,641,1,111.72,0,Lost / Hibernating,,
15876,404,2,1449.1399999999999,2,At-Risk,113.57572730097486,737.7109579242544
15877,13,1,242.26,1,New / Promising,,
15878,557,2,330.77,0,Lost / Hibernating,16.678827894029038,131.70222518579757
15879,399,4,1157.3,2,At-Risk,107.90338977258267,346.4191643157179
15880,365,1,686.5600000000001,0,Lost / Hibernating,,
15881,307,5,501.39000000000004,2,At-Risk,53.38363328323794,200.3584786924267
15882,194,8,1495.98,2,At-Risk,156.68405563181398,265.76156462667615
15883,28,1,143.76,1,New / Promising,,
15884,427,2,249.70000000000002,0,Lost / Hibernating,2.988036505186299,19.79726093124245
15885,88,15,1951.82,3,Champions,218.68335331357494,130.83737298677923
15886,55,4,1052.8700000000001,1,New / Promising,132.2685077326772,387.1105512472041
15887,402,3,1027.15,2,At-Risk,72.68676529774513,299.9066418160116
15888,76,3,429.16,1,New / Promising,68.8121002557196,180.49006059551002
15889,152,8,1806.28,2,At-Risk,177.46842049162527,218.8227394112954
15890,390,5,535.65,2,At-Risk,37.10919915016491,142.8139507916934
15891,222,1,524.52,0,Lost / Hibernating,,
15892,664,1,128.2,0,Lost / Hibernating,,
15893,477,1,305.28000000000003,0,Lost / Hibernating,,
15894,248,2,420.29,0,Lost / Hibernating,32.424267007263644,119.74777578060173
15895,145,1,179.17,0,Lost / Hibernating,,
15897,189,2,222.05,0,Lost / Hibernating,,
15898,222,24,5210.42,3,Champions,78.68685424239695,219.01232497825922
15899,364,1,112.5,0,Lost / Hibernating,,
15900,19,4,900.4,1,New / Promising,131.04297612168006,259.5242971023277
15901,12,7,703.22,1,New / Promising,83.27168453365992,102.45755588071583
15902,375,1,145.01,0,Lost / Hibernating,,
15903,5,12,8939.84,3,Champions,1095.619017779702,810.9248305732802
15904,3,1,164.68,1,New / Promising,,
15905,538,1,114.69,0,Lost / Hibernating,,
15906,15,10,2555.64,3,Champions,456.43988916585647,350.26106976222854
15907,172,2,529.52,0,Lost / Hibernating,119.06011911646561,293.082239556869
15908,486,2,764.57,0,Lost / Hibernating,62.349780290919796,593.0651516808282
15909,169,1,191.94,0,Lost / Hibernating,,
15910,10,14,2548.45,3,Champions,302.09670845998863,189.05609970987763
15911,619,8,1702.34,2,At-Risk,0.5464191065546813,241.5476247924003
15912,173,9,1074.7,2,At-Risk,77.76275500218263,130.39171647939034
15913,529,1,6.300000000000001,0,Lost / Hibernating,,
15914,373,2,205.99,0,Lost / Hibernating,,
15915,397,1,429.21,0,Lost / Hibernating,,
15916,11,13,3427.17,3,Champions,356.2377399027707,276.0832067750105
15917,243,5,560.63,2,At-Risk,57.894553644837785,155.75754944300851
15918,186,3,582.88,2,At-Risk,54.730460071643776,173.86557917589553
15919,15,2,910.61,1,New / Promising,123.54343719841467,384.86775430529997
15920,149,9,571.64,2,At-Risk,57.74550709702454,115.73650431025725
15921,168,4,802.11,2,At-Risk,103.335320889598,238.7020417938607
15922,368,1,739.0,0,Lost / Hibernating,,
15923,368,1,254.16,0,Lost / Hibernating,,
15924,726,1,102.82,0,Lost / Hibernating,,
15925,189,1,207.15,0,Lost / Hibernating,,
15926,537,1,134.44,0,Lost / Hibernating,,
15927,642,1,123.39,0,Lost / Hibernating,,
15928,651,1,293.53,0,Lost / Hibernating,,
15929,639,1,594.0,0,Lost / Hibernating,,
15930,62,1,426.63,1,New / Promising,,
15931,423,1,239.9,0,Lost / Hibernating,,
15932,83,7,2195.65,2,At-Risk,491.18330202385823,315.4825722902932
15933,17,3,1107.46,1,New / Promising,539.4337213923332,355.52112353682685
15934,413,2,2190.66,2,At-Risk,75.90027686440722,597.8145948088434
15935,234,2,416.86,0,Lost / Hibernating,33.27265390755444,120.99071515240146
15936,374,2,282.79,0,Lost / Hibernating,23.236127162480336,124.15364217169673
15937,59,1,145.35,0,Lost / Hibernating,,
15938,108,9,734.81,2,At-Risk,93.61217200129829,79.38594963249813
15939,85,16,9060.39,3,Champions,1152.4579240236162,437.94716620782026
15940,306,1,35.8,0,Lost / Hibernating,,
15941,632,1,405.0,0,Lost / Hibernating,,
15942,129,1,337.44,0,Lost / Hibernating,,
15943,645,2,271.28999999999996,0,Lost / Hibernating,10.68360115311038,158.93573418579993
15944,272,4,2164.24,2,At-Risk,196.1131759070626,531.0197467998423
15945,361,4,827.27,2,At-Risk,79.58803786562366,238.87263376506263
15946,498,3,2304.18,2,At-Risk,164.83976565664233,1173.0631043947926
15947,78,1,1708.24,1,New / Promising,,
15948,3,3,1509.0900000000001,1,New / Promising,227.2638172605032,485.9952609964422
15949,12,2,364.72,1,New / Promising,145.20090792348807,140.8373243086184
15950,27,10,7180.71,3,Champions,835.9797744496861,738.1584017721071
15951,4,3,1013.17,1,New / Promising,185.60173731551998,361.83900907890234
15952,29,4,806.57,1,New / Promising,213.20375880983062,195.8834570221844
15953,10,18,3669.5499999999997,3,Champions,378.1442173997112,194.76875097895174
15954,584,1,190.75,0,Lost / Hibernating,,
15955,19,22,8658.36,3,Champions,1052.9352269736423,487.40265725942743
15956,547,2,617.6,0,Lost / Hibernating,39.54529160239959,306.0775243709703
15957,27,3,930.1,1,New / Promising,127.22075435896352,445.2159976255278
15958,69,4,492.99,1,New / Promising,72.15440187244707,141.56831136774477
15959,677,3,579.49,0,Lost / Hibernating,,
15960,369,4,410.95,0,Lost / Hibernating,12.296333600483244,87.55086542775564
15961,374,1,451.28999999999996,0,Lost / Hibernating,,
15962,444,1,295.83,0,Lost / Hibernating,,
15963,15,2,470.76,1,New / Promising,260.56594092542525,204.54049341289107
15964,658,1,272.96000000000004,0,Lost / Hibernating,,
15965,12,13,3013.09,3,Champions,333.98831618049223,285.8256696486819
15966,446,1,426.53000000000003,0,Lost / Hibernating,,
15967,18,12,3041.6,3,Champions,337.7232004878093,289.9599735831259
15968,384,1,418.05,0,Lost / Hibernating,,
15969,45,4,992.05,1,New / Promising,161.5884346106639,301.03835503540125
15970,299,2,1017.32,2,At-Risk,62.815878420641035,329.2184281223638
15971,13,18,5902.83,3,Champions,660.350692558234,358.4608031262637
15972,451,5,1810.27,2,At-Risk,67.75960323246395,362.90303165067775
15973,362,3,988.44,2,At-Risk,106.23143921841915,495.14287570334545
15974,35,7,3442.15,3,Champions,734.6268153713224,448.21119642395274
15975,79,1,371.01,0,Lost / Hibernating,,
15976,161,6,1746.6399999999999,2,At-Risk,235.28780875383205,312.24434456390225
15977,12,2,1054.73,1,New / Promising,971.1972026878829,718.268556693826
15978,72,3,3279.42,2,At-Risk,431.207601007967,1353.0383503530584
15979,598,1,329.22,0,Lost / Hibernating,,
15980,84,7,6593.68,2,At-Risk,745.0404041314689,1481.0497793638233
15981,20,21,9362.77,3,Champions,1194.048474277835,449.9072417442198
15982,600,1,324.51,0,Lost / Hibernating,,
15983,17,8,3958.8199999999997,3,Champions,442.3958813772741,526.6705663036578
15984,66,28,8013.61,3,Champions,854.6813673593691,350.42223482328365
15985,118,7,2715.28,2,At-Risk,343.3569762063554,448.74454617493126
15986,25,2,354.42,1,New / Promising,56.47063154794114,181.702745605839
15987,7,8,1682.13,3,Champions,346.04075255884874,263.198523517734
15988,14,3,770.09,1,New / Promising,81.54029978265058,257.83264032618376
15989,371,2,372.51,0,Lost / Hibernating,38.21169859601908,243.62739983664213
15990,39,7,2010.05,2,At-Risk,247.26530202324025,304.38498408646126
15991,529,1,150.55,0,Lost / Hibernating,,
15992,391,2,854.61,0,Lost / Hibernating,93.78552438929808,551.2902625505834
15993,4,7,2797.57,3,Champions,1453.7986210373954,381.93931709882867
15994,50,3,1202.18,1,New / Promising,131.88187818252425,406.97394318219386
15995,409,1,696.19,0,Lost / Hibernating,,
15996,83,7,1686.9,2,At-Risk,272.7792324391172,222.99042712644697
15998,32,16,8308.34,3,Champions,872.1983371482083,544.6708108623119
15999,731,1,20.4,0,Lost / Hibernating,,
16001,376,1,583.39,0,Lost / Hibernating,,
16002,621,1,169.21,0,Lost / Hibernating,,
16003,25,10,5613.83,3,Champions,626.5303928377119,749.3503038582526
16004,470,5,2146.39,2,At-Risk,128.7254353918321,569.7575040251203
16005,7,10,2436.22,3,Champions,403.3351238731324,273.09176659190456
16006,207,2,347.17,0,Lost / Hibernating,31.9194309359978,114.28086358431183
16007,43,7,3075.14,2,At-Risk,433.65076159005366,455.1649281629268
16008,19,15,5384.13,3,Champions,676.5478922392567,364.8692545658956
16009,17,4,992.71,1,New / Promising,257.00763514922664,181.36641476696403
16010,241,11,1724.06,2,At-Risk,35.11871374606615,180.64797390176875
16011,3,29,5880.46,3,Champions,641.496998538433,203.6257489517352
16012,30,5,2989.79,2,At-Risk,345.6579724894449,507.85953390854826
16013,3,83,56655.4,3,Champions,6240.784361462788,1179.53979848348
16014,33,5,1130.27,1,New / Promising,120.75827532239624,221.63962512613924
16015,22,2,502.28999999999996,1,New / Promising,262.14682134124405,215.45410740918143
16016,10,10,2393.34,3,Champions,433.9941417285969,266.5182125081067
16017,43,5,1553.83,2,At-Risk,129.0807289928679,245.55687155403785
16018,34,4,698.13,1,New / Promising,68.1488859654923,171.94371706351802
16019,42,27,17465.85,3,Champions,1898.307960788186,756.1173897455587
16020,12,3,851.01,1,New / Promising,375.05498724052507,347.51894196243956
16021,390,2,532.25,0,Lost / Hibernating,71.45323670387168,396.6807309364698
16022,255,1,628.28,0,Lost / Hibernating,,
16023,41,3,719.81,1,New / Promising,190.139401272513,278.2790670446905
16024,7,3,484.2,1,New / Promising,77.68732105655675,265.69715258469597
16025,25,1,439.65999999999997,1,New / Promising,,
16026,38,1,236.09,1,New / Promising,,
16027,87,15,2048.36,3,Champions,228.8623630143245,139.06420468580902
16028,591,1,82.2,0,Lost / Hibernating,,
16029,34,107,122209.14,3,Champions,13067.079685603074,1699.824669290546
16030,305,1,331.24,0,Lost / Hibernating,,
16031,88,2,548.94,1,New / Promising,110.67432835468384,257.6837304559383
16032,451,6,1970.45,2,At-Risk,3.88496279323243,314.2445090263414
16033,1,27,10836.13,3,Champions,1737.6020193468107,438.42063566118964
16034,191,6,928.72,2,At-Risk,118.37204739580477,143.36673123874021
16035,555,1,217.73,0,Lost / Hibernating,,
16036,82,4,2556.84,2,At-Risk,262.84367285243275,575.2800009752052
16037,265,5,1509.34,2,At-Risk,146.25884389636866,292.58927691696914
16038,3,3,471.78000000000003,1,New / Promising,72.27232992562733,83.69623420784978
16039,419,2,456.4,0,Lost / Hibernating,54.09869717607652,328.02601474128755
16040,60,7,2416.9,2,At-Risk,293.65805977469086,342.86842144140724
16041,26,3,3166.4,1,New / Promising,297.60380047131287,442.9019072503885
16042,17,8,2265.12,3,Champions,311.92946371215635,327.21351126726717
16043,33,8,1856.5900000000001,3,Champions,235.36937766823098,192.26180980462215
16044,430,1,340.84000000000003,0,Lost / Hibernating,,
16045,115,8,3434.9300000000003,2,At-Risk,411.0565149584659,413.68462442827894
16046,557,1,235.78,0,Lost / Hibernating,,
16047,677,1,107.14,0,Lost / Hibernating,,
16048,368,4,1075.23,2,At-Risk,121.91645042870597,445.2783232268693
16049,35,6,1899.68,2,At-Risk,285.421460124372,337.04798723639436
16050,169,3,300.7,0,Lost / Hibernating,50.8022944812669,111.47583117765964
16051,677,1,188.44,0,Lost / Hibernating,,
16052,49,1,362.06,1,New / Promising,,
16053,28,6,3634.84,3,Champions,452.74579537655734,755.4338646753064
16054,141,4,2111.88,2,At-Risk,252.2898993965428,558.970070552059
16055,216,1,134.8,0,Lost / Hibernating,,
16056,40,1,664.85,1,New / Promising,,
16057,11,10,3854.85,3,Champions,435.03353730922106,572.2029950618019
16058,401,1,62.7,0,Lost / Hibernating,,
16059,61,12,3217.77,3,Champions,437.30472765683623,274.12862970830804
16060,396,3,541.95,0,Lost / Hibernating,22.555135321465848,104.56485852821355
16061,426,1,89.65,0,Lost / Hibernating,,
16062,5,8,2863.45,3,Champions,377.8519473484812,389.31233729129394
16063,255,1,335.32,0,Lost / Hibernating,,
16064,720,1,111.0,0,Lost / Hibernating,,
16065,361,8,2382.62,2,At-Risk,31.046696476454063,392.68382438800893
16066,12,5,1521.87,1,New / Promising,658.7443464285308,305.089309188603
16067,558,3,3395.29,2,At-Risk,91.75913453624045,721.868014062519
16068,589,1,122.93,0,Lost / Hibernating,,
16069,413,1,457.7,0,Lost / Hibernating,,
16070,17,2,852.15,1,New / Promising,257.4723867168366,178.85307972902987
16071,40,4,1076.8,1,New / Promising,120.84303780650863,275.6870501385545
16072,283,4,4328.89,2,At-Risk,406.48350499244964,1246.9612028864694
16073,292,1,122.39999999999999,0,Lost / Hibernating,,
16074,385,1,265.25,0,Lost / Hibernating,,
16075,498,2,736.9300000000001,0,Lost / Hibernating,35.232912326113116,281.85536441809256
16076,17,9,2073.75,3,Champions,626.3744136967377,254.66318366536336
16077,621,1,2300.4,2,At-Risk,,
16078,279,2,362.99,0,Lost / Hibernating,16.257994678626808,91.8473237030483
16079,12,3,1352.0,1,New / Promising,947.5389326380546,429.9736601595505
16080,77,4,602.5600000000001,2,At-Risk,62.31322675841341,102.8907630734792
16081,52,8,4460.18,3,Champions,563.4517984598306,624.6419822802682
16082,665,1,106.75,0,Lost / Hibernating,,
16083,96,4,2351.42,2,At-Risk,375.93091350301313,552.9224179259212
16084,294,1,436.18,0,Lost / Hibernating,,
16085,18,12,2343.53,3,Champions,259.7238999565469,191.0518247568144
16086,55,10,2864.9900000000002,3,Champions,302.70715869750313,288.34810620090826
16087,384,5,1739.92,2,At-Risk,127.05818037480633,352.2294950583882
16088,571,2,1437.43,2,At-Risk,54.70854748076531,731.5872078485581
16089,381,2,271.44,0,Lost / Hibernating,24.04739896341273,129.8327635290256
16090,620,1,205.91,0,Lost / Hibernating,,
16091,150,2,315.06,0,Lost / Hibernating,76.81872021433766,171.2842863186396
16092,110,6,1587.94,2,At-Risk,173.72704777642443,282.2874656804712
16093,102,1,17.0,0,Lost / Hibernating,,
16094,7,11,3695.56,3,Champions,477.34490595038403,375.20635291310435
16095,451,1,447.05,0,Lost / Hibernating,,
16096,259,4,1584.97,2,At-Risk,138.48352343697053,341.10405368356464
16097,235,1,185.04999999999998,0,Lost / Hibernating,,
16098,83,14,4448.1,3,Champions,495.2086895228108,331.42703233499236
16099,46,7,1573.2,2,At-Risk,197.05012639555196,241.81809407012275
16100,458,1,582.64,0,Lost / Hibernating,,
16101,66,4,3229.16,2,At-Risk,405.33848229626295,808.5862637077772
16102,37,3,1842.14,1,New / Promising,593.9297176189422,509.6885883197069
16103,2,22,6191.71,3,Champions,715.3589351903015,300.3038709453224
16104,57,9,2778.61,2,At-Risk,250.9186268995581,300.5042149353563
16105,244,5,2386.19,2,At-Risk,242.3940048471901,451.7585268294005
16106,61,1,108.38,0,Lost / Hibernating,,
16107,13,7,3204.1600000000003,3,Champions,1056.0672717063333,447.93571845590225
16108,80,4,2235.92,2,At-Risk,289.1121372181636,642.3694748261163
16109,214,3,939.48,2,At-Risk,89.64375677065104,313.4169650754379
16110,40,4,1819.27,1,New / Promising,242.43723461099853,451.28974237693166
16111,423,1,562.48,0,Lost / Hibernating,,
16112,138,4,195.73999999999998,0,Lost / Hibernating,32.897079608067436,45.300920560085586
16113,178,1,161.38,0,Lost / Hibernating,,
16114,166,1,135.75000000000003,0,Lost / Hibernating,,
16115,5,12,2575.14,3,Champions,349.61551506828334,217.73343963104708
16116,207,1,612.78,0,Lost / Hibernating,,
16117,185,3,654.4,2,At-Risk,89.05609478552992,267.68894386477564
16118,648,1,4376.25,2,At-Risk,,
16119,3,8,1720.81,3,Champions,188.8335727719128,221.62977113164516
16120,54,6,3056.91,2,At-Risk,377.18473215899667,1334.7260643139164
16121,53,5,1477.09,2,At-Risk,222.7443871937122,445.9177677543778
16122,68,6,1001.34,2,At-Risk,178.63683329226933,180.12125636566597
16123,47,1,307.78,1,New / Promising,,
16124,312,4,1772.49,2,At-Risk,156.76862411763796,441.9272536044981
16125,362,14,4587.65,2,At-Risk,16.228280047623908,300.9818828626108
16126,24,15,14646.800000000001,3,Champions,1662.0114271094985,1035.3692621558976
16127,34,2,801.31,1,New / Promising,118.18204238155374,674.9677826437295
16128,13,11,3801.05,3,Champions,571.376249791967,388.03341219486373
16129,402,3,1396.05,2,At-Risk,103.65309959375631,482.914223735271
16130,417,4,987.48,2,At-Risk,70.25550818972296,264.6587809414436
16131,47,12,9957.42,3,Champions,1030.1954593974003,1237.7180259324953
16132,539,2,664.1999999999999,0,Lost / Hibernating,38.67595145300108,325.88371273460837
16133,2,55,22683.04,3,Champions,2886.7106380562313,458.2764991951172
16134,17,5,2145.34,1,New / Promising,209.94005786171635,313.4059538802576
16135,258,2,819.45,0,Lost / Hibernating,106.6122634463687,534.8086843765559
16136,55,4,946.8,1,New / Promising,104.31643245221048,241.19402254965314
16137,675,1,422.7,0,Lost / Hibernating,,
16138,374,3,910.35,2,At-Risk,55.21123979743732,203.97731527977302
16139,14,5,1111.15,1,New / Promising,97.29624151627104,192.31330116822534
16140,61,3,1557.6000000000001,2,At-Risk,193.06437307801195,432.75815386703636
16141,84,2,955.94,1,New / Promising,180.7725734234979,638.7406472949323
16142,245,1,535.34,0,Lost / Hibernating,,
16143,103,11,4435.25,2,At-Risk,477.7277856224313,415.09123898492584
16144,242,1,175.2,0,Lost / Hibernating,,
16145,4,19,6805.4400000000005,3,Champions,840.8040698604939,331.5129063516211
16146,152,4,946.38,2,At-Risk,145.48475729863696,249.4727505638629
16147,129,5,2398.91,2,At-Risk,233.64359000930318,435.12273092267617
16148,291,2,386.62,0,Lost / Hibernating,20.698635069437472,88.93702663737088
16149,137,2,305.38,0,Lost / Hibernating,47.967275885534065,177.2160376295863
16150,38,10,4395.59,3,Champions,484.553993297273,451.5313046518395
16152,264,1,1829.04,2,At-Risk,,
16153,45,11,5133.49,3,Champions,556.5875736536493,375.3108263818097
16155,377,5,796.9,2,At-Risk,55.186593498854954,194.00360039835164
16156,4,20,6218.18,3,Champions,677.3261256984761,349.0238004700607
16157,11,3,656.69,1,New / Promising,423.0554359892518,251.3388391166679
16158,517,9,628.32,2,At-Risk,1.690046608309883,70.58943181001287
16159,277,4,1232.79,2,At-Risk,112.94884939050955,310.05296998420744
16160,60,2,1025.44,1,New / Promising,206.39215465816085,237.66533293126125
16161,10,42,12513.29,3,Champions,1504.972237587138,307.75962588881185
16162,247,1,37.4,0,Lost / Hibernating,,
16163,227,6,2849.58,2,At-Risk,235.85137383331454,413.9200394621628
16164,12,3,822.48,1,New / Promising,638.9129428028475,295.9460262176381
16165,500,1,79.9,0,Lost / Hibernating,,
16166,423,2,435.83,0,Lost / Hibernating,32.94074450025033,209.86593283515498
16167,409,5,1386.1200000000001,2,At-Risk,92.7287417960926,305.0656635320108
16168,6,66,10636.47,3,Champions,1167.6884481400841,190.19984005288296
16169,3,4,1822.97,1,New / Promising,959.6988185386155,417.1813829583875
16170,46,20,6869.0,3,Champions,819.3711978152185,345.49515124704527
16171,54,1,73.2,0,Lost / Hibernating,,
16172,90,8,1884.55,2,At-Risk,309.89534502124684,314.7613208830334
16173,11,6,1418.32,1,New / Promising,613.1056167664389,200.5437772797493
16174,121,7,2246.75,2,At-Risk,289.62668108123074,343.03537778568034
16175,89,7,1836.44,2,At-Risk,236.61903810046627,260.1983180111467
16176,416,4,2052.69,2,At-Risk,120.18981281672798,446.8811106505768
16177,46,8,2247.31,2,At-Risk,260.4755766468812,320.1005847728867
16178,133,2,612.6,0,Lost / Hibernating,60.67461565794571,211.79602568079522
16179,56,1,215.83,0,Lost / Hibernating,,
16180,95,13,16249.87,3,Champions,2146.87262136403,1425.8885092718883
16181,68,1,305.54,0,Lost / Hibernating,,
16182,67,9,9971.65,3,Champions,1264.781090534571,1187.5880391654885
16183,62,4,1077.81,2,At-Risk,140.89551965169133,212.5379163283461
16184,59,6,1158.79,2,At-Risk,353.9385299875863,204.87880306357286
16185,12,3,644.72,1,New / Promising,98.65642712138039,271.9662076645419
16186,18,26,9026.11,3,Champions,987.0240416981895,393.2979779755983
16187,27,15,6911.4400000000005,3,Champions,1670.4798337266088,625.374149804549
16188,40,5,1087.66,1,New / Promising,212.25545702513944,249.03592605434423
16189,11,2,215.48,1,New / Promising,78.0765616487418,83.5610612243834
16190,35,8,2723.55,3,Champions,307.38247666446205,363.15739184542554
16191,7,23,15443.36,3,Champions,1752.51441901394,1007.7961750715209
16192,731,1,351.3,0,Lost / Hibernating,,
16193,232,2,630.43,0,Lost / Hibernating,86.27144496862226,329.57211005742874
16194,370,1,308.59999999999997,0,Lost / Hibernating,,
16195,718,1,323.25,0,Lost / Hibernating,,
16196,484,1,93.3,0,Lost / Hibernating,,
16197,465,9,2016.71,2,At-Risk,9.869611155871985,239.1989122440064
16198,70,2,1030.0410000000002,1,New / Promising,113.7765121207739,416.71024417910604
16199,388,7,942.75,2,At-Risk,31.809517097414233,148.33088909440895
16200,159,11,5113.4,2,At-Risk,466.8954237300653,583.9085469540308
16201,16,4,1602.72,1,New / Promising,301.55418462557043,456.838998851911
16202,356,9,2501.9900000000002,2,At-Risk,166.53318202901312,368.4277681861738
16203,54,6,1114.54,2,At-Risk,145.62185525810293,169.17246031526
16204,18,3,944.24,1,New / Promising,106.86038148758644,373.2735274625313
16205,26,7,1830.61,3,Champions,259.37027480041183,270.8351067047849
16206,50,13,2602.32,3,Champions,281.1058190073586,206.90864969366658
16207,20,1,394.38,1,New / Promising,,
16208,40,10,3440.45,3,Champions,409.0792850561301,348.0237997426013
16209,84,9,4146.78,2,At-Risk,517.7970344030043,425.7053607552017
16210,5,34,34890.11,3,Champions,3858.5843330061084,1182.062648011866
16211,84,3,1090.59,2,At-Risk,192.3190802963541,431.6021366238563
16212,15,4,1293.71,1,New / Promising,150.52869743102445,349.3459873510446
16213,74,1,159.0,0,Lost / Hibernating,,
16214,166,4,2038.25,2,At-Risk,211.65024536568455,359.3941889488975
16215,76,1,242.35,0,Lost / Hibernating,,
16216,262,1,914.9300000000001,0,Lost / Hibernating,,
16217,230,2,304.25,0,Lost / Hibernating,41.061035474310394,134.33968190156776
16218,25,13,4439.97,3,Champions,644.9047752015517,394.77917592529565
16219,496,1,40.8,0,Lost / Hibernating,,
16221,32,9,2235.5099999999998,3,Champions,335.56606073840624,244.36313237914538
16222,313,2,1345.22,2,At-Risk,142.42457256447193,867.4414917060839
16223,370,2,1102.3500000000001,2,At-Risk,84.09170220382285,522.6925518010447
16224,52,5,1616.54,2,At-Risk,290.8318861816913,327.60039598057097
16225,40,15,2867.4100000000003,3,Champions,339.0586310771755,224.98694559291397
16226,198,5,672.1700000000001,2,At-Risk,62.77151429735446,88.98437989976024
16227,220,3,1027.22,2,At-Risk,127.41642053961846,361.23586964767793
16228,380,3,890.8100000000001,2,At-Risk,67.1641739836561,453.78520565224466
16229,82,6,2867.86,2,At-Risk,381.0494043897964,492.8644063714602
16230,185,2,542.03,0,Lost / Hibernating,106.8406851758875,280.71347702773994
16231,374,4,1078.22,2,At-Risk,86.17253907352953,267.04706853827014
16232,39,7,2712.97,2,At-Risk,327.8901695856106,410.03595256015154
16233,66,9,1965.71,2,At-Risk,197.6296888724115,210.6617772267577
16234,471,3,333.18,0,Lost / Hibernating,19.055877683599846,127.41881680969091
16235,36,9,2053.71,3,Champions,245.7456132935812,173.96902941247416
16236,73,1,432.2,0,Lost / Hibernating,,
16237,432,1,136.65,0,Lost / Hibernating,,
16238,418,1,63.66,0,Lost / Hibernating,,
16239,52,6,1492.2,2,At-Risk,230.72559302288812,248.77620007840764
16240,19,2,3718.8,1,New / Promising,1886.0084549700607,1925.7487882037633
16241,5,16,4329.31,3,Champions,770.2546587381466,282.8847200227708
16242,3,14,7474.4,3,Champions,925.2939194489782,580.3877646898709
16243,29,2,409.1,1,New / Promising,239.80841704331803,208.00657637652773
16244,207,2,2579.38,2,At-Risk,138.4617596772291,482.8376503182954
16245,19,3,1413.66,1,New / Promising,347.02814392570605,488.2268768919725
16246,455,2,827.25,0,Lost / Hibernating,104.11921805706271,679.1109138830619
16247,165,1,114.56,0,Lost / Hibernating,,
16248,57,1,152.94,0,Lost / Hibernating,,
16249,48,5,1800.07,2,At-Risk,328.2763313982174,249.88313096868396
16250,256,3,791.38,2,At-Risk,124.05404462306257,315.2766449883797
16251,507,1,128.31,0,Lost / Hibernating,,
16252,378,1,295.09000000000003,0,Lost / Hibernating,,
16253,62,7,7310.15,3,Champions,841.7712549779153,1159.1296755366175
16254,373,3,985.14,2,At-Risk,109.94375446811922,411.83926792740397
16255,12,15,4906.8,3,Champions,568.8473167537936,330.3071258423063
16256,262,3,1629.37,2,At-Risk,169.81228963614836,538.4131037317684
16257,172,1,46.95,0,Lost / Hibernating,,
16258,40,15,11942.52,3,Champions,1468.939632082723,934.0821033723997
16259,405,3,361.94,0,Lost / Hibernating,36.807307598566425,216.06041929786423
16260,46,1,1035.45,1,New / Promising,,
16261,12,6,1059.45,1,New / Promising,179.66145987885739,184.2739024239565
16262,373,1,755.15,0,Lost / Hibernating,,
16263,418,1,351.01,0,Lost / Hibernating,,
16264,433,2,837.53,0,Lost / Hibernating,33.15172593577079,294.810228439615
16265,4,12,6935.17,3,Champions,1345.665934881643,676.6305092126207
16266,69,14,1757.95,3,Champions,201.73235963925055,147.18212505346435
16267,586,1,186.66,0,Lost / Hibernating,,
16268,66,2,667.65,1,New / Promising,,
16269,433,1,717.57,0,Lost / Hibernating,,
16270,348,1,1141.24,0,Lost / Hibernating,,
16271,11,9,3448.02,3,Champions,373.88964781637293,348.0367916165897
16272,112,1,411.7,0,Lost / Hibernating,,
16273,643,2,336.03999999999996,0,Lost / Hibernating,4.7906072690584605,89.1189202039757
16274,368,1,715.9,0,Lost / Hibernating,,
16275,192,3,2151.11,2,At-Risk,228.50905322058708,737.3184358257171
16276,172,3,2629.3900000000003,2,At-Risk,260.31188787051354,796.0039024838499
16277,729,1,188.69,0,Lost / Hibernating,,
16278,95,3,1117.84,2,At-Risk,173.43126855360373,436.88965897092345
16279,16,9,5705.08,3,Champions,751.9047905342525,654.8460386564209
16280,720,1,238.05,0,Lost / Hibernating,,
16281,67,3,3424.02,2,At-Risk,404.06600760514084,1334.0394582694903
16282,335,3,1307.58,2,At-Risk,138.03270712757438,527.3806783022889
16283,1,8,4403.82,3,Champions,476.87718437918534,506.809600787911
16284,26,3,1029.77,1,New / Promising,208.71934224091953,420.0168333824212
16285,641,1,176.9,0,Lost / Hibernating,,
16286,472,2,328.95,0,Lost / Hibernating,10.224154232779876,68.40326400731344
16287,165,5,1006.98,2,At-Risk,102.91529405789186,198.529479237937
16288,465,1,129.85,0,Lost / Hibernating,,
16289,457,1,136.31,0,Lost / Hibernating,,
16290,460,4,2069.3,2,At-Risk,47.36277882187159,375.8245372340686
16291,677,1,117.72,0,Lost / Hibernating,,
16292,117,5,1253.76,2,At-Risk,141.3842844744865,238.91959755057155
16293,17,15,4657.95,3,Champions,516.2279883153235,483.2257433870652
16294,472,1,126.05000000000001,0,Lost / Hibernating,,
16295,5,4,1328.55,1,New / Promising,822.9315996887747,329.2562740365622
16296,622,4,1313.67,2,At-Risk,14.525693298002817,317.55567177647913
16297,264,1,301.9,0,Lost / Hibernating,,
16298,18,7,1085.7,1,New / Promising,175.21791960714427,152.56323242173164
16299,472,1,193.65,0,Lost / Hibernating,,
16300,426,3,1392.43,2,At-Risk,117.6174964513695,494.50455313863296
16301,732,1,107.33,0,Lost / Hibernating,,
16302,122,1,233.22,0,Lost / Hibernating,,
16303,21,7,7928.27,3,Champions,1021.7543171421718,1222.3877648182465
16304,690,1,381.66,0,Lost / Hibernating,,
16305,134,1,361.21999999999997,0,Lost / Hibernating,,
16306,209,7,1192.82,2,At-Risk,95.66071064619615,118.88312909152229
16307,424,3,1194.92,2,At-Risk,87.0983458019704,387.39704247703565
16308,33,7,5120.0,3,Champions,512.6859971737777,696.4903064290144
16309,101,2,706.57,1,New / Promising,168.30168367696723,388.1014177116082
16310,409,2,460.08,0,Lost / Hibernating,47.00588660487604,284.3513483598367
16311,13,2,616.26,1,New / Promising,281.7994393461993,228.7828637620583
16312,427,1,171.15,0,Lost / Hibernating,,
16313,45,1,167.62,1,New / Promising,,
16314,385,3,1491.4,2,At-Risk,119.253467795984,553.8283423614782
16315,326,2,402.71,0,Lost / Hibernating,48.14490345863779,240.565524798794
16316,59,13,5744.91,3,Champions,783.3269851644669,433.39663222594226
16317,115,5,2192.51,2,At-Risk,279.6335865837497,458.6188814168202
16318,31,1,328.15,1,New / Promising,,
16319,213,1,404.40000000000003,0,Lost / Hibernating,,
16320,167,6,5628.99,2,At-Risk,611.4211699210288,965.516496386369
16321,67,7,604.5500000000001,2,At-Risk,52.74816432241269,105.30936690299899
16322,31,1,213.07999999999998,1,New / Promising,,
16323,191,2,353.66,0,Lost / Hibernating,45.87425340624676,221.49701589972003
16324,124,3,428.68,0,Lost / Hibernating,140.64882131502586,276.691608166144
16325,42,12,3597.5,3,Champions,399.636271278227,313.49315666619987
16326,1,24,4826.99,3,Champions,556.639489566672,207.35317155619518
16327,9,16,10731.34,3,Champions,1169.2892493554016,670.0931357404564
16328,558,1,310.83,0,Lost / Hibernating,,
16329,423,4,1703.07,2,At-Risk,140.97171835881682,479.096233682841
16330,13,7,634.33,1,New / Promising,83.10008939169511,149.0356678812731
16331,427,6,2037.7,2,At-Risk,139.00055905395692,525.922057307456
16332,23,11,2010.41,3,Champions,273.8625904241147,191.63461393351508
16333,3,22,26626.8,3,Champions,6395.505270695718,2139.2701341234224
16334,487,1,277.48,0,Lost / Hibernating,,
16335,547,7,2774.0,2,At-Risk,10.36671305165547,416.5913343820733
16336,416,4,3517.69,2,At-Risk,212.870815294606,875.2966330421491
16337,32,1,151.05,1,New / Promising,,
16338,152,1,214.79999999999998,0,Lost / Hibernating,,
16339,279,1,109.95,0,Lost / Hibernating,,
16340,102,3,1526.06,2,At-Risk,212.71056905289223,585.1564096516581
16341,20,7,3850.79,3,Champions,454.9058685588518,621.3338875406116
16342,70,4,322.41,1,New / Promising,81.53122910832849,65.94589401612703
16343,11,3,687.0699999999999,1,New / Promising,113.78038745532629,386.1915352622574
16344,153,4,842.42,2,At-Risk,90.50697388870636,215.75240425628775
16345,39,2,1198.74,1,New / Promising,149.65416227409293,593.2773608418671
16346,380,1,224.51,0,Lost / Hibernating,,
16347,7,11,3509.41,3,Champions,443.58111886975144,367.02021734338217
16348,27,8,1798.22,3,Champions,290.2232391179564,247.28591434506626
16349,286,1,53.5,0,Lost / Hibernating,,
16350,16,9,2253.89,3,Champions,380.35673938644425,279.49869010448225
16351,328,13,3330.0299999999997,2,At-Risk,58.998915690796025,260.6528866886005
16352,13,2,494.44,1,New / Promising,419.77071569530517,304.37985108265843
16353,3,37,9643.06,3,Champions,1035.280027603602,304.8008077789392
16354,58,5,1129.51,2,At-Risk,142.98091129413694,233.19971111707073
16355,370,1,416.35,0,Lost / Hibernating,,
16356,193,6,415.87,2,At-Risk,50.133653320164626,82.53008210560398
16357,28,4,868.37,1,New / Promising,158.9079314913525,224.30207246005344
16358,59,4,2486.4900000000002,2,At-Risk,366.56248257094035,537.2078869316758
16359,2,16,2697.75,3,Champions,320.9536153793673,168.85126385498492
16360,15,5,2748.19,1,New / Promising,1703.1611515718391,638.8805258682128
16361,5,4,896.66,1,New / Promising,454.1671433938408,191.802629475786
16362,28,6,946.94,1,New / Promising,157.2174768014554,249.6868267630182
16363,48,1,109.36000000000001,0,Lost / Hibernating,,
16364,7,2,707.04,1,New / Promising,259.9949205891645,375.08592250121745
16365,13,15,3307.2,3,Champions,363.84826862479673,240.20167207559794
16366,14,4,1548.1299999999999,1,New / Promising,176.94186652105935,440.2514383579853
16367,33,3,1362.4,1,New / Promising,208.08480262646384,410.2258699488787
16368,23,2,445.26000000000005,1,New / Promising,88.05898622119345,317.47618787820693
16369,13,7,2664.81,3,Champions,352.9992635959467,409.7528025206477
16370,77,4,1320.56,2,At-Risk,370.18235410432163,353.46360924417274
16371,444,1,157.2,0,Lost / Hibernating,,
16372,29,5,1328.61,1,New / Promising,193.03400391989499,410.37442881337057
16373,377,2,309.49,0,Lost / Hibernating,20.77499060412081,127.7713031075041
16374,61,5,1771.45,2,At-Risk,201.0815996070154,326.68802145743587
16375,465,2,104.0,0,Lost / Hibernating,,
16376,4,2,987.01,1,New / Promising,219.902547594208,125.76036867670615
16377,262,2,1308.48,2,At-Risk,132.21113330560826,695.1276529424326
16378,242,3,362.95,0,Lost / Hibernating,46.18996592193916,115.82346124440208
16379,13,3,1755.76,1,New / Promising,1041.0039011472932,647.6567332122851
16380,56,1,1780.59,1,New / Promising,,
16381,391,2,258.7,0,Lost / Hibernating,8.356754276012154,55.77176632642181
16382,403,2,353.1,0,Lost / Hibernating,29.88785220189236,170.79923680769338
16383,70,7,2974.84,2,At-Risk,329.5429373134985,421.75529411043976
16384,85,4,1358.95,2,At-Risk,167.765322914733,351.51685380810403
16385,56,5,1030.61,2,At-Risk,135.14906948525777,233.61830052741018
16386,24,3,1102.59,1,New / Promising,83.29538883957555,165.30602541443614
16387,318,5,918.55,2,At-Risk,89.18040120539055,198.02817455489574
16388,649,1,186.05,0,Lost / Hibernating,,
16389,48,4,1382.07,1,New / Promising,383.5087914813096,426.18261814474647
16390,532,3,467.5,0,Lost / Hibernating,22.65744134722478,143.44222103255214
16391,396,4,1103.61,2,At-Risk,83.75851710844852,317.70953904462203
16392,265,3,763.05,2,At-Risk,96.15143886678582,292.7493872321489
16393,6,22,5254.96,3,Champions,555.1053448245499,233.41290780522755
16394,52,5,1555.34,2,At-Risk,355.1305040500434,314.4737328551355
16395,56,14,3537.85,3,Champions,383.3421987637486,300.8830407488983
16396,471,1,137.8,0,Lost / Hibernating,,
16397,623,1,127.88,0,Lost / Hibernating,,
16398,149,2,1705.8,2,At-Risk,218.56542902340868,553.3011969813814
16399,14,3,641.82,1,New / Promising,106.18428786744647,211.23006694024625
16400,90,9,3159.44,2,At-Risk,306.44649736869,326.26846476483576
16401,10,22,6536.41,3,Champions,950.4373227036526,339.97581135313203
16402,260,2,511.4,0,Lost / Hibernating,26.615342961433285,100.53779410750174
16403,307,1,177.5,0,Lost / Hibernating,,
16404,65,1,443.05,1,New / Promising,,
16405,297,2,167.25,0,Lost / Hibernating,35.55030947815359,173.90153263812033
16406,14,3,552.68,1,New / Promising,56.11683092068371,176.68022985494267
16407,8,14,2821.65,3,Champions,476.44762185254535,230.67022834487855
16408,586,1,231.93,0,Lost / Hibernating,,
16409,31,12,5709.04,3,Champions,610.4604860062652,472.65378483845655
16410,729,1,130.32,0,Lost / Hibernating,,
16411,14,4,910.1899999999999,1,New / Promising,124.13876907198696,193.09043161132973
16412,49,5,647.23,1,New / Promising,77.29972061158684,141.46095412051963
16413,52,2,528.98,1,New / Promising,86.55516679276309,276.77244975130174
16414,17,5,559.71,1,New / Promising,59.177522761106694,110.86632931451138
16415,39,3,719.44,1,New / Promising,83.613573857908,272.65981801044995
16416,22,9,2972.88,3,Champions,312.92382713900594,335.80385491302667
16417,488,1,35.7,0,Lost / Hibernating,,
16418,40,5,1101.94,1,New / Promising,209.41009289716698,252.92855691815961
16419,108,8,1487.42,2,At-Risk,165.53862014919753,212.82445532365884
16420,391,1,75.0,0,Lost / Hibernating,,
16421,371,3,526.27,0,Lost / Hibernating,27.1531796028068,114.27540337092617
16422,12,109,63651.47,3,Champions,7381.973721569663,694.7724610471234
16423,20,1,346.12,1,New / Promising,,
16424,186,2,443.06,0,Lost / Hibernating,42.15608290480643,146.77918081770983
16425,297,1,302.7,0,Lost / Hibernating,,
16426,2,9,1663.23,3,Champions,392.86826620182006,269.8721230559975
16427,258,2,241.06,0,Lost / Hibernating,37.72698582370387,144.45498524442576
16428,409,3,660.28,2,At-Risk,42.813128269235065,253.29807446113276
16429,101,1,284.55,0,Lost / Hibernating,,
16430,52,7,1117.94,2,At-Risk,132.7258381579157,171.07702143817403
16431,208,3,642.81,2,At-Risk,101.59320321636756,313.83831654611015
16432,59,1,287.4,1,New / Promising,,
16433,23,2,384.52,1,New / Promising,58.057166584387204,198.01253541140628
16434,24,12,2741.74,3,Champions,278.7916519770537,206.0815032534279
16435,507,3,1011.5699999999999,2,At-Risk,48.569544674811056,617.5197311910343
16436,663,3,329.34,0,Lost / Hibernating,4.8831814101424555,87.49601262456342
16437,376,2,301.25,0,Lost / Hibernating,34.56804042096988,197.64874827819656
16438,1,5,798.35,1,New / Promising,426.020100657921,151.80537625507608
16439,717,1,310.70000000000005,0,Lost / Hibernating,,
16440,3,6,3856.9700000000003,3,Champions,649.3152816921443,731.996293310192
16441,62,5,1034.43,2,At-Risk,119.47540005267588,205.63046007321645
16442,223,4,719.71,2,At-Risk,73.28054725615186,192.78269707504398
16443,516,1,162.24,0,Lost / Hibernating,,
16444,41,17,3656.58,3,Champions,438.7028950732928,221.0521589870521
16445,29,4,602.73,1,New / Promising,107.2208807747634,224.34332340744976
16446,201,1,2.9,0,Lost / Hibernating,,
16447,131,3,775.14,2,At-Risk,89.77313747644229,291.51797756006573
16448,193,2,367.87,0,Lost / Hibernating,49.46317429237669,202.69124215240856
16449,193,2,707.69,0,Lost / Hibernating,105.42667478915088,305.875420408076
16450,145,3,1505.73,2,At-Risk,171.96681171004167,557.467283596532
16451,83,3,1013.15,2,At-Risk,101.76292639856244,360.4718930347937
16452,626,2,332.17,0,Lost / Hibernating,13.514245335300267,151.7610435030535
16453,526,2,251.71,0,Lost / Hibernating,10.196117675148468,115.13980542661247
16454,40,4,30.950000000000003,1,New / Promising,6.415844945655657,13.74475082834628
16455,59,11,4384.37,3,Champions,476.7015355488186,388.3270852197865
16456,94,13,6862.91,3,Champions,809.4350056938256,557.3748731975533
16457,213,1,208.36,0,Lost / Hibernating,,
16458,10,29,5539.84,3,Champions,783.4045455005711,194.1983152941266
16459,725,1,71.78999999999999,0,Lost / Hibernating,,
16460,23,3,814.72,1,New / Promising,444.42081421351503,285.2704582849665
16461,173,3,1615.22,2,At-Risk,132.4743720513448,427.35502979565126
16462,69,3,136.0,0,Lost / Hibernating,36.67796600952027,57.143020748196186
16463,16,4,1422.4,1,New / Promising,439.90292051560965,372.86760973323567
16464,15,3,1314.68,1,New / Promising,523.3706676093864,473.1483911113628
16465,416,2,746.24,0,Lost / Hibernating,41.74458196226634,304.4606926678162
16466,29,15,3838.59,3,Champions,438.3049843809912,240.919943886274
16467,504,7,2869.16,2,At-Risk,31.911268715495375,459.08506312645875
16468,69,3,787.52,1,New / Promising,144.75469761020582,350.63066798198247
16469,19,5,828.91,1,New / Promising,121.11364721665291,221.47559764308087
16470,47,11,2458.6,3,Champions,268.57768192814297,252.58229143834413
16471,270,4,1189.98,2,At-Risk,117.27309540138671,293.78317884840294
16472,429,2,789.6,0,Lost / Hibernating,40.52243580416885,246.82064245037154
16473,160,4,470.83,2,At-Risk,72.18996493306105,109.6475431093191
16474,3,7,1871.5,3,Champions,727.4249355928893,306.1616800914545
16475,83,4,544.3,2,At-Risk,74.35133584736374,82.28258396416761
16476,427,1,350.35,0,Lost / Hibernating,,
16477,59,11,4320.02,3,Champions,642.0908812222848,382.06585857300297
16478,20,3,331.0,1,New / Promising,123.33969836919488,70.26130337732658
16479,5,2,300.83,1,New / Promising,,
16480,71,1,769.29,1,New / Promising,,
16481,678,1,453.38,0,Lost / Hibernating,,
16482,11,1,220.62,1,New / Promising,,
16483,188,1,139.35,0,Lost / Hibernating,,
16484,169,2,404.3,0,Lost / Hibernating,54.9035584066347,131.66180439321872
16485,72,5,2294.68,2,At-Risk,212.94801861665417,422.8833770862238
16486,533,1,134.36,0,Lost / Hibernating,,
16487,572,2,209.4,0,Lost / Hibernating,13.09513977368427,120.14187850824555
16488,28,3,498.8,1,New / Promising,156.06752332671402,146.47802283638154
16489,375,2,303.7,0,Lost / Hibernating,37.019151948332166,206.89500458060925
16490,431,1,205.41000000000003,0,Lost / Hibernating,,
16491,42,2,1533.16,1,New / Promising,216.93837804045174,751.0093986826971
16492,536,1,385.56,0,Lost / Hibernating,,
16493,75,7,2132.09,2,At-Risk,234.30173243531996,280.19801849161945
16494,292,1,826.53,0,Lost / Hibernating,,
16495,271,2,246.51,0,Lost / Hibernating,,
16496,4,6,2330.77,3,Champions,335.1060334122378,473.5978653460931
16497,45,23,6695.28,3,Champions,729.7080295427689,401.01849302133144
16498,156,2,100.97,0,Lost / Hibernating,9.661873163086884,21.666722588014412
16499,355,8,2578.34,2,At-Risk,36.74272925515069,338.5207525873101
16500,11,8,791.1700000000001,1,New / Promising,104.85229380736124,109.40835655402472
16501,378,1,1237.23,0,Lost / Hibernating,,
16502,615,2,266.5,0,Lost / Hibernating,,
16503,102,11,3614.34,2,At-Risk,506.3755173715764,373.02605318261715
16504,20,1,484.38,1,New / Promising,,
16505,27,1,777.6,1,New / Promising,,
16506,15,2,90.30000000000001,1,New / Promising,63.13885666024963,47.28339988486264
16507,568,1,152.76,0,Lost / Hibernating,,
16508,625,1,248.8,0,Lost / Hibernating,,
16509,292,1,363.7,0,Lost / Hibernating,,
16510,367,6,2100.0,2,At-Risk,114.43645301659616,285.75318838702754
16511,17,6,1819.02,1,New / Promising,212.3764610972834,306.75090689702273
16513,4,3,752.7900000000001,1,New / Promising,712.3932599721325,329.73188669005754
16515,48,10,3216.3,3,Champions,390.31606054836254,280.7025959725211
16516,25,1,101.69999999999999,1,New / Promising,,
16517,272,1,162.7,0,Lost / Hibernating,,
16518,56,4,959.37,1,New / Promising,138.1999520813047,272.96761342115957
16519,20,4,556.26,1,New / Promising,57.94891438489283,130.5601118143047
16520,181,6,2482.62,2,At-Risk,289.8841151227808,443.4134465055042
16521,411,3,1148.01,2,At-Risk,176.85136827333287,1075.780361855638
16522,431,2,433.36,0,Lost / Hibernating,38.78263624271566,319.5780690923073
16523,10,26,11060.710000000001,3,Champions,1294.7526188110253,507.9885466045272
16524,441,2,308.14,0,Lost / Hibernating,34.00087073863909,220.83007282216892
16525,12,47,24260.920000000002,3,Champions,2656.965635433168,517.5114916393524
16526,167,2,717.21,0,Lost / Hibernating,63.11752750605213,305.2286877268144
16527,76,2,1272.44,2,At-Risk,67.7563805193228,242.27330328525053
16529,185,4,2012.0,2,At-Risk,272.10346024474643,544.954769388609
16530,663,1,48.349999999999994,0,Lost / Hibernating,,
16531,17,11,2298.33,3,Champions,355.53749069864966,192.22122461283328
16532,13,5,8756.64,3,Champions,1172.9391159275706,1981.840680407943
16533,15,3,1095.56,1,New / Promising,634.1948500303711,367.0511389970664
16534,637,1,635.9,0,Lost / Hibernating,,
16535,381,2,407.84,0,Lost / Hibernating,66.46151387822395,403.73415924147963
16536,105,1,548.97,0,Lost / Hibernating,,
16537,636,1,23.35,0,Lost / Hibernating,,
16538,536,3,399.62,0,Lost / Hibernating,19.862224266008273,183.10736814795413
16539,215,9,3396.81,2,At-Risk,356.73119504334505,403.8882203830235
16540,409,1,226.70000000000002,0,Lost / Hibernating,,
16541,730,1,424.03,0,Lost / Hibernating,,
16542,49,2,257.32,1,New / Promising,39.23664169906801,132.69253460397948
16543,587,1,292.21,0,Lost / Hibernating,,
16544,515,4,376.70000000000005,0,Lost / Hibernating,16.80221747388656,123.27448993310666
16545,160,2,689.82,0,Lost / Hibernating,105.47199214009095,354.6835274470413
16546,286,5,5606.47,2,At-Risk,463.62729540767623,1094.9533193653633
16547,542,1,111.71,0,Lost / Hibernating,,
16548,594,1,30.15,0,Lost / Hibernating,,
16549,5,34,13182.19,3,Champions,1711.7861964322465,433.73888391427096
16550,104,18,9435.13,3,Champions,972.442910857667,524.3240903886635
16551,91,7,2237.12,2,At-Risk,237.09390279887623,326.5384214080568
16552,238,2,475.02000000000004,0,Lost / Hibernating,82.16502640044784,299.2464104251442
16553,158,33,16644.01,3,Champions,1647.1111992706606,1072.8686700179978
16554,37,8,2841.72,3,Champions,295.5072394165974,348.79317244057773
16555,30,6,1915.68,1,New / Promising,59.684610847317174,149.5691124214065
16556,62,17,8012.58,3,Champions,891.2732222944651,490.1364770809301
16557,19,2,281.85,1,New / Promising,133.74610687161993,194.41508487188833
16558,17,37,13274.54,3,Champions,1457.062247691154,382.1517494082173
16559,392,1,185.20000000000002,0,Lost / Hibernating,,
16560,22,8,3048.38,3,Champions,309.8353316119912,368.1161950782146
16561,1,2,511.12,1,New / Promising,298.0304402584213,260.56371192718166
16562,472,1,223.85999999999999,0,Lost / Hibernating,,
16563,49,6,4422.76,2,At-Risk,477.87393809785874,780.8239554328427
16564,564,1,87.8,0,Lost / Hibernating,,
16565,359,4,773.05,2,At-Risk,51.7639540857776,157.1256301532355
16566,10,5,614.66,1,New / Promising,151.65864706373128,133.20947903766043
16567,189,2,865.6,2,At-Risk,100.99678841854717,323.09467804666747
16568,423,2,1020.9000000000001,2,At-Risk,91.31531450798971,561.1327255435342
16569,626,4,1331.03,2,At-Risk,13.089737788420157,307.9255877551014
16570,10,20,7434.31,3,Champions,914.3560690999489,426.25553834721416
16571,22,10,4248.74,3,Champions,521.3168738097004,428.553615247276
16572,122,3,1009.6,2,At-Risk,213.5176343013161,341.1312219401984
16573,80,2,663.61,1,New / Promising,147.55452328416285,386.69679516949304
16574,66,3,1301.78,2,At-Risk,113.64118992122386,363.1709419895229
16576,415,2,540.87,0,Lost / Hibernating,55.32693441264756,328.58180063924686
16577,662,1,380.0,0,Lost / Hibernating,,
16578,621,1,156.6,0,Lost / Hibernating,,
16579,421,1,295.05,0,Lost / Hibernating,,
16581,178,1,105.84,0,Lost / Hibernating,,
16582,108,1,313.62,0,Lost / Hibernating,,
16583,369,2,531.4,0,Lost / Hibernating,80.89376106558312,483.6258557735831
16584,75,5,3163.67,2,At-Risk,310.769179998048,562.3739116658703
16585,589,2,341.59,0,Lost / Hibernating,29.38944321178574,266.73798799360145
16586,244,3,1462.78,2,At-Risk,175.59188470349113,576.2098414218298
16587,227,1,225.15,0,Lost / Hibernating,,
16588,381,4,1361.28,2,At-Risk,116.35037093906116,386.73238856915464
16589,66,4,612.36,1,New / Promising,95.71440983530186,157.52367808603995
16590,396,2,605.9,0,Lost / Hibernating,42.01253875974291,304.00595875130404
16591,64,1,213.5,0,Lost / Hibernating,,
16592,8,27,6889.75,3,Champions,769.2627975935077,412.0706840603867
16593,46,8,1071.1399999999999,2,At-Risk,119.93339531640916,143.53219696307667
16594,70,1,181.09,0,Lost / Hibernating,,
16595,57,5,1810.18,2,At-Risk,173.96634884589156,326.52259091203223
16596,11,4,579.63,1,New / Promising,66.16818682150242,165.83251056575594
16598,281,1,145.04999999999998,0,Lost / Hibernating,,
16599,381,1,172.8,0,Lost / Hibernating,,
16600,12,12,1913.09,3,Champions,191.52964975517116,146.9364379920073
16601,36,3,684.25,1,New / Promising,104.41141725093907,315.99035998199525
16602,31,2,763.33,1,New / Promising,166.6469324809393,545.449458022939
16603,70,2,482.47,1,New / Promising,163.6186472290086,199.6192619164157
16604,558,2,432.45,0,Lost / Hibernating,9.631125987502866,138.88702106668873
16605,719,1,60.48,0,Lost / Hibernating,,
16606,399,2,357.66,0,Lost / Hibernating,19.980458723833582,132.7733761891372
16607,13,25,5706.87,3,Champions,753.4402056824371,236.24872111205104
16608,449,2,1288.72,2,At-Risk,96.07217026036889,619.4599292348194
16609,10,7,5493.46,3,Champions,1522.5892178938418,826.0367426408291
16610,215,1,75.66,0,Lost / Hibernating,,
16611,181,6,1785.13,2,At-Risk,199.7452294440493,302.5862358018839
16612,28,9,3245.43,3,Champions,325.1413001469377,343.7286855319682
16613,65,1,618.59,1,New / Promising,,
16614,178,3,1179.79,2,At-Risk,153.48512103408243,451.5157901781148
16615,621,1,291.5,0,Lost / Hibernating,,
16616,10,2,500.42,1,New / Promising,191.91913125359366,305.1882669342355
16617,231,1,151.85,0,Lost / Hibernating,,
16618,26,5,2647.59,1,New / Promising,527.593141758884,645.9485612807445
16619,259,4,1938.33,2,At-Risk,128.3917825004715,319.3786644099112
16620,256,5,1675.73,2,At-Risk,100.5972789062595,216.82710016894308
16621,47,4,813.48,1,New / Promising,203.0014415583573,221.54249645531686
16622,539,1,225.4,0,Lost / Hibernating,,
16623,241,4,1015.24,2,At-Risk,117.18519910259243,267.1541066378478
16624,76,2,810.5699999999999,1,New / Promising,204.51427963322035,399.99523592793577
16625,270,5,1654.03,2,At-Risk,185.106414159156,349.84077824369655
16626,2,16,4023.89,3,Champions,904.9879134785529,216.13874898222542
16627,74,1,322.8,0,Lost / Hibernating,,
16628,25,7,2318.1,3,Champions,309.6089036457216,375.950821059119
16629,69,2,417.73,1,New / Promising,155.92657407684197,194.66771482550615
16630,402,1,106.80000000000001,0,Lost / Hibernating,,
16631,477,7,1892.52,2,At-Risk,24.40584834867456,308.4183786733247
16632,481,2,406.4,0,Lost / Hibernating,30.531138496624912,215.9391569201277
16633,12,6,2883.1,3,Champions,812.5502611138074,490.4754323842582
16634,218,6,1814.61,2,At-Risk,184.7011142043362,305.13554361373014
16635,402,1,473.0,0,Lost / Hibernating,,
16636,434,4,3802.04,2,At-Risk,215.49509779834887,836.9981892644228
16637,27,4,1154.47,1,New / Promising,314.1742809967976,288.5148973848149
16638,18,15,2430.53,3,Champions,394.10249544954354,178.20202323350497
16639,26,4,1747.98,1,New / Promising,283.1581222310796,424.5402523043518
16640,393,1,179.4,0,Lost / Hibernating,,
16641,101,2,554.5,0,Lost / Hibernating,43.88933947993099,245.34528352124337
16642,203,2,696.85,0,Lost / Hibernating,86.15347379087203,322.7814169041814
16643,241,2,923.11,2,At-Risk,128.3404631619523,504.45266914983716
16644,173,2,833.78,2,At-Risk,50.20590802850644,124.355746134591
16645,731,1,160.39,0,Lost / Hibernating,,
16646,444,1,678.8,0,Lost / Hibernating,,
16647,165,4,541.9,2,At-Risk,67.95284020810035,136.96232814529355
16648,38,3,672.8,1,New / Promising,75.26673886006176,216.95486537495103
16649,515,1,306.58000000000004,0,Lost / Hibernating,,
16650,67,7,1916.11,2,At-Risk,216.14524052172968,258.61869273876715
16651,582,1,136.2,0,Lost / Hibernating,,
16652,54,16,17550.39,3,Champions,2136.6256929522942,1466.2459295975968
16653,11,2,1212.66,1,New / Promising,110.9455737212495,107.61143280880107
16654,136,8,1711.47,2,At-Risk,196.78357994820428,207.94656451929808
16655,13,13,6548.37,3,Champions,781.2709094955918,520.8744687509154
16656,17,30,16833.170000000002,3,Champions,1858.6360583423561,610.2768270513234
16657,5,4,933.62,1,New / Promising,234.60478885696267,235.06943628944381
16658,363,6,814.07,2,At-Risk,63.854445607536604,173.76252137228343
16659,184,1,39.12,0,Lost / Hibernating,,
16660,11,7,1879.55,3,Champions,228.18118256738785,350.6583247758978
16661,535,4,986.63,2,At-Risk,37.5835963095522,239.50482754069319
16662,389,1,163.8,0,Lost / Hibernating,,
16663,725,1,165.0,0,Lost / Hibernating,,
16664,564,1,109.2,0,Lost / Hibernating,,
16665,357,1,135.39999999999998,0,Lost / Hibernating,,
16666,14,2,225.94,1,New / Promising,26.73415250127175,132.04580192271783
16667,63,2,570.13,1,New / Promising,149.56120035436393,382.4526119487134
16668,10,13,862.42,3,Champions,98.56753945599095,66.93345116496496
16669,19,3,1374.8700000000001,1,New / Promising,646.3805262560055,663.9834322604262
16670,12,20,8030.150000000001,3,Champions,848.1557009529466,433.08468865053794
16671,23,3,1692.27,1,New / Promising,160.48644434594615,161.38059294955073
16672,31,19,7864.9400000000005,3,Champions,1833.749370113043,419.09713077404604
16673,674,1,188.83,0,Lost / Hibernating,,
16674,50,2,319.61,1,New / Promising,174.03641848240156,211.30087097170426
16675,437,2,608.86,0,Lost / Hibernating,43.29819053064095,316.78903440436636
16676,29,6,2361.9,2,At-Risk,399.8436021662917,392.0585224718957
16677,406,2,880.62,0,Lost / Hibernating,104.66057001541205,635.6989826533736
16678,5,11,2786.0499999999997,3,Champions,674.1672215312722,248.81514057743166
16679,361,3,793.06,2,At-Risk,86.81891265803944,310.4163464050966
16680,38,3,821.45,1,New / Promising,55.82202530964613,147.21184247770452
16681,68,7,1921.84,2,At-Risk,242.98627102424803,297.52140877339474
16682,52,4,917.14,1,New / Promising,165.7470476002204,134.911879550259
16683,529,1,320.25,0,Lost / Hibernating,,
16684,6,54,141740.79,3,Champions,15888.73254108709,4262.052436672227
16685,56,2,324.24,1,New / Promising,,
16686,42,16,5070.92,3,Champions,566.7719049566779,378.4161993601967
16687,386,1,157.63,0,Lost / Hibernating,,
16688,5,3,1115.16,1,New / Promising,879.8337824362268,474.01791712471123
16689,71,2,422.59999999999997,1,New / Promising,121.14692481416981,141.6053193676166
16690,67,4,353.03,1,New / Promising,64.67527590034854,106.67723584603901
16691,413,2,178.83,0,Lost / Hibernating,26.70304248316085,156.2679618755956
16692,251,4,1914.6999999999998,2,At-Risk,223.5111752500378,453.3033966252364
16693,64,5,1199.46,2,At-Risk,138.48451500031024,248.29399512344318
16694,718,1,98.30000000000001,0,Lost / Hibernating,,
16695,557,2,193.15,0,Lost / Hibernating,,
16696,130,4,657.9000000000001,2,At-Risk,187.83127996977552,212.13317851431808
16697,236,1,112.75,0,Lost / Hibernating,,
16698,222,2,1998.0,2,At-Risk,264.08773593890567,836.3983230055245
16699,375,7,994.6,2,At-Risk,57.271434595904864,145.06689256387014
16700,4,25,9167.710000000001,3,Champions,994.197690193793,417.3831547323749
16701,4,26,9916.73,3,Champions,1078.6942187559682,398.1018969041919
16702,410,4,1110.83,2,At-Risk,91.39710019037977,301.37953897780505
16704,613,2,695.66,0,Lost / Hibernating,11.857217492315336,134.94599379025053
16705,7,41,43264.531,3,Champions,4565.056973102555,1668.5113278774427
16706,32,3,531.35,1,New / Promising,159.40987217113764,126.41358442431694
16707,395,4,551.11,2,At-Risk,38.735325520298346,126.0410970477603
16708,41,1,656.63,1,New / Promising,,
16709,80,14,9087.460000000001,3,Champions,903.9748314410883,712.0967551261531
16710,14,22,6349.09,3,Champions,680.5564414502965,299.24682073482967
16711,22,8,2572.88,3,Champions,268.2415510943485,321.1019905102163
16712,4,13,4266.99,3,Champions,742.1130643643423,406.8173618117043
16713,14,32,14560.69,3,Champions,1600.2217013439586,467.07745273108753
16714,214,4,1529.8,2,At-Risk,174.56058922211182,589.679955385841
16715,73,2,625.52,1,New / Promising,69.3923452066567,316.70819281920876
16716,262,3,2149.6800000000003,2,At-Risk,139.10803046892744,458.8338819436374
16717,19,14,6986.2300000000005,3,Champions,772.6750116669074,601.6176532534862
16718,365,5,3647.53,2,At-Risk,296.4081565678588,754.8147533917504
16719,10,14,3973.3,3,Champions,425.74364316020586,280.2506660789923
16720,21,3,795.48,1,New / Promising,92.22823652309711,318.6341211555288
16721,257,1,292.47,0,Lost / Hibernating,,
16722,12,22,8989.08,3,Champions,983.0372667758322,412.63270456039174
16723,87,4,1301.63,2,At-Risk,111.74035182038557,285.2468904070844
16724,400,1,147.35,0,Lost / Hibernating,,
16725,297,14,1882.11,2,At-Risk,72.76737797772284,152.86477578975735
16726,21,7,2088.41,3,Champions,369.36280851462095,356.31610461303785
16727,359,4,1437.42,2,At-Risk,102.34063680448874,299.0949445399444
16728,41,4,1054.67,1,New / Promising,268.74536384426744,281.60090514022033
16729,33,21,7239.92,3,Champions,1964.2386397324287,375.06920825004704
16730,47,3,743.11,1,New / Promising,167.93191464970903,285.3760076854308
16731,643,1,174.05,0,Lost / Hibernating,,
16732,27,4,4387.64,2,At-Risk,479.218083699407,1206.3498765602023
16733,525,1,259.68,0,Lost / Hibernating,,
16734,47,3,650.51,1,New / Promising,271.92178206825224,359.78665251012154
16735,74,14,6270.56,3,Champions,687.2259169045661,540.8674325238798
16736,501,5,2956.56,2,At-Risk,79.3028229340122,436.7043471976714
16737,49,2,835.1999999999999,1,New / Promising,93.30919353408225,433.80722892014643
16738,293,1,3.75,0,Lost / Hibernating,,
16739,172,2,786.43,2,At-Risk,75.06944008550303,338.21205447115864
16740,390,1,236.81,0,Lost / Hibernating,,
16741,620,1,173.06,0,Lost / Hibernating,,
16742,42,14,2852.6099999999997,3,Champions,308.8035787409643,203.56541096246252
16743,25,14,4253.26,3,Champions,554.5779078502294,329.9938750631407
16744,7,7,1304.76,1,New / Promising,496.37936593139864,201.43135439046353
16745,82,17,7194.3,3,Champions,1331.3144585096918,435.70168442314736
16746,6,41,17616.48,3,Champions,1937.8671651956784,442.7097411985672
16747,33,2,836.06,1,New / Promising,384.48518582337863,371.41773557468656
16748,13,14,3637.33,3,Champions,413.63280033636147,273.41288274236257
16749,587,2,4387.08,2,At-Risk,241.20225240458583,2076.6699224950567
16750,40,5,623.93,1,New / Promising,175.08570457646567,129.56750051536565
16751,26,1,1764.72,1,New / Promising,,
16752,368,1,415.0,0,Lost / Hibernating,,
16753,54,1,223.92000000000002,0,Lost / Hibernating,,
16754,367,29,67502.47,3,Champions,1.9210114916274024,3619.8802891914916
16755,109,7,2900.58,2,At-Risk,323.9079876498258,450.7305676590336
16756,210,7,1312.3700000000001,2,At-Risk,129.89301559556486,175.39117337419052
16757,314,2,270.48,0,Lost / Hibernating,26.96285487452571,119.76798617689117
16758,60,1,369.34000000000003,1,New / Promising,,
16759,3,3,789.79,1,New / Promising,580.9736282248522,386.6563743769142
16760,425,1,228.0,0,Lost / Hibernating,,
16761,92,1,316.62,0,Lost / Hibernating,,
16762,15,3,1501.38,1,New / Promising,660.1410052534486,602.5971915378967
16763,194,2,964.6999999999999,2,At-Risk,105.57553972803407,630.1007028812023
16764,5,12,2596.38,3,Champions,1100.3948788049531,221.24494470572358
16765,289,2,454.75,0,Lost / Hibernating,11.227035378007796,46.171828088944174
16766,268,2,1145.6,2,At-Risk,,
16767,26,15,8073.8,3,Champions,1035.2615419248466,663.2032099920466
16768,43,9,1708.12,2,At-Risk,177.45567764624528,187.09736314913738
16769,255,4,1141.75,2,At-Risk,103.9267571434705,381.47622372718297
16770,53,9,1932.13,2,At-Risk,308.73613260777444,221.4583266416168
16771,28,10,3967.6,3,Champions,446.86846909439987,420.04043471798076
16772,418,3,3723.5499999999997,2,At-Risk,339.1909421268391,1426.6213609624333
16773,52,3,421.24,1,New / Promising,42.179296451923065,148.36283355895773
16774,63,8,1594.45,2,At-Risk,163.9711767890223,179.04358041404555
16775,5,16,3056.89,3,Champions,538.0908320413492,197.49914605828
16776,56,2,619.85,1,New / Promising,115.8350557858821,404.17878795984706
16777,75,5,1307.76,2,At-Risk,159.99756473190135,278.11661071756794
16778,69,2,245.94,1,New / Promising,66.65483935026722,166.18116125555937
16779,10,51,32311.18,3,Champions,3483.1611196128606,636.3833899497693
16780,95,3,605.55,2,At-Risk,103.60848748297705,219.58354806270398
16781,367,2,934.25,0,Lost / Hibernating,107.69746344432872,640.8627389053221
16782,5,38,10438.41,3,Champions,1161.775112193648,293.350143671974
16783,432,1,391.95,0,Lost / Hibernating,,
16784,15,5,896.53,1,New / Promising,103.33008236367243,174.89296343254142
16785,405,1,533.78,0,Lost / Hibernating,,
16786,389,1,51.839999999999996,0,Lost / Hibernating,,
16787,393,4,1035.43,2,At-Risk,85.4539901992657,269.4621156599911
16788,118,5,1950.3,2,At-Risk,208.91948132208762,386.8420768989722
16789,3,1,80.8,1,New / Promising,,
16790,11,5,1366.1200000000001,1,New / Promising,721.401828430764,178.86580304564347
16791,24,15,4038.69,3,Champions,431.5564666829938,311.1458572697652
16792,277,5,623.46,2,At-Risk,53.29562347968896,141.77904262628834
16793,52,1,243.84,1,New / Promising,,
16794,6,14,1990.25,3,Champions,237.23138525656952,146.70319915214787
16795,360,3,2492.39,2,At-Risk,249.4558431494449,947.9900129904682
16796,84,1,305.62,0,Lost / Hibernating,,
16797,388,5,1827.77,2,At-Risk,152.51415918180464,416.72986210189225
16798,549,3,848.71,2,At-Risk,53.5154545094302,327.45503533718545
16799,427,2,495.98,0,Lost / Hibernating,33.62165845709984,261.6045473360871
16800,6,1,1201.49,1,New / Promising,,
16801,158,4,1619.73,2,At-Risk,226.76648111499873,294.1946065436546
16802,674,2,582.61,0,Lost / Hibernating,24.9805943825392,338.7173143783943
16803,60,1,332.3,1,New / Promising,,
16804,18,3,536.99,1,New / Promising,180.43229329808904,435.161325471538
16805,169,5,1097.24,2,At-Risk,134.89742519883072,274.1964080961852
16806,98,4,801.49,2,At-Risk,186.43100174481052,191.29419850279214
16807,138,6,2123.88,2,At-Risk,258.72266113922853,373.0810101524203
16808,94,2,288.42,0,Lost / Hibernating,53.35939254429566,135.01673017726353
16809,18,9,1727.43,3,Champions,209.44653212140759,184.9545747653861
16810,187,2,842.0400000000001,2,At-Risk,86.85815922904274,324.61045776837454
16811,12,1,314.77,1,New / Promising,,
16812,356,4,2392.0,2,At-Risk,30.219838353897387,432.81563537794966
16813,3,10,1692.98,3,Champions,528.9996334025197,166.68404404625537
16814,9,36,12499.710000000001,3,Champions,1560.3887980255136,333.10396793593327
16815,449,2,410.97,0,Lost / Hibernating,28.897280519733208,191.53510340064506
16816,98,4,417.06,2,At-Risk,85.48942588428605,118.06675862922454
16817,28,12,2587.57,3,Champions,437.323697445301,212.37655173920456
16818,6,11,3349.57,3,Champions,980.3864377081625,280.97662164421536
16819,460,2,182.59,0,Lost / Hibernating,,
16820,91,1,497.61,0,Lost / Hibernating,,
16821,377,1,113.35,0,Lost / Hibernating,,
16822,681,1,181.39,0,Lost / Hibernating,,
16823,222,7,2260.09,2,At-Risk,230.83465234504303,347.683442410243
16824,11,3,686.24,1,New / Promising,118.39668388099363,237.40129209345773
16825,34,5,1826.89,1,New / Promising,249.44122513912066,369.78267853507805
16826,46,1,341.7,1,New / Promising,,
16827,388,5,392.13,2,At-Risk,24.723653325784475,89.07461474270768
16828,88,2,128.5,0,Lost / Hibernating,18.902701424929337,26.9719516139889
16829,152,2,513.32,0,Lost / Hibernating,61.47008067332931,211.10887220695471
16830,34,4,1207.5,1,New / Promising,122.74460352256654,307.3234984449771
16831,560,1,91.8,0,Lost / Hibernating,,
16832,179,5,417.61,2,At-Risk,55.823543970307796,79.78293244253787
16833,255,5,1973.8,2,At-Risk,233.7271687509242,559.4785015250529
16834,223,2,898.96,2,At-Risk,77.2168204460408,429.62367688823514
16835,123,6,1538.41,2,At-Risk,188.6822989646538,250.21519615459133
16836,35,4,782.37,1,New / Promising,94.76519519196904,191.769180069668
16837,26,11,3170.98,3,Champions,926.2168872895122,379.73554080285464
16838,193,4,1159.61,2,At-Risk,115.40241008030455,277.65387521829405
16839,4,44,22310.49,3,Champions,2702.4634150861793,536.6572665529675
16840,598,2,139.85,0,Lost / Hibernating,4.3607440931065735,44.25184044144865
16841,32,12,4006.06,3,Champions,454.93308517784703,338.90265853333284
16842,96,3,1264.19,2,At-Risk,227.66988413274387,379.6316223000217
16843,38,35,19571.43,3,Champions,2134.0414056637546,725.3877950038742
16844,558,2,614.34,0,Lost / Hibernating,26.5621556069482,327.0862313138293
16845,614,1,253.88,0,Lost / Hibernating,,
16846,45,3,842.41,1,New / Promising,80.74423354606424,250.4240776459776
16847,38,2,614.89,1,New / Promising,41.99397215569559,207.28910730825308
16848,48,4,1411.62,1,New / Promising,153.77035936311023,337.43699292394905
16849,182,1,124.57,0,Lost / Hibernating,,
16850,329,1,332.41,0,Lost / Hibernating,,
16851,38,2,239.45999999999998,1,New / Promising,164.1110380815913,141.53458298060363
16852,5,2,144.91000000000003,1,New / Promising,25.529200902477303,43.999210487830815
16854,412,2,1408.96,2,At-Risk,21.641661796384653,131.20707047670663
16855,19,2,328.4,1,New / Promising,246.28001889317534,190.87826552123866
16856,10,3,358.49,1,New / Promising,42.20240250935568,93.68824411846713
16857,438,1,352.8,0,Lost / Hibernating,,
16858,364,10,4668.28,2,At-Risk,119.90928153177924,487.4650914854769
16859,140,7,1932.41,2,At-Risk,227.35523880439823,337.96990672809983
16860,448,3,1610.62,2,At-Risk,124.53521158401406,555.4869757973453
16861,55,5,946.59,2,At-Risk,144.38698959643614,205.75578624397681
16862,543,4,662.33,2,At-Risk,21.87390194446581,170.06386043968536
16863,26,3,998.52,1,New / Promising,163.80775744708228,341.146300425979
16864,429,2,409.25,0,Lost / Hibernating,51.28834830018624,312.4741147965738
16865,397,1,130.95,0,Lost / Hibernating,,
16866,136,3,207.73999999999998,0,Lost / Hibernating,40.94392488624209,55.52962276967095
16867,685,1,76.74000000000001,0,Lost / Hibernating,,
16868,389,3,393.39,0,Lost / Hibernating,28.861952881437333,111.16923530012058
16869,18,4,825.42,1,New / Promising,266.9586681669306,201.89431530159237
16870,464,1,450.15999999999997,0,Lost / Hibernating,,
16871,17,6,2812.34,3,Champions,694.7892471983555,573.7460084006615
16872,72,6,1213.13,2,At-Risk,204.66923269247906,222.33715239454241
16873,57,11,12762.56,3,Champions,1434.097433673333,1132.5341185491573
16874,375,1,217.74,0,Lost / Hibernating,,
16875,62,11,4234.53,3,Champions,441.8133867223212,450.79175536707527
16876,399,1,136.01,0,Lost / Hibernating,,
16877,7,6,853.72,1,New / Promising,287.1254983947712,157.86090898659603
16878,79,1,13.3,0,Lost / Hibernating,,
16880,26,8,1840.86,3,Champions,266.2361433939635,255.57195771133942
16881,62,1,432.0,1,New / Promising,,
16882,62,3,705.12,1,New / Promising,208.97512206990012,355.3049985739715
16883,183,19,2396.59,2,At-Risk,183.57099545271026,135.33765123892982
16884,33,4,1073.92,1,New / Promising,119.65728355704775,334.11972605221496
16885,10,4,710.74,1,New / Promising,113.96567064207589,161.6279202167209
16886,451,1,134.0,0,Lost / Hibernating,,
16887,30,3,660.72,1,New / Promising,64.4594643537294,227.47964844981658
16888,396,3,437.15,0,Lost / Hibernating,31.070152480944813,125.02636373250084
16889,190,6,2530.9,2,At-Risk,313.7438190334848,438.03023834306777
16890,472,3,285.41,0,Lost / Hibernating,10.885562429891088,64.74257758162346
16891,31,10,1940.8700000000001,3,Champions,192.16770876380937,181.84713875353674
16892,11,5,627.18,1,New / Promising,69.10112672825947,135.68341764846906
16893,362,2,401.77,0,Lost / Hibernating,47.39072325885496,306.7444674485214
16894,497,3,1324.06,2,At-Risk,3.1659403465066607,28.99299124293156
16895,60,5,1121.42,2,At-Risk,135.80617445341352,246.3213611956758
16896,550,1,103.95,0,Lost / Hibernating,,
16897,294,2,289.78,0,Lost / Hibernating,19.168256300403744,89.37155015759355
16898,21,5,1016.37,1,New / Promising,132.27858547320307,209.40027128968677
16899,3,8,1721.02,3,Champions,302.6553373690901,207.7806034186046
16900,12,3,887.11,1,New / Promising,132.32252484340805,73.44286387703522
16901,724,1,204.26,0,Lost / Hibernating,,
16902,111,1,1706.88,2,At-Risk,,
16903,24,3,1062.28,1,New / Promising,150.67078967572735,317.6138102843742
16904,24,20,4783.35,3,Champions,881.6977899650981,270.7635232366664
16905,14,16,4699.45,3,Champions,521.7697642066622,344.97942344713255
16906,77,7,1448.8,2,At-Risk,169.86303752072774,223.05063791421009
16907,24,9,1707.9,3,Champions,259.2294116401286,202.1306758110749
16908,717,1,252.59,0,Lost / Hibernating,,
16909,67,1,379.14,1,New / Promising,,
16910,4,7,1323.26,1,New / Promising,773.1435807099618,204.2161862129386
16911,631,2,255.25,0,Lost / Hibernating,8.85872211209372,128.93340089414613
16912,24,15,4480.31,3,Champions,486.52990848473985,456.99540275191777
16913,286,3,423.90999999999997,0,Lost / Hibernating,22.79649122154715,126.44752215054665
16914,31,1,208.46,1,New / Promising,,
16915,4,11,1543.18,3,Champions,185.79114236558553,125.6429145944469
16916,19,4,1123.4,1,New / Promising,224.56538903670915,340.3480971052974
16917,272,2,1857.83,2,At-Risk,75.70614954521963,407.4528721587342
16918,45,16,3213.29,3,Champions,344.84830480465945,231.20754657212527
16919,151,24,5125.91,3,Champions,148.25156811765663,237.2957850393728
16920,406,1,355.45,0,Lost / Hibernating,,
16921,56,3,446.67,1,New / Promising,50.49277480561851,148.24723183463973
16922,568,1,611.08,0,Lost / Hibernating,,
16923,8,32,13378.36,3,Champions,1564.3405029172234,458.9606815681933
16924,17,3,846.75,1,New / Promising,453.96209096801095,295.20215425246147
16925,535,1,125.65,0,Lost / Hibernating,,
16926,366,5,1421.35,2,At-Risk,64.13349163551909,253.40730289046402
16927,111,3,543.05,2,At-Risk,87.35998713394893,169.20130090776027
16928,75,29,4113.23,3,Champions,466.84446752434275,148.67662717791254
16929,12,6,1089.45,1,New / Promising,394.2283087019775,174.76410244973425
16930,21,3,380.55,1,New / Promising,195.18475876235362,187.07871101882648
16931,1,23,4839.56,3,Champions,915.5148089456906,220.79046002100125
16932,48,3,440.71,1,New / Promising,59.305137409644246,166.3263362855907
16933,234,8,2842.75,2,At-Risk,249.85518987220462,379.6004867449286
16934,50,6,2110.9900000000002,2,At-Risk,256.31918724407683,436.25567950634945
16935,377,3,535.1,0,Lost / Hibernating,22.65673482527793,139.99930011264627
16936,21,2,551.17,1,New / Promising,85.50817582756741,277.25749926224796
16937,494,1,202.1,0,Lost / Hibernating,,
16938,4,9,7043.18,3,Champions,811.6348520146273,774.1387728008935
16939,484,3,449.0,0,Lost / Hibernating,28.008663835699167,145.9301711863527
16940,48,8,6427.66,3,Champions,693.6401028667008,827.3019467141422
16941,607,1,33.0,0,Lost / Hibernating,,
16942,8,9,1920.59,3,Champions,544.0820733250632,235.6706525299695
16943,207,5,1299.49,2,At-Risk,146.75075144159774,268.14816709529237
16944,605,1,101.36,0,Lost / Hibernating,,
16945,17,33,8548.16,3,Champions,941.9184386736424,375.26398982888753
16946,378,5,1222.04,2,At-Risk,50.8158646576118,143.97249058255636
16947,231,5,955.21,2,At-Risk,63.679526816322266,153.3893314898528
16948,134,7,868.77,2,At-Risk,100.35545898392877,128.48311888722463
16949,36,5,1204.23,1,New / Promising,302.75391190945015,286.1199399823216
16950,52,10,3784.37,3,Champions,425.3679653858575,378.377799102706
16951,130,3,1277.75,2,At-Risk,68.54958730755267,118.4420916083013
16952,105,5,798.78,2,At-Risk,73.55434126736849,186.79190843930675
16953,25,1,20.8,0,Lost / Hibernating,,
16954,2,19,5910.28,3,Champions,664.9733178235218,322.4822530893592
16955,180,6,1309.41,2,At-Risk,127.93238386412946,202.56398347026902
16956,13,1,308.74,1,New / Promising,,
16957,234,2,416.64,0,Lost / Hibernating,95.09289648418202,316.7890344043664
16958,430,1,809.44,0,Lost / Hibernating,,
16959,82,1,117.35000000000001,0,Lost / Hibernating,,
16960,34,8,2043.43,3,Champions,216.50062014759553,230.5058286204575
16961,111,3,794.56,2,At-Risk,121.02193892192881,323.7859371305704
16962,405,1,251.04,0,Lost / Hibernating,,
16963,182,1,110.55000000000001,0,Lost / Hibernating,,
16964,729,2,207.85,0,Lost / Hibernating,,
16965,222,1,201.19,0,Lost / Hibernating,,
16966,3,7,2154.97,3,Champions,563.5063096314451,293.419291394605
16967,184,1,319.02,0,Lost / Hibernating,,
16968,103,1,253.31,0,Lost / Hibernating,,
16969,35,3,650.41,1,New / Promising,117.67651184838473,133.0631966535658
16970,621,1,71.4,0,Lost / Hibernating,,
16971,33,1,357.21,1,New / Promising,,
16972,378,2,786.25,0,Lost / Hibernating,93.46952144659645,510.4551568477969
16973,381,1,127.0,0,Lost / Hibernating,,
16974,518,2,365.5,0,Lost / Hibernating,31.45938283609402,290.97025314462394
16975,418,3,926.12,2,At-Risk,57.703046289905465,313.03497676899576
16976,262,1,251.51999999999998,0,Lost / Hibernating,,
16977,390,4,496.0,2,At-Risk,47.722081702471925,184.70701045215384
16978,73,3,768.88,1,New / Promising,67.73603215859768,359.76644211383206
16979,12,8,2628.0,3,Champions,435.3305900460101,333.9310697336495
16980,250,3,1473.3300000000002,2,At-Risk,213.4839622656479,548.1789363556765
16982,56,1,384.06,1,New / Promising,,
16983,8,11,3710.22,3,Champions,652.6334088578515,355.5993060977572
16984,83,9,10754.8,3,Champions,1183.2752453739524,1120.1465283701193
16985,12,23,10923.16,3,Champions,1195.9903347732857,647.5901733447737
16986,25,11,4888.75,3,Champions,309.1371963609472,462.68156388214766
16987,37,10,2303.97,3,Champions,254.76953258270777,270.0703348405169
16988,375,1,256.55,0,Lost / Hibernating,,
16989,2,6,1133.25,1,New / Promising,133.5549404177475,57.568093325893685
16990,214,2,344.0,0,Lost / Hibernating,50.350487600323085,192.69720118728708
16991,416,1,1041.21,0,Lost / Hibernating,,
16992,6,13,5476.5,3,Champions,682.9559790437484,448.16472456314204
16993,459,2,1950.9499999999998,2,At-Risk,191.06087132940866,1255.9156239832973
16996,25,9,2123.61,3,Champions,344.6814614762453,248.1692402511598
16997,283,3,702.0,2,At-Risk,44.97984614482284,162.69242121246378
16998,145,5,402.0,2,At-Risk,60.62634779425642,102.58637347780524
16999,18,2,484.82,1,New / Promising,253.72522117051096,253.31828485742219
17000,391,2,406.3,0,Lost / Hibernating,31.61368247804665,228.651496186177
17001,17,18,6233.12,3,Champions,753.9450379324471,354.4538210083808
17002,81,7,2571.55,2,At-Risk,327.6923230441563,474.3638871803019
17003,398,4,830.16,2,At-Risk,88.26740274903821,350.57035403886005
17004,41,4,2425.16,2,At-Risk,402.3374091685247,624.5743907713301
17005,466,2,742.36,0,Lost / Hibernating,45.54744072876156,303.4602780514896
17006,13,7,1389.26,1,New / Promising,167.31126040115765,203.71030848979115
17007,46,7,1120.1,2,At-Risk,176.50674225728596,180.700462307194
17008,424,1,81.36,0,Lost / Hibernating,,
17009,546,1,242.06,0,Lost / Hibernating,,
17010,13,1,195.36,1,New / Promising,,
17011,25,3,671.7,1,New / Promising,56.07808601043655,176.3535293296961
17012,720,1,384.16,0,Lost / Hibernating,,
17014,3,3,586.33,1,New / Promising,365.1443115146302,206.05814631749712
17015,24,3,1842.56,1,New / Promising,608.8587308453062,668.3544680271353
17016,572,1,552.4,0,Lost / Hibernating,,
17017,5,28,13480.01,3,Champions,1503.3972492677985,661.0541468760327
17018,36,6,2287.7,2,At-Risk,240.55980301383482,390.37100896751315
17019,7,11,4012.2,3,Champions,447.85018902348804,423.49331755646665
17020,538,2,935.62,0,Lost / Hibernating,79.2932345077329,637.0833947991994
17021,437,6,1182.22,2,At-Risk,14.582016094744894,178.8085231763898
17022,26,2,260.0,1,New / Promising,23.30174195111836,83.5610612243834
17023,412,3,800.18,2,At-Risk,81.6157872594108,336.51217912940496
17024,40,3,95.85,1,New / Promising,38.85862016998,38.34517514170282
17025,56,5,1510.6399999999999,2,At-Risk,100.45464469164367,225.32562428726484
17026,180,3,208.98,0,Lost / Hibernating,43.95492261467267,100.35796099542345
17027,74,9,1327.1100000000001,2,At-Risk,143.42907807978918,171.53384060766646
17028,576,3,1593.83,2,At-Risk,88.38663546176275,652.2003835941756
17029,106,7,2137.3,2,At-Risk,245.67388191535287,313.54253956983996
17030,59,1,146.87,0,Lost / Hibernating,,
17031,7,6,2773.85,3,Champions,142.42855725770687,186.0956955064788
17032,543,8,3004.6,2,At-Risk,55.30670597396715,544.3770735446891
17033,81,4,1332.79,2,At-Risk,234.13537876031512,348.48633761381143
17034,11,5,1283.92,1,New / Promising,193.0844256918194,275.1313413300572
17035,241,4,613.59,2,At-Risk,71.10665170550759,190.8894606887641
17036,378,1,176.9,0,Lost / Hibernating,,
17037,83,1,1267.32,1,New / Promising,,
17038,25,2,743.17,1,New / Promising,36.21343659367976,125.39658154349647
17039,600,1,1954.99,2,At-Risk,,
17040,133,2,463.25,0,Lost / Hibernating,102.5829347023543,466.27523055911035
17041,22,6,1686.28,1,New / Promising,225.5047449229429,370.354165873745
17042,116,4,922.8199999999999,2,At-Risk,203.79826144104658,221.20131251291306
17043,27,8,2616.55,3,Champions,270.81271955122696,321.60416590972835
17044,20,12,11962.3,3,Champions,1289.9160208948479,1099.4957245897408
17045,108,5,827.6800000000001,2,At-Risk,95.0501729513143,119.99508759269277
17046,152,5,1906.07,2,At-Risk,233.23722682114214,521.2491752727689
17047,80,6,2289.23,2,At-Risk,249.94954521245137,495.85829979654045
17048,113,7,2071.68,2,At-Risk,235.57128197765678,312.1818453640143
17049,16,18,9551.48,3,Champions,1160.601457969439,639.2346993231988
17050,91,11,4691.79,3,Champions,540.7692351104104,440.65284938832235
17051,189,4,714.39,2,At-Risk,81.3103455721479,186.79190843930675
17052,23,1,413.75,1,New / Promising,,
17053,126,1,498.48,0,Lost / Hibernating,,
17054,24,5,1356.33,1,New / Promising,344.9550759584468,264.17532748219037
17055,441,1,239.55,0,Lost / Hibernating,,
17056,734,1,128.60000000000002,0,Lost / Hibernating,,
17057,591,1,294.74,0,Lost / Hibernating,,
17058,77,3,1179.89,2,At-Risk,222.35610201190948,306.0234808810123
17059,25,9,5602.53,3,Champions,658.3827421646033,648.8344658718662
17060,261,1,234.24,0,Lost / Hibernating,,
17061,69,11,5232.2300000000005,3,Champions,983.2988656339594,413.6847184435501
17062,309,6,1208.22,2,At-Risk,46.24937882524054,205.27562927956782
17063,16,13,3638.53,3,Champions,395.67630599992015,375.05729160499965
17064,54,3,859.35,1,New / Promising,209.11056611797653,363.4875901909156
17065,633,2,194.7,0,Lost / Hibernating,,
17066,721,1,228.34,0,Lost / Hibernating,,
17067,720,3,454.54,0,Lost / Hibernating,10.204042786118572,241.92972654833028
17068,8,47,9161.08,3,Champions,1165.3166610155718,193.94217742964173
17069,23,14,5794.28,3,Champions,616.5090679117505,482.7679022017707
17070,109,2,445.32,0,Lost / Hibernating,93.05089428922638,327.23780928599996
17071,23,13,3801.2000000000003,3,Champions,435.5520173076816,318.92739048479746
17072,620,1,282.05,0,Lost / Hibernating,,
17073,13,4,1446.09,1,New / Promising,615.5655896189717,335.829082338753
17074,558,1,203.05,0,Lost / Hibernating,,
17075,13,10,2241.73,3,Champions,246.5381799656613,229.7903724700008
17076,31,6,1242.75,1,New / Promising,146.46614374356304,237.84744575608218
17077,573,1,306.0,0,Lost / Hibernating,,
17078,31,2,378.2,1,New / Promising,,
17079,73,1,118.80000000000001,0,Lost / Hibernating,,
17080,18,7,957.53,1,New / Promising,112.84427445473571,114.56062933829213
17081,21,6,964.39,1,New / Promising,118.54532072738971,173.00043037864558
17082,28,6,4732.03,3,Champions,492.89247093263646,961.3823610857331
17083,104,9,4049.79,2,At-Risk,444.5568887985328,439.64474990814466
17084,30,3,5202.97,2,At-Risk,898.7073253023016,2992.594977133726
17085,118,28,7891.41,3,Champions,753.2794639603445,321.785460362406
17086,2,6,2050.08,3,Champions,1300.8101960947647,330.54845481987115
17087,733,1,221.53,0,Lost / Hibernating,,
17088,23,4,1991.01,1,New / Promising,328.4135903420112,330.10254401134813
17089,381,1,128.45,0,Lost / Hibernating,,
17090,48,12,2925.44,3,Champions,385.2605229493213,237.88476172508445
17091,27,18,7360.3,3,Champions,826.0408395634033,473.3612665546642
17092,45,11,5594.96,3,Champions,674.1292935587201,591.7279145156339
17093,588,1,235.88,0,Lost / Hibernating,,
17094,318,2,402.20000000000005,0,Lost / Hibernating,70.35538901351454,316.9911383672607
17095,18,7,2572.25,3,Champions,281.0072281710503,381.0012504733798
17096,10,11,3759.18,3,Champions,474.1576066643323,313.8238165596902
17097,5,8,1196.3,1,New / Promising,196.21453973410297,166.40224379852762
17098,377,3,591.0699999999999,0,Lost / Hibernating,40.39053405567434,152.43905088164922
17099,528,1,582.17,0,Lost / Hibernating,,
17100,13,2,971.74,1,New / Promising,,
17101,5,7,2507.05,3,Champions,372.099031980606,392.40436878723153
17102,257,1,25.5,0,Lost / Hibernating,,
17103,717,1,424.3,0,Lost / Hibernating,,
17104,419,1,474.03,0,Lost / Hibernating,,
17105,154,2,665.78,0,Lost / Hibernating,125.34805365259373,361.83800773349833
17106,384,1,491.23,0,Lost / Hibernating,,
17107,28,10,16075.42,3,Champions,1849.359182299916,1811.4473595044108
17108,659,1,174.95,0,Lost / Hibernating,,
17109,24,8,1295.46,1,New / Promising,197.37729501379812,224.96061460028676
17110,161,3,510.7,2,At-Risk,53.45444997895231,163.49660712076297
17111,42,2,476.58,1,New / Promising,74.11307616841214,263.0394854726364
17112,498,1,205.17,0,Lost / Hibernating,,
17113,569,6,2322.59,2,At-Risk,18.713290442143087,455.85167956643244
17114,1,8,808.62,1,New / Promising,163.83252703505448,97.01158359972695
17115,3,7,2761.4900000000002,3,Champions,284.86265456574347,390.51609253350296
17116,643,1,389.78,0,Lost / Hibernating,,
17117,283,1,116.19999999999999,0,Lost / Hibernating,,
17118,313,1,157.02,0,Lost / Hibernating,,
17119,55,1,547.25,1,New / Promising,,
17120,228,1,307.46,0,Lost / Hibernating,,
17121,398,1,314.74,0,Lost / Hibernating,,
17122,114,4,570.5,2,At-Risk,87.78664971903821,160.61440321134492
17123,157,3,977.17,2,At-Risk,134.11649388136675,387.768978459624
17124,180,1,298.89,0,Lost / Hibernating,,
17125,45,1,259.35,1,New / Promising,,
17126,147,9,2070.44,2,At-Risk,301.99065268127276,300.5349707875239
17127,424,5,1155.0300000000002,2,At-Risk,81.81286167652613,257.8639015227009
17128,330,1,157.09,0,Lost / Hibernating,,
17129,515,1,31.85,0,Lost / Hibernating,,
17131,1,5,2463.17,1,New / Promising,1299.2275111408412,563.6529874085818
17132,447,2,1272.8,2,At-Risk,80.54803132663741,614.7205913049488
17133,11,12,14622.33,3,Champions,1626.0836589291562,1203.292780439272
17134,102,3,637.1,2,At-Risk,96.42117069338133,219.48805098609347
17135,11,10,1954.16,3,Champions,267.1912238220168,256.4029138243569
17136,658,1,231.68,0,Lost / Hibernating,,
17137,411,6,1133.63,2,At-Risk,57.23286438410099,186.73628656939127
17138,271,7,4417.27,2,At-Risk,285.4505502458653,450.84576753658206
17139,11,25,19584.46,3,Champions,2282.74665669781,1118.399649495749
17140,242,1,465.32,0,Lost / Hibernating,,
17141,413,4,754.33,2,At-Risk,57.91409943484893,363.36389265335004
17142,234,4,1283.75,2,At-Risk,141.77865144948575,357.88896567358665
17143,412,2,924.11,0,Lost / Hibernating,46.948050971070046,277.1766576770903
17144,80,1,595.89,1,New / Promising,,
17145,508,4,3120.91,2,At-Risk,193.23668603865954,1123.634267686863
17146,101,13,5860.24,3,Champions,589.3217742364923,404.3784055031974
17147,18,9,3199.95,3,Champions,369.14296186155457,370.73758187131955
17148,47,1,124.88,0,Lost / Hibernating,,
17149,446,1,143.10000000000002,0,Lost / Hibernating,,
17150,372,6,1375.65,2,At-Risk,103.20464732791208,250.13903758788527
17151,730,1,231.90000000000003,0,Lost / Hibernating,,
17152,190,4,2016.5,2,At-Risk,366.18135869878495,855.0462266387904
17153,19,1,213.78,1,New / Promising,,
17154,70,1,329.34,0,Lost / Hibernating,,
17155,13,7,892.46,1,New / Promising,92.36790584228109,127.06899865123161
17156,487,1,591.87,0,Lost / Hibernating,,
17157,3,19,5151.9,3,Champions,553.3100330403345,284.3759767499275
17158,27,5,1980.0,1,New / Promising,242.84502978692203,424.4023302758388
17159,17,5,2099.59,1,New / Promising,264.61755202095264,463.70211090285864
17160,26,17,10209.16,3,Champions,1074.7015269683004,587.5642428480845
17161,439,1,856.01,0,Lost / Hibernating,,
17162,24,10,1715.46,3,Champions,348.00635323135197,261.09184198390733
17163,17,4,699.78,1,New / Promising,81.61015513435801,190.73893836123298
17164,28,7,2467.35,3,Champions,555.0850464643518,464.1858699219934
17165,279,6,1794.32,2,At-Risk,154.43967962115545,286.6670911875007
17166,34,2,206.34,1,New / Promising,47.048550314684505,91.3925897865362
17167,375,3,867.11,2,At-Risk,64.01377631731542,312.1805292414279
17168,494,1,400.2,0,Lost / Hibernating,,
17169,53,3,1156.73,1,New / Promising,150.1214484619165,425.95273061805455
17170,369,2,178.68,0,Lost / Hibernating,18.45329157414841,119.13135869377422
17171,284,2,384.59,0,Lost / Hibernating,42.611026283195855,239.09016586966584
17172,74,3,956.5699999999999,2,At-Risk,90.73646535991526,317.37255451188446
17173,5,7,3209.4,3,Champions,1406.6396106372786,552.8132234060097
17174,213,1,59.9,0,Lost / Hibernating,,
17175,39,4,1443.69,1,New / Promising,272.89095572612837,313.1871793374658
17176,197,3,902.3199999999999,2,At-Risk,93.17585550515096,315.47769146545454
17177,500,1,119.5,0,Lost / Hibernating,,
17178,726,1,436.71,0,Lost / Hibernating,,
17179,173,6,1507.26,2,At-Risk,194.7105240507592,265.7094561336668
17180,51,11,2256.98,3,Champions,260.95383628675995,233.04858568969317
17181,52,3,465.37,1,New / Promising,70.27260355120943,204.63071633026613
17182,418,2,321.3,0,Lost / Hibernating,24.11289674592819,156.11638390342495
17183,3,6,3347.31,3,Champions,1787.918626343741,607.1303148499239
17184,564,2,198.41000000000003,0,Lost / Hibernating,20.015593404963244,161.22961416464986
17185,587,3,229.46,0,Lost / Hibernating,7.556655570690699,118.63620398468328
17186,42,2,144.0,1,New / Promising,90.60525365312479,84.57158103885472
17187,222,2,467.71,0,Lost / Hibernating,48.00504668739797,217.90967055834676
17188,6,13,4592.93,3,Champions,501.1536557215352,389.15021236169133
17189,101,5,957.63,2,At-Risk,92.26885224062225,185.19728119245462
17190,54,7,1743.04,2,At-Risk,192.1617510932649,338.20800307372406
17191,23,15,4836.05,3,Champions,531.5826808306166,417.3041297005072
17192,531,1,77.83,0,Lost / Hibernating,,
17193,31,9,2310.04,3,Champions,275.3479959827488,380.1147122852897
17194,269,3,812.5,2,At-Risk,46.74525913992282,137.8732336175803
17195,651,1,562.98,0,Lost / Hibernating,,
17196,423,1,352.9,0,Lost / Hibernating,,
17197,25,1,1013.01,1,New / Promising,,
17198,19,3,1213.88,1,New / Promising,179.16306470869037,342.5586519274295
17199,577,1,145.12,0,Lost / Hibernating,,
17200,383,4,356.71,0,Lost / Hibernating,34.654807785797615,205.4802768403494
17201,49,4,1242.04,1,New / Promising,111.31671534220783,258.53419468123434
17202,416,1,160.65,0,Lost / Hibernating,,
17203,31,10,5575.88,3,Champions,833.8079550923651,1195.9972853666754
17204,170,9,5504.6900000000005,2,At-Risk,757.4612371801875,871.0197904783261
17205,49,3,999.35,1,New / Promising,133.37702536438366,369.9713390765778
17206,48,1,204.24,1,New / Promising,,
17207,647,1,303.21999999999997,0,Lost / Hibernating,,
17208,391,1,115.35,0,Lost / Hibernating,,
17209,644,3,611.6,0,Lost / Hibernating,11.639417840705677,152.2380044045744
17210,388,1,253.37,0,Lost / Hibernating,,
17211,22,13,4046.65,3,Champions,430.3022584233709,306.23326213732065
17212,248,3,794.41,2,At-Risk,65.82167249183493,179.7260839826258
17213,35,13,5182.3,3,Champions,575.6727539604285,444.9020663187667
17214,55,6,1069.1200000000001,2,At-Risk,209.5519406031578,182.33185897295095
17215,459,1,186.15,0,Lost / Hibernating,,
17216,550,1,65.05,0,Lost / Hibernating,,
17217,229,2,218.0,0,Lost / Hibernating,24.35322507554251,126.50815333941493
17218,6,17,4083.99,3,Champions,455.01775958175256,231.89720531200254
17219,27,2,259.13,1,New / Promising,36.662605900798454,127.245832803979
17220,19,21,4481.75,3,Champions,508.9892168697985,319.35890673433863
17221,2,5,978.52,1,New / Promising,92.87500704091103,196.72303711574665
17222,60,6,1605.01,2,At-Risk,183.19442745854698,285.0837946691371
17223,305,3,873.53,2,At-Risk,106.0727273431432,367.5738598374608
17224,496,1,100.86,0,Lost / Hibernating,,
17225,577,1,131.15,0,Lost / Hibernating,,
17226,304,3,900.12,2,At-Risk,69.08399522442659,244.36252636217253
17227,14,12,2022.03,3,Champions,224.49627156929336,166.12277758764185
17228,11,13,3177.24,3,Champions,404.89773549495783,255.29407111543304
17229,91,2,318.76,0,Lost / Hibernating,107.65445656406092,174.55837051752673
17230,259,18,9924.95,3,Champions,486.44748164947816,741.5508409429708
17231,7,25,7197.04,3,Champions,790.2764622046373,329.8483326484516
17232,10,1,208.04,1,New / Promising,,
17233,30,3,560.86,1,New / Promising,56.99230475842893,197.62424660420947
17234,178,1,149.89000000000001,0,Lost / Hibernating,,
17235,20,8,1904.8799999999999,3,Champions,279.1521933081193,257.41727951738847
17236,8,12,1929.26,3,Champions,225.54684033625392,155.52547567012894
17237,6,4,1002.08,1,New / Promising,102.81428197500222,144.3914412441056
17238,2,31,7644.43,3,Champions,834.209828022598,274.36582948563836
17239,308,4,1189.45,2,At-Risk,120.69433513510327,298.5998933293977
17240,591,1,130.6,0,Lost / Hibernating,,
17241,381,12,2744.14,2,At-Risk,12.545032007037362,221.63384403216344
17242,103,5,2889.28,2,At-Risk,328.2737028281913,616.5323630982332
17243,1,68,20285.56,3,Champions,2198.664796820059,308.8213451307555
17244,48,5,1826.04,2,At-Risk,225.47977488435896,792.6665309644081
17245,200,2,371.63,0,Lost / Hibernating,32.8702855455689,185.06777658802852
17246,542,2,38.92,0,Lost / Hibernating,3.5833182054264014,27.416580332356283
17247,10,1,282.19,1,New / Promising,,
17248,115,2,546.16,0,Lost / Hibernating,82.81797124322765,333.8162932782083
17249,424,1,68.03,0,Lost / Hibernating,,
17250,256,1,162.65,0,Lost / Hibernating,,
17251,358,3,812.4300000000001,2,At-Risk,66.41991789230929,260.2150410795201
17252,112,2,353.86,0,Lost / Hibernating,12.093999094891073,23.839340189127775
17253,14,1,178.26,1,New / Promising,,
17254,10,2,368.6,1,New / Promising,54.897302505906,183.91578399953121
17255,36,4,799.13,1,New / Promising,88.74492741506761,143.72245312174525
17256,102,5,498.93,2,At-Risk,55.88923860146424,119.41142475516888
17257,432,2,192.73,0,Lost / Hibernating,,
17258,392,2,417.3,0,Lost / Hibernating,24.249652196215497,146.668023638118
17259,143,6,1889.34,2,At-Risk,217.79334356658168,398.8282718704888
17260,406,1,120.95,0,Lost / Hibernating,,
17261,505,1,230.44,0,Lost / Hibernating,,
17262,48,11,2757.62,3,Champions,311.47031457322635,325.39983442703
17263,203,1,63.440000000000005,0,Lost / Hibernating,,
17264,420,1,279.59,0,Lost / Hibernating,,
17265,134,2,562.9,0,Lost / Hibernating,94.42342319537721,192.50520242253754
17266,143,3,320.15,0,Lost / Hibernating,34.10798762371598,108.1434858201449
17267,122,2,317.62,0,Lost / Hibernating,,
17268,103,11,1733.8899999999999,2,At-Risk,182.82222545838263,159.15380043208546
17269,381,1,537.46,0,Lost / Hibernating,,
17270,464,2,604.4,0,Lost / Hibernating,33.45829665238578,228.85360014907127
17271,731,1,210.39,0,Lost / Hibernating,,
17272,37,4,2148.63,1,New / Promising,483.49426653314447,502.6245459462557
17273,419,1,141.12,0,Lost / Hibernating,,
17274,30,2,577.38,1,New / Promising,37.61183042467505,124.9721632214185
17275,378,1,114.52,0,Lost / Hibernating,,
17276,397,1,508.39,0,Lost / Hibernating,,
17277,223,2,1065.3500000000001,2,At-Risk,110.25685268152608,363.80852137171746
17278,237,2,271.24,0,Lost / Hibernating,53.8026615259429,260.4424495494451
17279,53,1,187.82999999999998,0,Lost / Hibernating,,
17280,433,1,118.85999999999999,0,Lost / Hibernating,,
17281,369,6,797.8499999999999,2,At-Risk,53.47941211322386,139.69909499999906
17282,125,5,2339.66,2,At-Risk,320.4001753314308,500.03918085310454
17283,374,1,188.46,0,Lost / Hibernating,,
17284,55,8,2793.16,2,At-Risk,478.96618154906116,368.4609935718967
17285,623,2,428.34,0,Lost / Hibernating,17.36989949876275,229.52054322662235
17286,17,3,395.48,1,New / Promising,49.99364333490442,167.3533642403461
17287,21,21,4111.96,3,Champions,441.9510518924589,227.9890941401251
17288,4,11,2499.98,3,Champions,471.54999529254167,284.2537915955811
17289,27,9,2079.39,3,Champions,274.48773680262,255.74419241036657
17290,11,7,1329.23,1,New / Promising,160.72565238913566,257.4302182635903
17291,304,1,550.8000000000001,0,Lost / Hibernating,,
17292,467,2,271.75,0,Lost / Hibernating,21.2535403283458,143.5859382039804
17293,3,17,3774.23,3,Champions,421.68105518481457,244.8640182270086
17294,664,2,467.78999999999996,0,Lost / Hibernating,,
17295,24,3,556.95,1,New / Promising,313.61928614876234,292.3243496960155
17296,725,1,338.13,0,Lost / Hibernating,,
17297,12,1,131.78,1,New / Promising,,
17298,96,5,957.5600000000001,2,At-Risk,120.01652456100419,212.36047544304543
17299,7,6,1016.08,1,New / Promising,145.28075391768107,160.3440790957765
17300,386,2,393.64,0,Lost / Hibernating,45.80833432014044,252.15618707078016
17301,16,2,330.43,1,New / Promising,42.62584437186815,211.52318533088797
17302,10,5,1135.63,1,New / Promising,265.5818040748035,241.74695596292426
17303,356,1,250.04,0,Lost / Hibernating,,
17304,529,1,111.5,0,Lost / Hibernating,,
17305,644,1,2135.46,2,At-Risk,,
17306,6,21,9782.35,3,Champions,1769.1698708163708,563.0539203598763
17307,390,11,3999.8900000000003,2,At-Risk,23.786839887733596,386.2962625504752
17308,388,2,4511.76,2,At-Risk,118.29150035070563,685.5479251012443
17309,90,3,330.59000000000003,1,New / Promising,18.749362535946453,61.41525838603559
17310,382,2,1025.1,2,At-Risk,50.45839714903201,274.6503581409119
17311,73,6,3566.56,2,At-Risk,406.8540097290023,615.03878075051
17312,134,3,644.3,2,At-Risk,192.17352891200593,256.4303411485871
17313,26,1,2328.84,1,New / Promising,,
17314,20,17,4904.43,3,Champions,544.6668133800139,297.81384356089075
17315,13,42,9460.42,3,Champions,1554.54346507136,229.18202682024375
17316,415,1,124.45,0,Lost / Hibernating,,
17317,41,3,2600.34,1,New / Promising,422.7299920932556,293.5736777881555
17318,721,1,164.28,0,Lost / Hibernating,,
17319,664,1,29.1,0,Lost / Hibernating,,
17320,95,6,2895.77,2,At-Risk,334.9395159790937,517.8384037326371
17321,3,6,1741.18,1,New / Promising,211.95150531803785,335.17510974132443
17322,371,5,922.59,2,At-Risk,79.16979588964159,205.46753605122805
17323,10,12,1565.59,3,Champions,174.71972532024745,130.09413495308868
17324,13,12,2301.87,3,Champions,263.75135471800917,221.48268667281693
17325,276,3,609.5699999999999,2,At-Risk,77.37809552654103,261.03933163552676
17326,403,2,321.95,0,Lost / Hibernating,28.494357289666006,162.73528868821214
17327,405,2,152.35,0,Lost / Hibernating,28.115730179431985,161.47213892012297
17328,668,1,104.7,0,Lost / Hibernating,,
17329,9,5,1004.4300000000001,1,New / Promising,97.47397378405904,246.42216472589953
17330,18,4,423.8,1,New / Promising,57.34291149701538,128.96123020186337
17331,119,1,175.2,0,Lost / Hibernating,,
17332,523,5,838.27,2,At-Risk,8.956815939457416,145.65436779415978
17333,81,1,494.25,0,Lost / Hibernating,,
17334,297,3,635.15,2,At-Risk,53.16492577672291,160.18939257288255
17335,379,2,508.0,0,Lost / Hibernating,60.56844098370199,368.760068462627
17336,467,1,81.12,0,Lost / Hibernating,,
17337,146,4,2027.8700000000001,2,At-Risk,256.1257395830646,338.7893547801977
17338,12,17,12142.57,3,Champions,1548.198962818771,743.1148258631819
17339,89,3,362.36,1,New / Promising,61.89874978539791,158.3498173076482
17340,25,18,22404.82,3,Champions,2723.8624515152587,1540.3969399886046
17341,152,5,1889.83,2,At-Risk,238.92752583061406,656.7440339760659
17342,375,4,1227.54,2,At-Risk,102.99463501688223,309.9559667064652
17343,350,6,1259.94,2,At-Risk,96.95949429499417,215.31453087511667
17344,42,2,468.11,1,New / Promising,30.37282206171355,174.07332100658044
17345,10,10,1604.68,3,Champions,155.7735795623635,214.78285324198214
17346,7,25,5185.91,3,Champions,685.9382664207689,218.48981347914005
17347,82,1,228.96,0,Lost / Hibernating,,
17348,10,9,2476.41,3,Champions,277.97662039005326,257.62163550360657
17349,174,5,852.25,2,At-Risk,101.26223994170937,182.43509238889726
17350,3,7,1906.041,3,Champions,210.6681626079699,315.753651150807
17351,31,12,1988.23,3,Champions,219.63834271735237,186.81159302403537
17352,691,1,36.25,0,Lost / Hibernating,,
17353,124,4,3242.0,2,At-Risk,437.616101396875,973.943402852205
17354,46,4,3143.46,2,At-Risk,397.2424588418452,1419.5288871443502
17355,381,1,285.11,0,Lost / Hibernating,,
17356,307,5,946.47,2,At-Risk,74.59220890646336,164.57360653213703
17357,19,2,388.14,1,New / Promising,,
17358,298,5,866.05,2,At-Risk,89.4831275596199,190.62641090979147
17359,6,2,284.46,1,New / Promising,27.499495606279414,141.01921787522323
17360,13,6,1231.3799999999999,1,New / Promising,211.43731597816662,332.76177179773066
17361,44,5,880.64,1,New / Promising,71.16882471638607,167.21062609781828
17362,234,7,1024.04,2,At-Risk,99.53503453774238,147.6947854227285
17363,390,3,940.86,2,At-Risk,28.11683042386644,211.53329052903266
17364,2,26,11649.9,3,Champions,1276.0379585456626,467.3544360588404
17365,8,15,8224.98,3,Champions,972.1395534545941,599.2314880840747
17366,427,2,1096.24,2,At-Risk,82.43165309905675,628.4838711780483
17367,233,1,168.4,0,Lost / Hibernating,,
17368,18,14,2826.14,3,Champions,309.43627948233535,219.56640980925403
17369,451,1,979.1999999999999,0,Lost / Hibernating,,
17370,68,4,446.18,1,New / Promising,149.80069881970365,116.12669307437942
17371,12,6,662.55,1,New / Promising,69.20491636565221,173.92057696509295
17372,36,28,4377.56,3,Champions,475.38193590059586,157.00872864740563
17373,35,7,1167.5,1,New / Promising,137.82124303593702,169.54269263430436
17374,214,3,727.11,2,At-Risk,110.81559988570622,255.05819894255163
17375,194,4,660.55,2,At-Risk,78.57620584257454,137.74169930784342
17376,66,4,453.64,1,New / Promising,57.909664235037425,108.40322520172879
17377,19,78,18319.41,3,Champions,1915.6609148083792,254.1427480553926
17378,369,1,10.95,0,Lost / Hibernating,,
17379,6,1,404.66,1,New / Promising,,
17380,429,3,645.0,0,Lost / Hibernating,30.3575909481359,157.56573604705648
17381,4,38,40002.37,3,Champions,4707.427321487916,1180.933890431075
17382,61,8,902.28,2,At-Risk,105.20588772944357,115.62914994163988
17383,448,1,110.69999999999999,0,Lost / Hibernating,,
17384,14,3,507.55,1,New / Promising,75.02738557502117,174.9562563140263
17385,10,1,261.11,1,New / Promising,,
17386,3,7,2812.77,3,Champions,611.1946663821963,676.2878813167517
17387,15,2,784.11,1,New / Promising,650.2437223665904,454.0883615965861
17388,73,11,2691.57,2,At-Risk,288.5604964414353,247.68796715607965
17389,9,58,51347.9,3,Champions,5642.358084077703,1009.2411533746105
17390,416,1,149.3,0,Lost / Hibernating,,
17391,159,2,508.8,0,Lost / Hibernating,50.42759640995407,114.64465071752151
17392,302,3,626.56,2,At-Risk,79.12527019533478,236.02914988742228
17393,406,2,381.15,0,Lost / Hibernating,33.896618854168025,200.32662578654563
17394,214,1,203.86999999999998,0,Lost / Hibernating,,
17395,503,1,97.5,0,Lost / Hibernating,,
17396,34,14,8807.1,3,Champions,1586.560810664976,951.6998496103636
17397,17,3,1233.18,1,New / Promising,206.59066506455133,715.5502583928981
17398,110,3,653.38,2,At-Risk,121.0872367963652,180.63581929138925
17400,121,8,4677.05,2,At-Risk,462.1488808136863,556.4620145772778
17401,536,1,114.85,0,Lost / Hibernating,,
17402,26,22,4809.38,3,Champions,541.7145934393461,247.0496329637012
17403,31,2,400.57,1,New / Promising,79.67982655941012,296.396744548335
17404,21,22,47543.12,3,Champions,5634.022283701638,2264.3968674437497
17405,68,2,883.01,1,New / Promising,314.305418013361,506.66570754352944
17406,328,13,4905.05,2,At-Risk,164.9446725099309,451.474114650148
17407,407,1,552.9,0,Lost / Hibernating,,
17408,159,3,316.09000000000003,0,Lost / Hibernating,10.843480185126875,28.694944242112644
17409,180,10,7793.51,2,At-Risk,785.5730517033746,987.9780447700027
17410,11,5,1214.72,1,New / Promising,336.53658054209495,231.6055622249995
17411,7,5,1425.38,1,New / Promising,138.65591882410115,273.8805861458692
17412,19,15,4231.12,3,Champions,436.0901680066654,271.4240550970132
17413,400,2,560.14,0,Lost / Hibernating,62.363963421144916,355.69404726151265
17414,39,6,2249.52,2,At-Risk,248.94045065447443,405.14977925411273
17415,75,1,507.84,1,New / Promising,,
17416,25,22,17298.45,3,Champions,1939.593506863157,1190.2236965219863
17417,544,1,164.18,0,Lost / Hibernating,,
17418,38,3,670.0600000000001,1,New / Promising,119.91299937284582,238.81866975683502
17419,6,18,6500.52,3,Champions,772.6725629745587,393.78816365269637
17420,45,6,1084.43,2,At-Risk,191.61732357318212,221.92035574864232
17421,381,3,1059.41,2,At-Risk,116.7822029113008,472.6105917851877
17422,11,11,3594.76,3,Champions,516.4571156803999,330.2649322544379
17423,41,3,1118.95,1,New / Promising,176.6799719800614,356.908344228643
17425,14,2,759.17,1,New / Promising,92.63633974598392,82.75264537280633
17426,3,13,8077.77,3,Champions,1015.9873205882236,1263.4423298749978
17427,67,1,100.8,0,Lost / Hibernating,,
17428,17,44,31404.16,3,Champions,3376.6204244263795,972.0474345470219
17429,123,5,1357.46,2,At-Risk,164.94308881476573,210.58585686507936
17430,28,4,735.17,1,New / Promising,104.1933617561416,179.30927629070584
17431,308,1,403.3,0,Lost / Hibernating,,
17432,13,9,1751.39,3,Champions,192.72961048796418,265.16526925327094
17433,83,2,569.96,1,New / Promising,96.28870862313583,318.16334135204744
17434,4,6,2052.48,3,Champions,1047.7654083821026,313.57511530845096
17435,406,1,331.35,0,Lost / Hibernating,,
17436,222,4,440.15999999999997,2,At-Risk,47.425052166785335,125.5527357184372
17437,525,1,373.17,0,Lost / Hibernating,,
17438,249,5,1422.77,2,At-Risk,150.8648678004329,293.4465079249697
17439,651,1,325.74,0,Lost / Hibernating,,
17440,152,4,323.58,0,Lost / Hibernating,35.724847430992035,99.57387973483175
17441,727,1,293.35,0,Lost / Hibernating,,
17442,32,15,4620.3,3,Champions,521.7476322988196,316.7475848386116
17443,215,1,534.24,0,Lost / Hibernating,,
17444,143,3,2940.04,2,At-Risk,627.327217978777,894.7931151564774
17446,172,2,120.9,0,Lost / Hibernating,21.94953152791523,65.16960060100519
17447,35,2,541.53,1,New / Promising,182.79287153064107,182.64252903329736
17448,492,46,14556.97,3,Champions,0.00025695042119855426,832.1019762792355
17449,40,12,4525.46,3,Champions,497.45364120787417,424.2888139364202
17450,3,51,246973.09,3,Champions,37344.45229999336,6927.31655364479
17451,11,6,1427.22,1,New / Promising,686.9687085429247,365.5689493182839
17453,13,2,486.71999999999997,1,New / Promising,171.7490532430088,158.05658194720988
17454,187,10,1547.94,2,At-Risk,155.51887289231794,155.81702972629117
17455,199,1,131.7,0,Lost / Hibernating,,
17456,360,2,1225.42,2,At-Risk,100.93325686043516,516.7911160845322
17457,122,14,5984.8099999999995,3,Champions,624.3121660708838,434.2801655640394
17458,11,2,529.58,1,New / Promising,103.44575974859345,331.64367567709496
17459,38,2,657.3,1,New / Promising,401.7454779081861,372.47878137988147
17460,89,16,2228.27,3,Champions,237.81607290182967,133.5047326552927
17461,18,3,757.46,1,New / Promising,580.4197260101158,390.6580328422206
17462,55,2,675.69,1,New / Promising,88.82914043357104,226.32730061289294
17463,11,7,2557.91,3,Champions,315.29239743162725,353.94764444736916
17464,153,3,1000.94,2,At-Risk,111.63271255578542,344.96618349040017
17465,421,7,2542.79,2,At-Risk,132.65624612525,430.11776409686547
17466,6,2,763.28,1,New / Promising,313.00807092390926,317.87029060585076
17467,391,1,102.6,0,Lost / Hibernating,,
17468,5,3,194.8,1,New / Promising,38.84359934817042,74.73458749224078
17469,12,17,5051.25,3,Champions,554.5270692013328,363.724434307704
17470,40,11,2804.87,3,Champions,406.36521693757413,250.22060370671966
17471,470,1,321.65000000000003,0,Lost / Hibernating,,
17472,186,4,935.1,2,At-Risk,105.28726989568136,241.4984121453271
17473,404,2,607.0,0,Lost / Hibernating,51.690442937705896,323.96372508711283
17474,595,1,1047.0,0,Lost / Hibernating,,
17475,74,1,194.37,0,Lost / Hibernating,,
17476,391,2,489.86,0,Lost / Hibernating,37.761379356644966,243.72845181808927
17477,608,2,1144.3,2,At-Risk,33.958850889184674,428.73441945150034
17478,403,2,1272.8,2,At-Risk,97.9404477798189,584.3746812763748
17479,628,1,389.26000000000005,0,Lost / Hibernating,,
17480,73,2,902.03,1,New / Promising,142.4040670049195,529.0184058396353
17481,11,3,1083.19,1,New / Promising,610.7633750651394,419.30814455073255
17482,482,2,778.19,0,Lost / Hibernating,75.75544297980898,542.6907389294324
17483,61,4,591.73,1,New / Promising,93.1074039523785,142.40454652069528
17484,571,2,209.57,0,Lost / Hibernating,8.426713819347743,88.33071474868807
17486,256,1,396.87,0,Lost / Hibernating,,
17487,723,1,160.55,0,Lost / Hibernating,,
17488,636,1,336.5,0,Lost / Hibernating,,
17489,54,2,376.64,1,New / Promising,89.50637096267269,181.66232481326014
17490,59,6,1979.3999999999999,2,At-Risk,253.49271942016537,328.2737186827284
17491,10,16,5538.17,3,Champions,723.6249594790092,367.22743666469637
17492,243,3,1122.42,2,At-Risk,138.5981883602008,391.79493416304683
17493,380,1,100.91000000000001,0,Lost / Hibernating,,
17494,497,1,54.699999999999996,0,Lost / Hibernating,,
17495,3,3,806.72,1,New / Promising,128.706702626371,255.9578819274614
17496,354,4,1412.89,2,At-Risk,123.5003674961313,357.8822757923631
17497,385,2,287.25,0,Lost / Hibernating,16.616996392753755,95.3336170629744
17498,71,1,272.22,0,Lost / Hibernating,,
17499,285,2,1341.39,2,At-Risk,129.35327830431578,641.2467364348212
17500,12,3,1138.0,1,New / Promising,1066.7142093102384,433.09993287806356
17501,216,2,288.6,0,Lost / Hibernating,,
17502,5,4,689.1,1,New / Promising,549.0367310623724,158.61412872548738
17503,34,1,340.43,1,New / Promising,,
17504,202,18,9565.12,3,Champions,724.7623475479674,661.0673625070956
17505,157,5,2435.48,2,At-Risk,232.36499673489018,509.4348450318844
17506,71,1,302.2,0,Lost / Hibernating,,
17507,257,2,605.58,0,Lost / Hibernating,76.66783384458279,279.62211562811086
17508,276,8,4579.23,2,At-Risk,379.0338121127354,569.4141339270874
17509,53,8,6115.14,3,Champions,1486.7474349648328,908.715583693907
17510,20,2,514.56,1,New / Promising,92.59860240968483,323.5393067650349
17511,12,58,168224.23,3,Champions,18423.92081017633,3440.8979572014136
17512,24,18,5467.820000000001,3,Champions,532.1343601838176,288.6015996719543
17513,67,3,1158.8,2,At-Risk,163.25032477277443,393.7953466099411
17514,123,2,542.83,0,Lost / Hibernating,41.346823630791036,222.65911368636202
17515,26,9,1617.46,3,Champions,226.01200905371167,183.4551235482517
17516,10,6,957.55,1,New / Promising,179.15317799158566,195.4514684840636
17517,304,1,153.94,0,Lost / Hibernating,,
17518,421,2,329.42,0,Lost / Hibernating,31.29213561569736,189.5342741679918
17519,12,15,5109.47,3,Champions,552.4802745040157,344.02160954876075
17520,49,1,546.81,1,New / Promising,,
17521,25,5,1278.06,1,New / Promising,212.37600368197837,261.8442607060485
17522,134,4,912.25,2,At-Risk,238.0666661426214,259.73502836087124
17523,6,4,652.74,1,New / Promising,582.515554764638,208.69688132910383
17524,356,3,539.14,0,Lost / Hibernating,31.035695446243714,158.33952749526185
17525,355,3,1161.9,2,At-Risk,85.8133600542882,372.5849432785502
17526,286,11,3842.94,2,At-Risk,226.86882809228052,347.68118121352467
17527,49,4,939.37,1,New / Promising,242.88034178684057,220.41525146913963
17528,13,7,3428.0,3,Champions,1713.2115280033815,467.4955869670965
17529,605,2,1240.25,2,At-Risk,40.61782578328895,397.8125131286777
17530,11,11,2925.7,3,Champions,315.9322774435041,297.4230476301505
17531,185,3,1266.82,2,At-Risk,115.66977991108195,361.0649801421644
17532,381,1,65.34,0,Lost / Hibernating,,
17533,430,1,34.8,0,Lost / Hibernating,,
17534,49,5,1668.83,2,At-Risk,166.09454943500953,295.3489591971113
17535,275,1,164.4,0,Lost / Hibernating,,
17536,172,3,364.83,0,Lost / Hibernating,50.80865834345438,171.76464349046392
17537,25,2,897.62,1,New / Promising,106.05698796826945,281.54210327560645
17538,21,1,98.42,1,New / Promising,,
17539,613,4,1226.57,2,At-Risk,17.11328723946896,293.2546782317382
17540,20,6,1590.6000000000001,1,New / Promising,190.82129727455649,256.76282871850793
17541,505,1,124.46,0,Lost / Hibernating,,
17542,265,3,341.7,0,Lost / Hibernating,33.98376293281901,184.3604127178986
17543,545,1,120.05,0,Lost / Hibernating,,
17544,385,3,960.69,2,At-Risk,,
17545,38,6,1448.54,2,At-Risk,199.2805765890419,563.1468465738949
17547,371,2,727.85,0,Lost / Hibernating,56.9777475325176,338.5152104155
17548,229,4,731.26,2,At-Risk,101.41349248706382,186.99929475723846
17549,19,2,148.86,1,New / Promising,160.62381304201602,133.74347521102965
17550,192,9,2547.64,2,At-Risk,276.7379256152433,376.94921999787204
17551,354,1,306.84,0,Lost / Hibernating,,
17552,55,12,3085.29,3,Champions,365.2190576296677,335.56931784874695
17553,125,4,3757.6,2,At-Risk,452.74394437204114,987.8583557973011
17554,12,4,1714.15,1,New / Promising,476.9465839925011,318.91037272425893
17555,15,5,1057.74,1,New / Promising,142.4548185941978,228.79073642972284
17556,201,2,300.67,0,Lost / Hibernating,48.84884904602905,171.375233101942
17557,10,4,575.46,1,New / Promising,73.55628299848502,185.02577979627534
17558,388,1,259.17,0,Lost / Hibernating,,
17559,508,1,167.62,0,Lost / Hibernating,,
17560,90,8,1895.8,2,At-Risk,219.26887807397588,240.97139285815288
17561,15,4,722.34,1,New / Promising,71.91025102513889,181.2158924394329
17562,9,7,1122.38,1,New / Promising,342.65699156708615,139.23677702185404
17563,573,2,392.38,0,Lost / Hibernating,3.8539465391440246,44.70657435796075
17564,19,3,454.01,1,New / Promising,274.4787221968232,174.19730586306892
17565,582,1,131.83,0,Lost / Hibernating,,
17566,3,2,901.21,1,New / Promising,799.808190321433,503.8867780537332
17567,2,9,5356.03,3,Champions,915.4492221174446,608.4318905053404
17568,628,1,382.79,0,Lost / Hibernating,,
17569,327,1,344.14,0,Lost / Hibernating,,
17570,377,1,100.0,0,Lost / Hibernating,,
17571,45,5,1703.75,2,At-Risk,251.3838528969966,378.53545830097846
17572,66,10,723.01,2,At-Risk,79.57932270848727,74.79664678225676
17573,25,3,380.6,1,New / Promising,157.32927129652623,109.35981700644743
17574,238,1,185.65,0,Lost / Hibernating,,
17575,662,1,171.7,0,Lost / Hibernating,,
17576,3,41,9056.81,3,Champions,981.5644644717336,230.25495233278357
17577,641,2,348.75,0,Lost / Hibernating,16.246269412218464,250.65051254721786
17578,213,7,1047.33,2,At-Risk,137.34087654966137,226.2365890696276
17579,133,3,575.24,2,At-Risk,49.08635878347246,142.0147910453211
17580,248,5,545.27,2,At-Risk,56.01956335305059,100.14843519108918
17581,29,40,17773.07,3,Champions,1976.9816420650413,966.2566770797193
17582,231,5,1450.7,2,At-Risk,155.24479179841612,290.46625158428935
17583,555,1,135.95,0,Lost / Hibernating,,
17584,2,6,5309.42,3,Champions,643.7109436296769,973.8398260582225
17585,104,7,2093.3,2,At-Risk,303.78701894689647,293.44099571936056
17586,615,1,167.4,0,Lost / Hibernating,,
17587,623,1,181.66,0,Lost / Hibernating,,
17588,95,7,2939.55,2,At-Risk,346.59719040437665,425.5285074910115
17589,55,18,14049.87,3,Champions,1728.5782892656598,896.7904682238456
17590,12,2,1158.29,1,New / Promising,1110.3821913730612,829.2337375209228
17591,68,8,2776.67,2,At-Risk,332.4033744765053,378.31421857599906
17592,734,1,148.3,0,Lost / Hibernating,,
17593,87,10,7417.6,3,Champions,764.4920594149794,732.6564821460919
17594,80,4,2497.88,2,At-Risk,297.0176876500716,634.8266337465029
17595,7,2,388.79,1,New / Promising,340.28047950143264,245.1330743602044
17596,18,13,4920.67,3,Champions,523.6593119934282,371.5724455126302
17597,209,5,3484.09,2,At-Risk,457.3361026768117,797.064712078468
17598,376,1,409.98,0,Lost / Hibernating,,
17599,473,1,52.05,0,Lost / Hibernating,,
17600,13,1,161.67000000000002,1,New / Promising,,
17601,234,2,421.48,0,Lost / Hibernating,35.23465191324589,129.04455807373796
17602,18,13,6362.44,3,Champions,812.1926458014573,542.6536684558803
17603,73,4,1793.48,2,At-Risk,200.4901859084382,506.86593064202054
17604,212,6,945.9300000000001,2,At-Risk,98.21460679807129,160.4422835633712
17605,585,1,160.75,0,Lost / Hibernating,,
17606,732,1,87.30000000000001,0,Lost / Hibernating,,
17607,372,1,333.81,0,Lost / Hibernating,,
17608,29,4,498.53,1,New / Promising,58.773751337552,173.5539571364296
17609,36,11,1894.34,3,Champions,217.1892120740219,219.00586890171576
17610,535,5,1529.49,2,At-Risk,33.987292592298886,291.54155012941294
17611,2,28,8371.98,3,Champions,888.8308247267571,315.17849072645765
17612,48,18,5394.86,3,Champions,598.3970689447963,323.5324522129432
17613,18,14,4559.150000000001,3,Champions,1009.2165255593168,398.81929940759244
17614,52,1,390.07,1,New / Promising,,
17615,125,6,733.2,2,At-Risk,107.04789324123439,124.69786153170527
17616,169,4,1060.8,2,At-Risk,173.94587273263076,304.15249474498887
17617,554,1,395.33,0,Lost / Hibernating,,
17618,1,11,4073.2400000000002,3,Champions,457.1107969633896,365.2383406219124
17619,307,1,218.52,0,Lost / Hibernating,,
17620,55,1,81.44,0,Lost / Hibernating,,
17621,16,6,3175.12,3,Champions,380.21067033082113,381.7931493490365
17622,593,2,1130.21,2,At-Risk,23.42041150709619,409.28191302292726
17623,28,7,2383.67,3,Champions,270.00876723926325,367.02199576739446
17624,10,4,1568.63,1,New / Promising,170.8067988186005,422.6302912150128
17625,13,8,6067.8,3,Champions,657.2138932614935,773.2029199855059
17626,598,1,254.0,0,Lost / Hibernating,,
17627,474,1,296.36,0,Lost / Hibernating,,
17628,76,1,75.75,0,Lost / Hibernating,,
17629,1,10,2455.52,3,Champions,414.1046751611319,236.63606866460205
17630,165,2,503.59999999999997,0,Lost / Hibernating,72.98614334557269,181.68253520954957
17631,132,6,886.66,2,At-Risk,101.40661290391623,167.31860046780886
17633,26,7,2057.39,3,Champions,364.24075640881915,284.60733554387167
17634,32,9,2361.9700000000003,3,Champions,373.54903838973223,198.76003964434457
17635,419,3,1265.58,2,At-Risk,86.88253993241577,371.1675656151728
17636,14,1,285.56,1,New / Promising,,
17637,27,2,547.0600000000001,1,New / Promising,170.57477841022205,222.1134329865475
17638,642,2,842.4,0,Lost / Hibernating,22.218116277507313,248.27579098321024
17639,271,6,615.17,2,At-Risk,68.13713862863962,149.21150066571215
17640,82,6,3168.94,2,At-Risk,382.62029341956753,542.4596666795961
17642,115,5,1824.49,2,At-Risk,194.33173605105054,389.80478757574605
17643,368,2,541.25,0,Lost / Hibernating,41.48872647689674,217.05072871604614
17644,31,19,5695.84,3,Champions,641.6061845738304,339.14211577922913
17646,214,12,4149.79,2,At-Risk,346.1759958852962,339.0464309618892
17647,60,3,331.65999999999997,1,New / Promising,27.484139410577416,146.27392091047417
17648,56,5,2216.37,2,At-Risk,421.5120466125103,605.1637004010436
17649,133,3,1578.89,2,At-Risk,184.55360534738,449.85715674224775
17650,16,1,166.08,1,New / Promising,,
17651,7,16,5703.52,3,Champions,846.6801338823982,415.8992924560266
17652,21,12,4867.72,3,Champions,1253.2506532874572,423.77479893762165
17653,32,4,1207.56,1,New / Promising,598.790330895253,353.22946340134655
17654,272,1,117.55,0,Lost / Hibernating,,
17655,6,9,3652.48,3,Champions,663.5837213436596,419.362106357508
17656,69,5,1674.69,2,At-Risk,635.4126627529103,337.07756101346604
17657,425,1,126.0,0,Lost / Hibernating,,
17658,21,2,595.42,1,New / Promising,147.1578061515974,292.55676925334393
17659,12,14,3834.79,3,Champions,673.7293508768873,252.62161787269844
17660,136,2,359.47,0,Lost / Hibernating,35.64887621174253,209.8760380332997
17662,657,2,412.92,0,Lost / Hibernating,5.905467900068505,72.36450168004106
17663,21,17,5175.83,3,Champions,598.7012810979634,290.2088954489106
17664,14,4,1166.23,1,New / Promising,134.43522713977075,290.69914360432153
17665,489,1,563.1,0,Lost / Hibernating,,
17666,61,4,1728.72,2,At-Risk,253.5224513830383,477.9957482215582
17667,61,9,3950.7,3,Champions,464.13353782120987,501.8450747585463
17668,33,1,161.85,1,New / Promising,,
17669,38,10,6142.35,3,Champions,639.9780289465101,517.0593231333761
17670,223,1,205.7,0,Lost / Hibernating,,
17671,11,5,2403.34,1,New / Promising,457.69240632456456,495.93600202241174
17672,45,7,5778.63,3,Champions,748.4534721426704,1137.4544815894315
17673,62,12,4121.11,3,Champions,472.04997090735776,354.2649169586255
17674,69,2,851.7,1,New / Promising,83.64360857229151,264.8281055442506
17675,3,69,37530.68,3,Champions,4188.725317457895,620.3354840670556
17676,53,9,2418.2400000000002,2,At-Risk,284.09824372392666,257.914516626152
17677,24,52,35988.75,3,Champions,3983.844447989987,1060.0250407344072
17678,259,2,599.76,0,Lost / Hibernating,60.75172425292082,313.06021628896724
17679,48,7,3577.61,2,At-Risk,384.2318102294625,626.1639440080249
17680,19,3,497.45,1,New / Promising,56.30894709619781,142.28620378937202
17681,592,5,731.2,2,At-Risk,7.214352292992094,132.42324373507836
17682,5,11,4456.78,3,Champions,544.0790036232013,409.9238595879284
17683,381,3,819.01,2,At-Risk,42.979866948239035,163.1045664904671
17684,39,1,239.41,1,New / Promising,,
17685,12,12,5943.17,3,Champions,678.327995448594,483.9089821094267
17686,2,9,8296.81,3,Champions,1142.5464266223107,1170.9702194724646
17687,416,1,432.68,0,Lost / Hibernating,,
17688,389,1,304.2,0,Lost / Hibernating,,
17689,383,2,317.08,0,Lost / Hibernating,29.941494333257573,164.48348796724753
17690,25,20,7448.1,3,Champions,883.68361088286,398.2937512756767
17691,353,4,780.0500000000001,2,At-Risk,69.50730828534526,207.08231819049718
17692,122,12,2975.8,2,At-Risk,381.1820968166317,264.6646403822868
17693,132,1,200.47,0,Lost / Hibernating,,
17694,137,3,1695.97,2,At-Risk,194.94995243219398,551.2649997787745
17695,127,5,1746.04,2,At-Risk,193.77369176390397,364.4061858094605
17696,33,27,7679.59,3,Champions,826.1465959294535,315.95871263067676
17697,231,1,338.95,0,Lost / Hibernating,,
17698,256,1,154.95,0,Lost / Hibernating,,
17699,472,2,442.0,0,Lost / Hibernating,38.94864223991199,273.8419422893349
17700,12,14,6679.97,3,Champions,692.9880807430744,500.0113694906492
17701,248,1,417.95,0,Lost / Hibernating,,
17702,25,6,3144.04,3,Champions,494.30381202248583,466.28105824541495
17703,30,4,1094.84,1,New / Promising,177.27441716339987,271.08441185671506
17704,164,2,885.19,2,At-Risk,204.47839798586597,514.9519700221942
17705,25,10,1865.9,3,Champions,262.6540785511489,198.9958635725119
17706,39,30,19974.14,3,Champions,2121.892841386465,843.6449410701858
17707,180,8,609.3000000000001,2,At-Risk,64.51023359891093,81.54858725235692
17708,183,4,887.9300000000001,2,At-Risk,116.6064394612556,198.37878271858858
17709,165,5,671.01,2,At-Risk,62.63168315888237,108.08910137046277
17710,419,1,293.5,0,Lost / Hibernating,,
17711,6,2,385.1,1,New / Promising,70.15718000012737,178.11540026446576
17712,40,1,522.91,1,New / Promising,,
17713,377,4,1198.09,2,At-Risk,88.01287948353716,303.33632923570923
17714,316,5,1410.18,2,At-Risk,110.31090535287241,270.26868590455695
17715,196,2,489.59999999999997,0,Lost / Hibernating,69.1502680212881,341.64782184036113
17716,18,24,15956.97,3,Champions,1755.1315471093026,813.5226410680417
17717,417,1,376.92,0,Lost / Hibernating,,
17718,227,2,439.18,0,Lost / Hibernating,28.454472053181938,152.63009054349882
17719,33,15,5396.04,3,Champions,1371.7803587631006,345.10670213014293
17720,21,10,2768.91,3,Champions,387.86655869485367,294.56084803497515
17721,654,1,307.21000000000004,0,Lost / Hibernating,,
17722,91,5,4430.36,2,At-Risk,749.0721067846123,838.650442060156
17723,122,7,3378.4000000000005,2,At-Risk,664.8092676010872,548.9676806293168
17724,66,3,1033.0,1,New / Promising,360.2023309986168,337.5525946482671
17725,11,11,3439.08,3,Champions,881.0765071151893,311.6305332859936
17726,390,7,1092.06,2,At-Risk,47.14424166598609,166.1067310691643
17727,10,1,1060.25,1,New / Promising,,
17728,61,4,3650.91,2,At-Risk,541.0284278656618,893.902318952397
17729,591,1,438.65000000000003,0,Lost / Hibernating,,
17730,24,19,7111.1,3,Champions,946.3259501459474,398.8001644044
17731,74,6,1708.99,2,At-Risk,184.93274692267488,337.7743745228933
17732,368,8,2470.39,2,At-Risk,17.27427854097222,350.4666046692754
17733,34,2,692.19,1,New / Promising,208.49673448875507,492.053591026274
17734,49,6,1442.32,2,At-Risk,157.6492121142699,226.93472481622123
17735,32,25,16351.33,3,Champions,2578.329320268371,699.9690457954207
17736,4,3,377.44,1,New / Promising,53.168133322917456,41.03417177257821
17737,4,2,168.24,1,New / Promising,107.48501680738823,93.51468139692601
17738,14,13,4183.56,3,Champions,511.5895008655175,468.3696292347174
17739,7,18,7730.59,3,Champions,842.3819433559906,431.5043091078776
17740,384,6,426.9,2,At-Risk,27.564081015284955,75.81608674323701
17741,402,2,101.1,0,Lost / Hibernating,12.644611732489302,72.14218732085736
17742,108,11,2098.48,2,At-Risk,215.06162166564056,189.35924520639855
17743,443,1,229.2,0,Lost / Hibernating,,
17744,21,6,1918.76,1,New / Promising,356.49621006864254,321.4114309879471
17745,473,2,600.34,0,Lost / Hibernating,17.36527339233999,124.09301098282845
17746,235,4,904.1800000000001,2,At-Risk,81.18641618229827,256.9832189605428
17747,108,1,71.4,0,Lost / Hibernating,,
17748,522,1,358.15,0,Lost / Hibernating,,
17749,173,3,1026.18,2,At-Risk,123.12681573303615,344.9008433853508
17750,31,8,1684.25,3,Champions,568.3849504490787,196.42657501254166
17751,416,1,157.85999999999999,0,Lost / Hibernating,,
17752,354,1,80.64,0,Lost / Hibernating,,
17753,459,4,390.56,0,Lost / Hibernating,41.09244125355264,186.8732862426348
17754,33,12,4376.54,3,Champions,483.4017804470262,410.702670353303
17756,371,3,733.7,2,At-Risk,35.6602245279603,286.2354813749255
17757,9,54,9005.9,3,Champions,1047.1264906577362,171.1537101342573
17758,14,12,5012.53,3,Champions,683.6581252159228,510.5084123615193
17759,12,5,1276.91,1,New / Promising,189.1511391309724,386.82604690628506
17760,17,6,918.93,1,New / Promising,112.23537510615101,197.7850417836207
17761,28,1,712.78,1,New / Promising,,
17762,451,1,129.75,0,Lost / Hibernating,,
17763,258,4,86.15,0,Lost / Hibernating,11.77058098574201,40.104331816107276
17764,46,5,1623.64,2,At-Risk,181.94755879255297,361.11010751846413
17765,154,4,530.8,2,At-Risk,74.75969014747686,128.3022769013384
17766,376,2,299.61,0,Lost / Hibernating,,
17767,10,2,413.05,1,New / Promising,83.70747661407952,285.8671280815437
17768,3,7,3509.51,3,Champions,384.5259804259915,623.9252829814271
17769,8,17,7103.08,3,Champions,833.0506433281855,428.0266907364516
17770,194,5,1143.27,2,At-Risk,115.43189364408724,184.57086787307026
17771,52,4,387.41,1,New / Promising,61.688308400153026,128.1450646925837
17772,6,3,384.77,1,New / Promising,59.88083964286619,196.506860887844
17773,509,2,585.27,0,Lost / Hibernating,30.973028085396145,223.03300601771642
17774,92,9,3328.05,2,At-Risk,355.08182627759044,349.6538959342338
17775,250,1,56.4,0,Lost / Hibernating,,
17776,382,2,338.56,0,Lost / Hibernating,21.46315978888639,135.91609281214303
17777,20,3,665.86,1,New / Promising,335.962655645987,242.68881444052482
17778,657,1,197.70000000000002,0,Lost / Hibernating,,
17779,16,3,658.57,1,New / Promising,191.86215599341318,174.49384941675427
17780,662,3,352.91,0,Lost / Hibernating,11.823621006722943,207.66299963960748
17781,154,2,188.02,0,Lost / Hibernating,38.688581361090144,98.73906883774278
17782,378,2,679.02,0,Lost / Hibernating,,
17783,67,3,379.91,1,New / Promising,58.02605509009986,148.352781235104
17784,545,1,112.86,0,Lost / Hibernating,,
17785,48,3,403.38,1,New / Promising,54.2407134277379,150.69497269302536
17786,81,2,278.74,0,Lost / Hibernating,63.04025922642701,177.42824679062525
17787,148,4,2601.4700000000003,2,At-Risk,256.7832994586711,381.524316036579
17788,69,2,1117.9,1,New / Promising,765.5312180758962,1124.5985740927479
17789,277,2,397.15,0,Lost / Hibernating,42.94802207005078,240.0905804859925
17790,22,20,2783.61,3,Champions,388.12344851600716,152.24682945179637
17791,25,1,106.1,1,New / Promising,,
17792,462,2,370.05,0,Lost / Hibernating,13.679480705436891,132.07611751715197
17793,20,1,323.04,1,New / Promising,,
17794,682,2,147.3,0,Lost / Hibernating,1.1105958547161565,25.4561718922819
17795,175,2,350.39,0,Lost / Hibernating,74.08179015488273,200.92283247708372
17796,35,7,1361.99,2,At-Risk,245.20982625406435,205.596915180077
17797,17,8,1985.87,3,Champions,220.28022344404445,298.66505973166534
17798,577,1,183.09,0,Lost / Hibernating,,
17799,17,20,6341.89,3,Champions,695.7412821926414,375.5550503914572
17800,33,9,1199.01,2,At-Risk,254.56388883401894,134.50642722129714
17801,446,3,798.3299999999999,2,At-Risk,45.6068850487129,201.21292621999456
17802,77,10,5053.12,3,Champions,539.1296962803767,568.4723917088191
17803,387,1,184.66,0,Lost / Hibernating,,
17804,371,3,385.23,0,Lost / Hibernating,34.0394048249429,136.69711172669273
17805,69,2,927.03,1,New / Promising,107.96277876227269,529.5135605487262
17806,6,1,546.04,1,New / Promising,,
17807,390,3,437.87,0,Lost / Hibernating,32.62571689319518,130.62048195710705
17808,544,4,262.64,0,Lost / Hibernating,1.035640476727458,51.02076900626686
17809,12,20,11337.39,3,Champions,1213.887577467698,663.8307401681208
17810,664,2,374.81,0,Lost / Hibernating,4.247440061575001,76.62889529711006
17811,3,46,9453.7,3,Champions,1627.2051447448941,214.74597059284773
17812,8,7,1165.8899999999999,1,New / Promising,176.07362531529796,179.67527316823782
17813,9,5,1770.8799999999999,1,New / Promising,1116.446024076812,369.95312212731204
17814,370,2,1617.32,2,At-Risk,148.63634289745906,834.5793873394762
17815,388,1,591.96,0,Lost / Hibernating,,
17816,32,6,112.32,1,New / Promising,12.43611715775777,19.917702953767208
17817,272,5,689.87,2,At-Risk,88.95932892929511,199.83048694411062
17818,733,1,130.18,0,Lost / Hibernating,,
17819,67,12,6612.5199999999995,3,Champions,708.7946868580414,553.1699846383203
17820,369,1,183.56,0,Lost / Hibernating,,
17821,401,1,334.62,0,Lost / Hibernating,,
17822,415,5,2188.5,2,At-Risk,189.05693035913112,1111.2698177398709
17823,416,2,494.25,0,Lost / Hibernating,,
17824,46,1,298.4,1,New / Promising,,
17825,594,4,731.96,2,At-Risk,31.712061124179332,279.0966453245858
17826,369,1,134.59,0,Lost / Hibernating,,
17827,237,5,1976.4,2,At-Risk,249.53984451957228,801.9247212337025
17828,18,4,1820.09,1,New / Promising,425.66359808424045,334.0328492302154
17829,294,5,4756.74,2,At-Risk,410.52761053724805,866.788673919262
17830,257,2,287.65000000000003,0,Lost / Hibernating,29.95648292487386,112.00719400175134
17831,28,1,35.400000000000006,0,Lost / Hibernating,,
17832,45,1,155.37,1,New / Promising,,
17833,718,1,342.36,0,Lost / Hibernating,,
17834,410,2,730.47,0,Lost / Hibernating,48.5552369527271,332.947246237763
17835,5,2,236.5,1,New / Promising,226.85127149336967,139.80659409785764
17836,42,1,110.21000000000001,0,Lost / Hibernating,,
17837,37,8,1593.38,2,At-Risk,612.0248760809159,212.49761849607307
17838,22,13,6722.900000000001,3,Champions,841.0166584256034,571.2379931282857
17839,37,1,338.8,1,New / Promising,,
17840,439,1,185.72,0,Lost / Hibernating,,
17841,2,209,69074.93000000001,3,Champions,7588.149912341779,360.8400927323101
17842,597,1,430.69,0,Lost / Hibernating,,
17843,298,2,326.23,0,Lost / Hibernating,51.39068852803466,219.4557658744879
17844,102,1,51.559999999999995,0,Lost / Hibernating,,
17845,550,4,598.19,2,At-Risk,13.268395168990551,158.23847551381476
17846,80,1,2033.1,1,New / Promising,,
17847,511,2,129.69,0,Lost / Hibernating,13.88423191642965,101.79083867744619
17848,76,30,3650.9,3,Champions,379.17492434055407,129.21245577552548
17849,213,8,1063.76,2,At-Risk,109.1400712960129,147.65137677321752
17850,367,155,56600.08,3,Champions,1.3795524253951967,2469.7764672534604
17851,417,6,1563.34,2,At-Risk,79.541699300469,252.12316866785997
17852,7,5,663.21,1,New / Promising,78.1619931089632,196.29822965804777
17853,402,3,1608.19,2,At-Risk,125.47814925950489,520.4747318147697
17854,180,6,1071.45,2,At-Risk,116.22710080622738,237.41819002486295
17855,368,1,417.94,0,Lost / Hibernating,,
17856,229,3,1142.63,2,At-Risk,139.59316834793816,337.5123853528521
17857,12,22,25702.64,3,Champions,3261.3678722942614,1329.4827094429716
17858,1,30,12797.65,3,Champions,1391.8511962772955,454.81873944626466
17859,300,1,148.21,0,Lost / Hibernating,,
17860,364,4,1015.54,2,At-Risk,97.97298815635344,387.28646691464456
17861,20,17,4689.11,3,Champions,505.6832473196679,291.65649314059243
17862,319,4,1279.09,2,At-Risk,148.86426723370118,381.3068948968119
17863,54,12,5745.2,3,Champions,698.8468257113407,493.3133368507537
17864,8,5,924.32,1,New / Promising,149.77993628372047,181.44752216330596
17865,26,46,26374.39,3,Champions,2880.734606056533,758.9603579574823
17866,138,3,1134.95,2,At-Risk,141.752391411908,501.1792961775161
17867,25,15,1621.2800000000002,3,Champions,179.49304491975116,140.771512653595
17868,381,1,234.65,0,Lost / Hibernating,,
17869,102,7,1036.16,2,At-Risk,140.94790786450278,178.90472347117645
17870,10,12,2843.24,3,Champions,420.05741352876817,246.26185316077547
17871,200,5,1118.99,2,At-Risk,113.71458121074437,224.3742421721293
17872,377,1,235.87,0,Lost / Hibernating,,
17873,75,18,6515.88,3,Champions,682.8691647043079,424.2305380496238
17874,181,6,683.46,2,At-Risk,176.59667940750856,316.6437610324884
17875,683,1,167.1,0,Lost / Hibernating,,
17876,395,3,3424.02,2,At-Risk,337.1242751432058,1336.1102369833604
17877,166,1,237.61,0,Lost / Hibernating,,
17878,39,3,1412.33,1,New / Promising,118.71113227886816,395.2558979980652
17879,169,1,178.51999999999998,0,Lost / Hibernating,,
17880,360,3,824.9200000000001,2,At-Risk,84.72711376059209,334.2453801003867
17881,299,1,133.35000000000002,0,Lost / Hibernating,,
17882,374,2,313.46,0,Lost / Hibernating,,
17883,9,6,810.98,1,New / Promising,92.74255572057255,163.97454743590274
17884,307,19,2958.28,2,At-Risk,42.123450277571024,201.62072126491165
17885,7,1,190.19,1,New / Promising,,
17886,27,6,1608.38,1,New / Promising,222.9426279000705,295.7900858097684
17887,124,1,111.35,0,Lost / Hibernating,,
17888,16,25,1820.44,3,Champions,204.42435514488017,76.81438375163376
17889,207,7,774.87,2,At-Risk,106.31032824543342,193.03267338838953
17890,318,2,602.09,0,Lost / Hibernating,29.34159762497611,138.2604987817165
17891,157,1,203.85999999999999,0,Lost / Hibernating,,
17892,51,3,244.1,1,New / Promising,57.810404907709675,57.143020748196186
17893,220,1,112.25,0,Lost / Hibernating,,
17894,67,18,2453.38,3,Champions,386.8543046339251,145.8906206649945
17895,39,1,98.0,0,Lost / Hibernating,,
17896,18,1,256.32,1,New / Promising,,
17897,168,9,2585.0,2,At-Risk,318.22554467066954,333.2243043565584
17898,80,4,299.18,1,New / Promising,32.43976880464017,65.55788090515802
17899,154,1,155.8,0,Lost / Hibernating,,
17900,185,2,112.19999999999999,0,Lost / Hibernating,,
17901,24,3,260.08,1,New / Promising,29.190015021854407,123.35533151826438
17902,542,1,216.39999999999998,0,Lost / Hibernating,,
17903,389,1,381.09000000000003,0,Lost / Hibernating,,
17904,17,1,191.67,1,New / Promising,,
17905,66,13,2383.52,3,Champions,274.3754796803184,201.89845354410227
17906,242,1,72.9,0,Lost / Hibernating,,
17907,636,1,291.76,0,Lost / Hibernating,,
17908,369,5,1411.54,2,At-Risk,99.50729349540454,256.2471939198928
17909,733,1,132.55,0,Lost / Hibernating,,
17910,721,1,261.7,0,Lost / Hibernating,,
17911,4,1,366.23,1,New / Promising,,
17912,305,6,375.5,2,At-Risk,12.333088173407571,80.88580274522864
17913,54,14,3479.64,3,Champions,369.69280381386267,268.06431628909326
17915,546,1,242.13,0,Lost / Hibernating,,
17916,624,2,43.87,0,Lost / Hibernating,3.119130403977449,30.417824181336137
17917,40,3,341.28,1,New / Promising,64.59139936854933,121.66386140342489
17918,496,3,396.39,0,Lost / Hibernating,5.759013369684554,141.81374456824625
17919,83,2,1840.32,2,At-Risk,360.9149286648236,1329.5724132601124
17920,3,53,24213.170000000002,3,Champions,2619.7917809238706,476.4361430348313
17921,59,10,2423.5,2,At-Risk,366.1874345510773,252.46882686053308
17922,538,1,170.4,0,Lost / Hibernating,,
17923,277,3,497.0,0,Lost / Hibernating,53.301483357374444,161.4358807307463
17924,7,8,3536.7000000000003,3,Champions,673.7390512878516,651.9957273310494
17925,368,1,488.16,0,Lost / Hibernating,,
17926,128,5,1035.49,2,At-Risk,133.007223845049,217.78709863696713
17927,717,1,294.0,0,Lost / Hibernating,,
17928,40,3,341.24,1,New / Promising,40.24298961507467,112.70221468781588
17929,6,12,3082.1,3,Champions,318.59538828680434,270.4206325428323
17930,31,13,4275.22,3,Champions,527.0908214800365,337.25517442189494
17931,129,14,3437.29,2,At-Risk,379.3562474368567,309.4812958653517
17932,24,3,1331.57,1,New / Promising,312.6915159575699,379.0988491357735
17933,627,1,114.69,0,Lost / Hibernating,,
17934,47,3,1049.15,1,New / Promising,173.01180306394818,359.84362279393497
17935,133,7,686.14,2,At-Risk,71.40292654957982,118.56308856624806
17937,4,7,4301.22,3,Champions,667.0115207841254,487.4041982420594
17938,415,1,144.29,0,Lost / Hibernating,,
17939,155,1,99.14,0,Lost / Hibernating,,
17940,44,16,30393.19,3,Champions,2988.2670903666512,2003.518337888496
17941,126,4,1433.28,2,At-Risk,139.5273353850347,344.61289638534487
17942,3,1,77.50000000000001,1,New / Promising,,
17944,418,1,75.41,0,Lost / Hibernating,,
17945,692,3,360.35,0,Lost / Hibernating,,
17946,228,2,149.57999999999998,0,Lost / Hibernating,44.26485991321863,145.2330855015687
17947,33,1,176.68,1,New / Promising,,
17948,143,1,358.56000000000006,0,Lost / Hibernating,,
17949,3,116,116684.08,3,Champions,12780.720620982625,1664.4507043007075
17950,67,7,1432.81,2,At-Risk,167.35095187292677,262.80741390760267
17951,35,4,1636.0800000000002,1,New / Promising,296.07931595917944,440.104260971066
17952,373,4,819.61,2,At-Risk,84.72118793612432,454.9776190333208
17953,535,1,160.82,0,Lost / Hibernating,,
17954,63,18,3673.09,3,Champions,382.94461448847983,210.24937028337757
17955,194,6,949.9,2,At-Risk,123.44879890560553,234.7587686813291
17956,244,1,12.75,0,Lost / Hibernating,,
17957,61,1,111.68,0,Lost / Hibernating,,
17958,112,2,973.88,2,At-Risk,90.69705812814584,525.6230592630116
17959,587,1,140.75,0,Lost / Hibernating,,
17960,166,3,135.08,0,Lost / Hibernating,21.353609689701482,68.2910479019936
17961,16,100,2995.54,3,Champions,332.2818577133121,36.210941352642116
17962,137,4,687.42,2,At-Risk,46.65725863564791,158.87253814804265
17963,466,4,651.51,2,At-Risk,38.23375685655526,163.59474529646042
17964,27,2,733.46,1,New / Promising,71.01799724589354,223.96268424703004
17965,33,29,7240.9800000000005,3,Champions,794.7230360744712,258.64235963234427
17966,33,10,1974.42,3,Champions,204.66656579924063,266.07685089300196
17967,367,2,357.28999999999996,0,Lost / Hibernating,46.80173689345605,260.5435015308922
17968,369,4,888.04,2,At-Risk,70.87904605868664,257.256427367526
17969,162,20,2369.94,2,At-Risk,194.46219231997287,120.07795858329723
17970,206,1,582.59,0,Lost / Hibernating,,
17971,543,1,161.94,0,Lost / Hibernating,,
17972,237,1,136.04,0,Lost / Hibernating,,
17973,47,1,337.04,1,New / Promising,,
17974,20,6,1858.06,1,New / Promising,345.64516760924823,330.4783087715892
17975,10,24,7028.83,3,Champions,1132.4087678562303,301.0937235438691
17976,367,1,706.38,0,Lost / Hibernating,,
17977,24,2,1565.6299999999999,1,New / Promising,90.341286212869,302.98533373868804
17978,360,4,1461.76,2,At-Risk,151.09725657771938,451.68444536912426
17979,31,4,757.71,1,New / Promising,185.96861249428795,265.24622916831686
17980,161,4,1033.42,2,At-Risk,175.14437226694176,275.3358313743153
17981,406,1,239.12,0,Lost / Hibernating,,
17982,676,1,138.18,0,Lost / Hibernating,,
17983,390,1,171.71,0,Lost / Hibernating,,
17984,140,5,1191.27,2,At-Risk,120.20516837965664,244.01034660685556
17985,17,1,634.95,1,New / Promising,,
17986,51,1,20.8,0,Lost / Hibernating,,
17987,180,5,1003.64,2,At-Risk,126.20591962034928,205.0364140238126
17988,7,14,489.54,3,Champions,39.583915179626985,33.68318175334197
17989,374,1,228.82999999999998,0,Lost / Hibernating,,
17990,232,6,1527.6100000000001,2,At-Risk,137.96835844960663,241.82372460726393
17991,220,3,320.55,0,Lost / Hibernating,17.24939570668043,52.795390681453746
17992,385,1,254.13,0,Lost / Hibernating,,
17993,612,1,235.19,0,Lost / Hibernating,,
17994,117,11,2313.32,2,At-Risk,229.09578266658053,175.26457222892364
17995,277,3,495.48,0,Lost / Hibernating,31.69116982570746,87.47590797685594
17996,375,3,482.33,0,Lost / Hibernating,43.28759468007829,233.55251728636298
17997,69,8,1970.6699999999998,2,At-Risk,601.6133434699171,237.47190275215107
17998,375,3,639.24,2,At-Risk,52.528034897772415,211.76786626642132
17999,32,3,730.9,1,New / Promising,150.5897726356995,293.5736777881555
18000,559,1,124.25,0,Lost / Hibernating,,
18001,7,6,953.84,1,New / Promising,99.9873197704917,197.74744393239263
18002,371,4,249.92,0,Lost / Hibernating,23.92615010710338,72.6826044082961
18003,371,1,358.61,0,Lost / Hibernating,,
18004,357,1,169.47,0,Lost / Hibernating,,
18005,42,1,139.97,1,New / Promising,,
18006,18,4,997.86,1,New / Promising,126.20783012492817,313.8059933506492
18007,388,1,220.32,0,Lost / Hibernating,,
18008,65,23,19787.13,3,Champions,2300.69108392327,987.5751059337919
18009,230,8,2155.83,2,At-Risk,225.84846475557936,319.7650025208978
18010,252,1,174.8,0,Lost / Hibernating,,
18011,368,2,527.03,0,Lost / Hibernating,40.46689919419595,219.55681785593504
18012,718,1,115.3,0,Lost / Hibernating,,
18013,150,2,187.29,0,Lost / Hibernating,,
18014,23,1,166.42,1,New / Promising,,
18016,27,7,1960.46,3,Champions,230.34136171643794,295.6715324788489
18017,76,4,688.0,2,At-Risk,112.37109203269033,178.851019426889
18018,103,4,297.99,1,New / Promising,35.73087692992955,56.3224998759729
18019,47,1,38.45,0,Lost / Hibernating,,
18020,539,1,190.48000000000002,0,Lost / Hibernating,,
18021,505,2,227.06,0,Lost / Hibernating,10.436449465881822,129.4487659995265
18022,31,5,1651.79,1,New / Promising,242.92735762325628,367.1232571915441
18024,148,2,389.78,0,Lost / Hibernating,,
18025,375,6,1177.72,2,At-Risk,80.08785872133184,233.3475959985679
18026,496,2,2074.07,2,At-Risk,115.88048181429168,1354.441305894252
18027,94,1,115.31,0,Lost / Hibernating,,
18028,578,1,192.05,0,Lost / Hibernating,,
18029,637,1,433.77,0,Lost / Hibernating,,
18030,37,1,121.1,1,New / Promising,,
18031,374,1,462.09999999999997,0,Lost / Hibernating,,
18032,329,1,73.5,0,Lost / Hibernating,,
18033,60,1,97.97,0,Lost / Hibernating,,
18034,17,3,793.7,1,New / Promising,138.65116589818712,439.1427735405551
18035,31,5,1276.74,1,New / Promising,188.453372368693,372.9870362326997
18036,27,11,1563.6399999999999,3,Champions,180.1169206594792,167.3637191153001
18037,149,15,167.42,2,At-Risk,16.604239587309984,12.099009217005078
18038,551,1,149.41,0,Lost / Hibernating,,
18039,370,4,579.17,2,At-Risk,52.87755467621373,157.17580426241253
18040,14,2,357.20000000000005,1,New / Promising,58.90559634292327,131.2575964674302
18041,7,38,8752.38,3,Champions,977.3475756578634,235.60811190408876
18042,49,2,281.15,1,New / Promising,40.68486402866456,178.60044977541202
18043,20,3,875.97,1,New / Promising,67.72690259385139,128.0370347266959
18044,32,17,3294.71,3,Champions,475.32421407979393,203.41617430710332
18045,41,1,189.4,1,New / Promising,,
18046,645,1,189.63,0,Lost / Hibernating,,
18047,377,2,342.69,0,Lost / Hibernating,,
18048,198,3,401.73,0,Lost / Hibernating,43.644347133815515,185.91661323218446
18049,432,2,556.52,0,Lost / Hibernating,48.81812317796061,298.77146611234264
18050,354,2,412.06,0,Lost / Hibernating,15.766618016932556,86.99682859358592
18051,629,7,2282.28,2,At-Risk,0.4759822777850913,327.34649011433856
18052,560,1,10877.18,2,At-Risk,,
18053,66,3,571.07,1,New / Promising,65.49616908733574,171.67417257578026
18054,388,1,176.5,0,Lost / Hibernating,,
18055,2,14,11195.57,3,Champions,1912.086717371586,818.68949740146
18056,283,2,554.6,0,Lost / Hibernating,71.26399357909864,379.2896849294182
18057,388,3,1203.56,2,At-Risk,116.54324623653466,461.3670675547798
18058,5,3,774.06,1,New / Promising,75.95805787273206,243.5432619680927
18059,18,3,306.46,1,New / Promising,169.06099368722516,97.54331031637632
18060,403,2,1185.46,2,At-Risk,129.10384654464207,740.4595718196164
18061,17,28,6488.97,3,Champions,699.0414331474199,238.11269192587
18062,168,6,1632.67,2,At-Risk,172.22277105938406,244.83198799215486
18063,386,2,186.60000000000002,0,Lost / Hibernating,16.639522128240472,97.30413070119349
18064,128,11,4495.03,2,At-Risk,501.09897103066896,507.4504846636023
18065,1,29,5866.63,3,Champions,643.5772271159738,348.44053350042947
18066,70,3,1440.4,2,At-Risk,165.0246738428009,352.22898747472715
18067,35,1,396.33,1,New / Promising,,
18068,284,1,101.69999999999999,0,Lost / Hibernating,,
18069,21,11,4540.56,3,Champions,548.2687496521469,462.37050902626174
18070,664,1,314.1,0,Lost / Hibernating,,
18071,253,6,1428.63,2,At-Risk,141.98289463882614,304.05912806495326
18072,181,1,247.44,0,Lost / Hibernating,,
18073,109,12,3877.5200000000004,2,At-Risk,507.25132167638947,425.6268965784435
18074,369,2,1509.04,2,At-Risk,191.39899184110163,1001.3151567272457
18075,18,20,5783.29,3,Champions,836.2276343971515,272.1154720640141
18076,375,1,151.49,0,Lost / Hibernating,,
18077,3,18,4338.56,3,Champions,475.70828022375315,243.5980643791605
18078,212,4,844.6,2,At-Risk,69.47128048335935,161.74499313813396
18079,40,5,4242.75,2,At-Risk,694.8912533851932,1225.4729020378738
18080,14,2,1231.5,1,New / Promising,184.01909415693623,405.91688204073773
18081,31,3,343.45,1,New / Promising,138.93425946911947,121.57841665066812
18082,21,1,703.37,1,New / Promising,,
18083,393,1,470.72999999999996,0,Lost / Hibernating,,
18084,11,3,812.93,1,New / Promising,52.798502872756046,104.73072187180026
18085,325,4,1645.75,2,At-Risk,175.8594582461775,467.85388828657483
18086,269,1,101.34,0,Lost / Hibernating,,
18087,93,17,14761.519999999999,3,Champions,1616.672669505784,1106.9226586545726
18088,56,1,167.67000000000002,0,Lost / Hibernating,,
18089,442,1,428.45,0,Lost / Hibernating,,
18090,417,1,349.4,0,Lost / Hibernating,,
18091,588,1,360.85,0,Lost / Hibernating,,
18092,34,17,15617.6,3,Champions,1666.539156288199,970.7864896095025
18093,88,8,4452.71,2,At-Risk,567.9072769207514,588.7614784501707
18094,77,13,6391.52,3,Champions,674.129232966082,617.2129486102577
18095,308,5,2303.09,2,At-Risk,150.86668745667643,324.2792524554226
18096,7,6,1805.28,1,New / Promising,266.14549640174874,311.0217991509885
18097,3,11,4663.32,3,Champions,540.1668610742221,500.9962985883579
18098,391,1,550.84,0,Lost / Hibernating,,
18099,122,1,168.31,0,Lost / Hibernating,,
18100,545,1,451.56,0,Lost / Hibernating,,
18101,6,5,629.16,1,New / Promising,72.69365732978024,132.4324567789465
18102,7,142,597336.11,3,Champions,66157.45028918238,9299.349534131095
18103,544,1,105.8,0,Lost / Hibernating,,
18104,32,1,754.64,1,New / Promising,,
18105,33,1,113.48000000000002,1,New / Promising,,
18106,325,6,1461.46,2,At-Risk,141.19770482392641,390.9704283243077
18107,438,1,167.13,0,Lost / Hibernating,,
18108,249,3,848.8100000000001,2,At-Risk,49.74222885432934,184.586382565909
18109,2,37,9201.29,3,Champions,1371.0149914500562,256.98161203407136
18110,15,2,435.43,1,New / Promising,73.1619863851084,250.59998655649431
18111,585,1,405.85,0,Lost / Hibernating,,
18112,7,4,775.96,1,New / Promising,109.46254405859375,212.62153984364116
18113,364,1,152.64000000000001,0,Lost / Hibernating,,
18114,285,1,220.1,0,Lost / Hibernating,,
18115,693,1,9.700000000000001,0,Lost / Hibernating,,
18116,63,13,2154.3,3,Champions,368.1152342184414,161.7679348537121
18117,21,1,320.72,1,New / Promising,,
18118,6,29,6733.22,3,Champions,1343.143232458695,236.329336600307
18119,363,1,362.24,0,Lost / Hibernating,,
18120,209,1,111.15,0,Lost / Hibernating,,
18121,145,2,673.1,0,Lost / Hibernating,17.142688698912536,35.30874008337737
18122,4,6,1826.21,1,New / Promising,798.7908965492717,344.4594182805828
18123,19,3,684.59,1,New / Promising,119.13472324424066,302.1382577115419
18124,467,1,111.53,0,Lost / Hibernating,,
18125,25,4,1142.99,1,New / Promising,166.1106468152297,200.10142713366656
18126,56,1,206.82999999999998,0,Lost / Hibernating,,
18127,14,4,561.53,1,New / Promising,88.33414160347792,181.15351396985687
18128,532,1,420.04,0,Lost / Hibernating,,
18129,238,1,112.55000000000001,0,Lost / Hibernating,,
18130,10,3,1059.39,1,New / Promising,720.7362541745981,380.59161922805384
18131,627,1,222.95999999999998,0,Lost / Hibernating,,
18132,499,1,226.9,0,Lost / Hibernating,,
18133,207,1,931.4999999999999,0,Lost / Hibernating,,
18134,593,2,445.0,0,Lost / Hibernating,16.78653618576499,156.1669098941485
18135,24,10,1249.6200000000001,3,Champions,144.1541895535555,119.07230488065116
18136,58,5,1631.3600000000001,2,At-Risk,187.12832866776054,240.69421612853762
18137,546,2,145.99,0,Lost / Hibernating,,
18138,290,1,152.65,0,Lost / Hibernating,,
18139,13,6,8438.34,3,Champions,3159.263060696513,1856.7606004698055
18140,469,1,536.41,0,Lost / Hibernating,,
18141,397,2,882.47,0,Lost / Hibernating,76.79280411322088,440.4766596956573
18142,152,2,1019.52,2,At-Risk,324.66890156066825,756.6076784548683
18143,112,2,1000.16,2,At-Risk,314.4546814941267,537.2642475257213
18144,3,19,5058.0,3,Champions,519.9926523597295,263.2312636435846
18145,8,11,5617.79,3,Champions,626.542579493031,532.5324988602371
18146,136,2,160.35000000000002,0,Lost / Hibernating,42.39574481607001,96.3946628681693
18147,41,2,179.33999999999997,1,New / Promising,73.34180571274288,93.12057866928217
18148,642,1,114.10000000000001,0,Lost / Hibernating,,
18149,46,7,1624.71,2,At-Risk,175.35903893684346,211.88616066884407
18150,27,3,566.58,1,New / Promising,150.6266092437451,176.26305841501247
18151,130,6,1879.44,2,At-Risk,179.720879327369,265.9399360065931
18152,641,1,426.69,0,Lost / Hibernating,,
18153,654,1,246.22,0,Lost / Hibernating,,
18154,39,4,753.9,1,New / Promising,109.54913513045655,192.765972371985
18155,70,3,371.62,1,New / Promising,84.91839013164626,135.39533578763343
18156,8,2,941.1700000000001,1,New / Promising,175.18336658811546,546.0860855060561
18157,566,1,215.35,0,Lost / Hibernating,,
18158,4,2,453.4,1,New / Promising,112.74902115111192,122.56712606297674
18159,296,1,530.15,0,Lost / Hibernating,,
18160,52,3,1003.88,1,New / Promising,163.6319146423267,326.5754569999832
18161,10,6,1803.1000000000001,1,New / Promising,364.09293574717157,326.75655986703055
18162,727,1,379.16,0,Lost / Hibernating,,
18163,579,1,728.84,0,Lost / Hibernating,,
18164,33,1,399.65000000000003,1,New / Promising,,
18165,172,1,302.46000000000004,0,Lost / Hibernating,,
18166,619,1,175.5,0,Lost / Hibernating,,
18167,18,3,1384.8600000000001,1,New / Promising,606.9462666877416,451.38510996801625
18168,171,16,3770.27,2,At-Risk,332.81677526979644,235.1192551665193
18169,56,1,202.65,0,Lost / Hibernating,,
18170,28,9,2878.0,3,Champions,326.13402543642627,329.34121329410533
18171,54,9,2437.31,2,At-Risk,263.873367518913,268.6998013824517
18172,10,52,17479.84,3,Champions,1958.28681165396,507.75638417101385
18173,82,5,2696.36,2,At-Risk,313.92415306284386,531.0147972182242
18174,2,2,162.5,1,New / Promising,24.351711795629647,116.90821510193729
18175,671,1,176.1,0,Lost / Hibernating,,
18176,353,1,476.35,0,Lost / Hibernating,,
18177,26,9,2216.87,3,Champions,227.68735322105434,237.06613689008574
18178,124,11,6103.74,3,Champions,696.6102004851518,563.5628023372093
18179,4,8,2547.55,3,Champions,297.55625810551754,322.602793912177
18180,55,5,1533.02,2,At-Risk,583.4107652489654,311.8268441286776
18181,19,5,1205.94,1,New / Promising,116.55858444804726,230.25955915103373
18182,458,1,291.13,0,Lost / Hibernating,,
18183,222,2,632.07,0,Lost / Hibernating,105.82133035153235,334.4428155631806
18184,10,1,49.8,1,New / Promising,,
18185,244,1,304.25,0,Lost / Hibernating,,
18186,718,1,329.58,0,Lost / Hibernating,,
18187,627,1,724.89,0,Lost / Hibernating,,
18188,10,6,3280.59,3,Champions,430.6960683340204,599.7549589162804
18189,73,3,1403.73,2,At-Risk,181.31960983251582,553.8484470091856
18190,187,5,745.62,2,At-Risk,70.22800291404756,141.59129333811038
18191,257,2,529.4,0,Lost / Hibernating,51.23623374597004,221.8001718440614
18192,67,1,957.97,1,New / Promising,,
18193,160,3,1207.35,2,At-Risk,114.55596682353303,268.8449611079557
18194,77,6,4162.04,2,At-Risk,465.62854000149264,710.1608305664297
18195,382,1,101.16,0,Lost / Hibernating,,
18196,90,4,1464.31,2,At-Risk,177.42221980886322,395.73027881490174
18197,571,1,230.1,0,Lost / Hibernating,,
18198,26,16,5107.110000000001,3,Champions,1099.3661917919799,321.44049716849304
18199,679,1,344.75,0,Lost / Hibernating,,
18200,101,1,163.8,0,Lost / Hibernating,,
18201,718,1,447.53000000000003,0,Lost / Hibernating,,
18202,195,3,1396.99,2,At-Risk,303.34684256076287,932.6604405320635
18203,153,4,504.42,2,At-Risk,52.802477313233304,136.1495075766257
18204,66,3,1993.7,2,At-Risk,628.762154745292,731.7896577061601
18205,31,2,517.36,1,New / Promising,302.14172849901473,306.4817322967589
18206,548,1,314.65999999999997,0,Lost / Hibernating,,
18207,494,1,544.47,0,Lost / Hibernating,,
18208,561,1,360.08,0,Lost / Hibernating,,
18209,24,1,139.10000000000002,1,New / Promising,,
18210,5,6,2590.93,3,Champions,545.2600455325519,492.05872890262197
18211,21,5,600.07,1,New / Promising,140.32794363127837,118.7744106894873
18212,321,2,546.72,0,Lost / Hibernating,45.12646237769317,262.84748670788684
18213,232,1,232.48000000000002,0,Lost / Hibernating,,
18214,526,4,1780.34,2,At-Risk,6.25369860782488,357.40060434426357
18215,84,5,2247.4900000000002,2,At-Risk,212.8745268213678,366.1106217318008
18216,26,1,481.75,1,New / Promising,,
18217,24,4,945.04,1,New / Promising,117.41483344254851,219.39169964192826
18218,207,4,1142.0,2,At-Risk,118.02649352368711,284.9123963459042
18219,38,16,3320.52,3,Champions,366.282648509186,227.34699399478237
18220,222,6,1921.76,2,At-Risk,195.39971555064668,336.66318605724774
18221,17,6,1424.94,1,New / Promising,229.156515643379,211.09975545977647
18222,88,1,443.0,0,Lost / Hibernating,,
18223,35,25,13422.130000000001,3,Champions,1382.3306338048271,532.7916385358325
18224,259,1,158.95000000000002,0,Lost / Hibernating,,
18225,16,25,12723.98,3,Champions,1436.1912372770498,551.3874467072527
18226,39,26,11878.88,3,Champions,1454.1402657172912,478.08742496029276
18227,213,2,388.75,0,Lost / Hibernating,25.172037328444844,106.55038700360616
18228,52,2,779.9,1,New / Promising,345.08870112962285,375.1061328975069
18229,7,28,10803.710000000001,3,Champions,1178.8835337262897,401.4838743500218
18230,4,9,4291.06,3,Champions,647.7745808288304,502.4977897836351
18231,187,28,6880.97,3,Champions,177.430058581173,276.13482549547825
18232,77,4,592.97,2,At-Risk,190.96631738865068,166.18038438938333
18233,321,1,440.0,0,Lost / Hibernating,,
18234,547,1,179.6,0,Lost / Hibernating,,
18235,67,3,1796.48,2,At-Risk,544.8501323123899,692.4599406284033
18236,25,12,1795.3500000000001,3,Champions,221.3001410750751,174.69108356668758
18237,60,4,861.35,1,New / Promising,277.5082537409489,183.8583955227564
18238,511,1,270.92,0,Lost / Hibernating,,
18239,214,6,2150.36,2,At-Risk,297.0304757660103,403.1195521995528
18240,42,1,422.58,1,New / Promising,,
18241,5,21,2986.9900000000002,3,Champions,371.9758134333043,139.19150954415508
18242,67,8,3605.21,2,At-Risk,416.06343401081045,549.3466715308166
18243,409,1,515.78,0,Lost / Hibernating,,
18244,426,2,568.64,0,Lost / Hibernating,44.31200872190147,280.45074187597737
18245,2,20,6324.9800000000005,3,Champions,788.0115745810731,430.74180835516404
18246,19,3,758.8199999999999,1,New / Promising,103.29909629161003,305.4856815548372
18247,410,3,839.73,2,At-Risk,82.64862324954095,334.45145273938834
18248,118,2,804.02,2,At-Risk,161.82449896778294,322.6096285357213
18249,12,1,95.34,1,New / Promising,,
18250,305,1,349.27,0,Lost / Hibernating,,
18251,82,9,26278.86,3,Champions,2787.3969002076697,3291.419404154308
18252,46,7,1542.09,2,At-Risk,144.90568823161522,196.49612485375116
18253,638,1,317.88,0,Lost / Hibernating,,
18254,576,1,267.9,0,Lost / Hibernating,,
18255,84,2,303.15,0,Lost / Hibernating,30.4662564515011,116.20085123180736
18256,383,1,110.7,0,Lost / Hibernating,,
18257,34,12,4600.15,3,Champions,548.3462708243253,425.5891676436461
18258,459,6,2059.67,2,At-Risk,22.22992470701213,299.92336442986283
18259,20,7,4318.200000000001,3,Champions,484.86433915740076,663.399558994089
18260,168,23,9962.11,3,Champions,677.9562747784422,460.48642701796865
18261,38,2,324.24,1,New / Promising,95.63763996625052,112.30024474794803
18262,135,3,577.54,2,At-Risk,64.87095144792266,194.5984971242338
18263,21,3,1213.1599999999999,1,New / Promising,331.60323398503454,461.0252885437526
18264,494,1,603.25,0,Lost / Hibernating,,
18265,67,2,801.51,1,New / Promising,196.6996806026026,328.06643553386647
18266,429,1,251.1,0,Lost / Hibernating,,
18267,668,1,269.37,0,Lost / Hibernating,,
18268,129,6,1490.23,2,At-Risk,137.33121459118433,225.8184005621344
18269,361,1,337.2,0,Lost / Hibernating,,
18270,33,3,444.55,1,New / Promising,67.7604586375769,148.19194405344413
18271,605,2,680.85,0,Lost / Hibernating,55.69544373192091,505.25097980326956
18272,41,8,4018.1,3,Champions,456.89010651020635,485.69248142381207
18273,91,3,306.0,1,New / Promising,28.42003985190097,82.7764465752326
18274,25,1,175.92,1,New / Promising,,
18275,573,2,741.85,0,Lost / Hibernating,46.725155344108984,384.9081750978788
18276,39,6,1656.52,2,At-Risk,180.15013945780854,290.6373575202583
18277,53,5,1180.05,2,At-Risk,160.74981770203004,285.8590145390442
18278,69,2,414.20000000000005,1,New / Promising,54.78244297361228,187.5435501334833
18279,514,1,231.33999999999997,0,Lost / Hibernating,,
18280,273,2,488.15000000000003,0,Lost / Hibernating,48.83681763462717,194.31403289044124
18281,176,2,201.14,0,Lost / Hibernating,19.47279917864099,93.48436580249185
18282,3,2,178.05,1,New / Promising,66.5130785473785,90.4730167553673
18283,5,21,2528.65,3,Champions,309.09729051596804,143.557979243695
18284,427,1,461.68,0,Lost / Hibernating,,
18285,656,1,427.0,0,Lost / Hibernating,,
18286,472,2,1296.43,2,At-Risk,124.54361339789457,854.0622093624834
18287,38,7,4182.99,3,Champions,484.1464277119984,625.9174307526341
